ts_code,tied,has_ocf,n_ends,cur,prv,prv_missing,prv_zero,prv_neg,cur_neg,computable,date
000001.SZ,False,True,59,161942000000.0,28330000000.0,False,False,False,False,True,20240812
301136.SZ,False,True,20,69613570.32,79733565.48999998,False,False,False,False,True,20240812
603915.SH,True,True,29,580607999.94,404988937.7,False,False,False,False,True,20240812
000002.SZ,False,True,59,-3128501526.1200004,-3673071379.59,False,False,True,True,True,20240812
301137.SZ,False,True,19,-28690375.67,120536725.60000001,False,False,False,True,True,20240812
603916.SH,True,True,37,605755585.46,211889772.07999998,False,False,False,False,True,20240812
000006.SZ,False,True,59,486235471.94,1625570608.0599997,False,False,False,False,True,20240812
301138.SZ,False,True,20,47024156.000000015,128098693.63999999,False,False,False,False,True,20240812
603917.SH,True,True,35,-9376233.290000007,123667904.17999998,False,False,False,True,True,20240812
000007.SZ,False,True,59,146922404.37,158274649.10000002,False,False,False,False,True,20240812
301139.SZ,False,True,23,-184253264.92999998,4739168.979999989,False,False,False,True,True,20240812
603918.SH,True,True,44,37478925.22999999,104504478.69,False,False,False,False,True,20240812
000008.SZ,False,True,59,-637976.7999999821,183968794.56999996,False,False,False,True,True,20240812
301148.SZ,False,True,27,84812923.41,2617430.850000009,False,False,False,False,True,20240812
603919.SH,True,True,42,443490302.5,498441883.05,False,False,False,False,True,20240812
000009.SZ,False,True,59,3152726734.66,3586080300.86,False,False,False,False,True,20240812
301149.SZ,False,True,27,200541894.2,147176926.62,False,False,False,False,True,20240812
603920.SH,True,True,38,1122805764.46,1234335034.8700001,False,False,False,False,True,20240812
000010.SZ,False,True,59,-183544611.37,-43942552.40999997,False,False,True,True,True,20240812
301150.SZ,False,True,24,-440047518.18999994,-176434774.65,False,False,True,True,True,20240812
603922.SH,True,True,37,221352550.03,81928177.71000001,False,False,False,False,True,20240812
000011.SZ,False,True,59,-420898427.6200001,-78794323.19999999,False,False,True,True,True,20240812
301151.SZ,False,True,19,-377615017.22,130899786.24,False,False,False,True,True,20240812
603926.SH,True,True,38,203904361.48000002,311436417.24,False,False,False,False,True,20240812
000012.SZ,False,True,59,3234645854.0,1572747295.0,False,False,False,False,True,20240812
301152.SZ,False,True,24,-253486893.07000002,-671183658.59,False,False,True,True,True,20240812
603927.SH,True,True,45,428242411.22,575454380.6099999,False,False,False,False,True,20240812
000014.SZ,False,True,59,25371343.900000036,803633522.0500001,False,False,False,False,True,20240812
301153.SZ,False,True,21,16495096.949999988,221759489.24,False,False,False,False,True,20240812
603928.SH,True,True,40,162373408.97,383280551.39,False,False,False,False,True,20240812
000016.SZ,False,True,59,315313018.01,-308593640.3399999,False,False,True,False,True,20240812
301155.SZ,False,True,20,-90131510.25,62997069.16999996,False,False,False,True,True,20240812
603929.SH,True,True,39,868142326.8700001,835109750.0900002,False,False,False,False,True,20240812
000017.SZ,False,True,59,14008395.459999997,-287503963.17,False,False,True,False,True,20240812
301156.SZ,False,True,17,84741660.41000001,42442072.940000005,False,False,False,False,True,20240812
603931.SH,True,True,25,229814997.8,216795062.26999998,False,False,False,False,True,20240812
000019.SZ,False,True,59,343781859.5700001,355018615.99,False,False,False,False,True,20240812
301158.SZ,False,True,27,147044607.51000002,72473257.46000001,False,False,False,False,True,20240812
603933.SH,True,True,39,140049735.16,35316681.8,False,False,False,False,True,20240812
000020.SZ,False,True,59,59246837.24999999,87845603.75,False,False,False,False,True,20240812
301159.SZ,False,True,20,-69814946.03,-37525154.25999999,False,False,True,True,True,20240812
603936.SH,True,True,42,96130389.13,343662256.34000003,False,False,False,False,True,20240812
000021.SZ,False,True,59,1805839038.3600001,2552126356.1800003,False,False,False,False,True,20240812
301160.SZ,False,True,22,178120370.04,104201121.43,False,False,False,False,True,20240812
603937.SH,True,True,40,-196395506.92000002,179108190.54999998,False,False,False,True,True,20240812
000025.SZ,False,True,59,57411424.36,-50891410.78,False,False,True,False,True,20240812
301161.SZ,False,True,18,50869711.22,-14901039.999999998,False,False,True,False,True,20240812
603938.SH,True,True,39,175094350.77000004,614427744.0600001,False,False,False,False,True,20240812
000026.SZ,False,True,59,424272440.88,542502356.54,False,False,False,False,True,20240812
301162.SZ,False,True,19,63211618.81,39943359.19,False,False,False,False,True,20240812
603939.SH,True,True,45,5037706348.450001,4234712180.9,False,False,False,False,True,20240812
000027.SZ,True,True,59,15625077466.429998,8129826648.75,False,False,False,False,True,20240812
301163.SZ,False,True,19,166659483.87,-97835880.46000001,False,False,True,False,True,20240812
603948.SH,True,True,27,314089391.63,327078900.16,False,False,False,False,True,20240812
000028.SZ,False,True,59,2380240187.5299997,3005042554.5299997,False,False,False,False,True,20240812
301166.SZ,False,True,27,1274141.960000001,-40868925.98999998,False,False,True,False,True,20240812
603949.SH,True,True,32,95328637.80999999,74661888.87,False,False,False,False,True,20240812
000029.SZ,False,True,59,1128728664.17,-319801803.4599999,False,False,True,False,True,20240812
301167.SZ,False,True,20,33873766.88,22855121.509999998,False,False,False,False,True,20240812
603950.SH,True,True,27,335372452.29999995,184178127.52000004,False,False,False,False,True,20240812
000030.SZ,False,True,59,38052780.28999999,296122629.82,False,False,False,False,True,20240812
301168.SZ,False,True,28,252808671.3,178065773.31999996,False,False,False,False,True,20240812
603955.SH,True,True,38,140338734.61,98748620.42000002,False,False,False,False,True,20240812
000031.SZ,False,True,59,6468267123.820002,9188989900.119999,False,False,False,False,True,20240812
301169.SZ,False,True,26,-69675231.06,20917974.47,False,False,False,True,True,20240812
603956.SH,True,True,35,-127259092.07,-42133647.50999999,False,False,True,True,True,20240812
000032.SZ,False,True,59,511641273.57999945,-1295740186.8,False,False,True,False,True,20240812
301171.SZ,False,True,28,301223909.83,-225382701.72,False,False,True,False,True,20240812
603958.SH,True,True,42,45650870.00000001,-17438711.82,False,False,True,False,True,20240812
000034.SZ,False,True,59,-516702425.06,1484697109.0600002,False,False,False,True,True,20240812
301175.SZ,False,True,19,509153635.02,392237272.47,False,False,False,False,True,20240812
603959.SH,True,True,42,14984008.959999979,-72907491.16999999,False,False,True,False,True,20240812
000035.SZ,False,True,59,988531185.79,601568212.6300001,False,False,False,False,True,20240812
301177.SZ,False,True,20,183562879.95000002,390786040.38000005,False,False,False,False,True,20240812
603960.SH,True,True,38,155257510.72999996,128284033.87,False,False,False,False,True,20240812
000036.SZ,False,True,59,-168118246.6099999,1362771083.93,False,False,False,True,True,20240812
301178.SZ,False,True,29,81428.15999999642,-66140675.67999999,False,False,True,False,True,20240812
603966.SH,True,True,40,357806323.90999997,35997173.120000005,False,False,False,False,True,20240812
000037.SZ,False,True,59,-96351978.81,-50436170.58000001,False,False,True,True,True,20240812
301179.SZ,False,True,20,150802164.58999997,45779915.47999999,False,False,False,False,True,20240812
603967.SH,True,True,31,286452565.7,245000374.17000002,False,False,False,False,True,20240812
000039.SZ,False,True,59,3264561000.0,8973794000.0,False,False,False,False,True,20240812
301180.SZ,False,True,20,123118796.88000001,274730730.65999997,False,False,False,False,True,20240812
603968.SH,True,True,44,34635066.98999998,230328821.75,False,False,False,False,True,20240812
000042.SZ,False,True,59,2455499993.05,2774755555.35,False,False,False,False,True,20240812
301181.SZ,False,True,20,150252890.51,193790527.67000002,False,False,False,False,True,20240812
603969.SH,True,True,45,-36861491.98,427560531.14,False,False,False,True,True,20240812
000045.SZ,False,True,59,182198616.14000002,425203289.61,False,False,False,False,True,20240812
301182.SZ,False,True,20,-47920798.13,53105231.010000005,False,False,False,True,True,20240812
603970.SH,True,True,37,-625411818.22,687056700.73,False,False,False,True,True,20240812
000048.SZ,False,True,59,3863814.6100000143,599406218.01,False,False,False,False,True,20240812
301183.SZ,False,True,17,-25971853.419999994,-36233772.03,False,False,True,True,True,20240812
603976.SH,True,True,36,176635020.4,75673783.31,False,False,False,False,True,20240812
000049.SZ,False,True,59,1660285920.4999998,1996086458.82,False,False,False,False,True,20240812
301185.SZ,False,True,34,98161091.11,55567014.81,False,False,False,False,True,20240812
603977.SH,True,True,40,402883362.13,294945659.10999995,False,False,False,False,True,20240812
000050.SZ,False,True,59,5436850583.4,2901169037.28,False,False,False,False,True,20240812
301186.SZ,False,True,25,171965432.51999998,40628308.44,False,False,False,False,True,20240812
603978.SH,True,True,39,-291820802.84999996,-190813166.72,False,False,True,True,True,20240812
000055.SZ,False,True,59,165524914.99999997,490478714.21000004,False,False,False,False,True,20240812
301187.SZ,False,True,20,407468108.07,137607223.45,False,False,False,False,True,20240812
603979.SH,True,True,44,1301129633.5399997,1187277390.54,False,False,False,False,True,20240812
000056.SZ,False,True,59,351986600.46,300776492.41999996,False,False,False,False,True,20240812
301188.SZ,False,True,26,44186354.449999996,109772898.46,False,False,False,False,True,20240812
603980.SH,True,True,38,13257740.349999994,-35796153.69,False,False,True,False,True,20240812
000058.SZ,False,True,59,334182921.64,322335082.49,False,False,False,False,True,20240812
301189.SZ,False,True,25,41538670.95999999,43572394.419999994,False,False,False,False,True,20240812
603982.SH,True,True,31,-215648883.14999998,-726861201.27,False,False,True,True,True,20240812
000059.SZ,False,True,59,690280022.3900003,1134565489.1699998,False,False,False,False,True,20240812
301190.SZ,False,True,27,-137178925.48,59094875.230000004,False,False,False,True,True,20240812
603983.SH,True,True,33,319194550.57,112769084.25999999,False,False,False,False,True,20240812
000060.SZ,False,True,59,2293066405.04,637337686.79,False,False,False,False,True,20240812
301191.SZ,False,True,20,345865525.96,258801999.87000003,False,False,False,False,True,20240812
603985.SH,True,True,39,2271803.919999987,-271132982.09000003,False,False,True,False,True,20240812
000061.SZ,False,True,59,1156450379.11,725093057.25,False,False,False,False,True,20240812
301192.SZ,False,True,24,92875393.62,33131111.17,False,False,False,False,True,20240812
603986.SH,True,True,41,1790903556.6399999,1488033316.54,False,False,False,False,True,20240812
000062.SZ,False,True,59,403085370.6700002,2114617944.81,False,False,False,False,True,20240812
301193.SZ,False,True,20,245098648.35,596904009.96,False,False,False,False,True,20240812
603987.SH,True,True,41,378037510.37,489286642.14,False,False,False,False,True,20240812
000063.SZ,False,True,59,17980201000.0,10503963000.0,False,False,False,False,True,20240812
301195.SZ,False,True,16,203026994.38,146795730.68,False,False,False,False,True,20240812
603988.SH,True,True,46,20322564.41,-3736406.329999998,False,False,True,False,True,20240812
000065.SZ,False,True,59,767073432.58,900659408.15,False,False,False,False,True,20240812
301196.SZ,False,True,20,88031169.30000001,194635170.38000003,False,False,False,False,True,20240812
603989.SH,True,True,47,56119672.940000005,-21843765.78,False,False,True,False,True,20240812
000066.SZ,False,True,59,-323148135.1800002,841669359.26,False,False,False,True,True,20240812
301197.SZ,False,True,24,-44837282.21999999,-35930667.519999996,False,False,True,True,True,20240812
603990.SH,True,True,40,-321338420.27,-62771056.55,False,False,True,True,True,20240812
000068.SZ,False,True,59,189911766.61999997,210119449.56,False,False,False,False,True,20240812
301198.SZ,False,True,25,-45477208.92,13897794.979999999,False,False,False,True,True,20240812
603991.SH,True,True,38,-61309308.97,-42998975.48,False,False,True,True,True,20240812
000069.SZ,False,True,59,499254018.2999998,5718216502.96,False,False,False,False,True,20240812
301199.SZ,False,True,22,99768097.79,-99366469.57,False,False,True,False,True,20240812
603992.SH,True,True,28,564605626.2,418539063.7899999,False,False,False,False,True,20240812
000070.SZ,False,True,59,555652490.95,152007010.76999998,False,False,False,False,True,20240812
301200.SZ,False,True,18,92149937.14000005,683282734.99,False,False,False,False,True,20240812
603993.SH,True,True,56,17559358545.629997,15714192994.269999,False,False,False,False,True,20240812
000078.SZ,False,True,59,-513338310.40999997,-633106342.64,False,False,True,True,True,20240812
301201.SZ,False,True,22,150486763.46999997,100423137.61,False,False,False,False,True,20240812
603995.SH,True,True,28,1379415957.69,1281051145.98,False,False,False,False,True,20240812
000088.SZ,False,True,59,483001559.65,478423870.62,False,False,False,False,True,20240812
301206.SZ,False,True,34,79937511.24000001,52153163.13,False,False,False,False,True,20240812
603997.SH,True,True,45,1259606599.1999998,1222457563.8799999,False,False,False,False,True,20240812
000089.SZ,False,True,59,1472296335.6,747539327.29,False,False,False,False,True,20240812
301207.SZ,False,True,20,749184172.9200001,731605742.47,False,False,False,False,True,20240812
603998.SH,True,True,46,208738164.45999998,171287402.70999998,False,False,False,False,True,20240812
000090.SZ,False,True,59,3511500629.5099998,7130978028.37,False,False,False,False,True,20240812
301208.SZ,False,True,21,-10964726.430000007,85351670.28999999,False,False,False,True,True,20240812
603999.SH,True,True,42,199276323.97000003,15459355.810000002,False,False,False,False,True,20240812
000096.SZ,False,True,59,64574054.16,124526874.62,False,False,False,False,True,20240812
301211.SZ,False,True,21,121685168.35,205675148.43000004,False,False,False,False,True,20240812
605001.SH,True,True,25,103095917.79000002,-163184684.33999997,False,False,True,False,True,20240812
000099.SZ,False,True,59,646633720.97,582176029.0899999,False,False,False,False,True,20240812
301212.SZ,False,True,27,17545761.370000005,109020754.94999999,False,False,False,False,True,20240812
605003.SH,True,True,25,66225479.510000005,106375975.37000002,False,False,False,False,True,20240812
000100.SZ,False,True,59,27531310000.0,19825908000.0,False,False,False,False,True,20240812
301213.SZ,False,True,31,-55615420.62,-60062524.29,False,False,True,True,True,20240812
605005.SH,True,True,23,478541594.8299999,309411019.34000003,False,False,False,False,True,20240812
000151.SZ,False,True,59,490808718.57000005,165843561.18000004,False,False,False,False,True,20240812
301215.SZ,False,True,20,215893782.26,167352964.11999997,False,False,False,False,True,20240812
605006.SH,True,True,28,166256892.74,600933190.4000001,False,False,False,False,True,20240812
000153.SZ,False,True,59,241826978.02999997,394693105.56,False,False,False,False,True,20240812
301216.SZ,False,True,19,534400559.48,515497703.25999993,False,False,False,False,True,20240812
605007.SH,True,True,24,1520800079.4299998,-398531807.17999995,False,False,True,False,True,20240812
000155.SZ,False,True,59,1697187671.2,2517589301.29,False,False,False,False,True,20240812
301217.SZ,False,True,20,-280161904.0,-342633204.67,False,False,True,True,True,20240812
605008.SH,True,True,24,216536675.81,348359911.16999996,False,False,False,False,True,20240812
000156.SZ,False,True,59,1623578814.22,1964652778.9199998,False,False,False,False,True,20240812
301218.SZ,False,True,25,71531468.69,6737202.560000002,False,False,False,False,True,20240812
605009.SH,True,True,24,584810125.3100001,737990915.18,False,False,False,False,True,20240812
000157.SZ,False,True,59,2605911608.91,1498494497.2300003,False,False,False,False,True,20240812
301219.SZ,False,True,24,735738100.3799999,914832009.04,False,False,False,False,True,20240812
605011.SH,True,True,22,295840124.59000003,500642246.95,False,False,False,False,True,20240812
000158.SZ,False,True,59,679887398.94,455034312.6200001,False,False,False,False,True,20240812
301220.SZ,False,True,19,93523024.96000001,30456185.310000002,False,False,False,False,True,20240812
605016.SH,True,True,23,190774190.21000004,191101494.54,False,False,False,False,True,20240812
000159.SZ,False,True,59,-86095185.69,-299624305.52,False,False,True,True,True,20240812
301221.SZ,False,True,28,56944464.53,-27047365.119999997,False,False,True,False,True,20240812
605018.SH,True,True,24,361524884.65999997,164397664.5,False,False,False,False,True,20240812
000166.SZ,False,True,49,741098005.0800018,59908330852.34999,False,False,False,False,True,20240812
301222.SZ,False,True,23,46326148.36,151226863.22,False,False,False,False,True,20240812
605020.SH,True,True,25,608572073.37,329860318.87,False,False,False,False,True,20240812
000301.SZ,False,True,59,2777884676.12,2869447775.799999,False,False,False,False,True,20240812
301223.SZ,False,True,19,332101513.13,358376382.02,False,False,False,False,True,20240812
605028.SH,True,True,23,244795415.33999997,267408839.79000002,False,False,False,False,True,20240812
000333.SZ,False,True,59,61606107000.0,43047792000.0,False,False,False,False,True,20240812
301226.SZ,False,True,22,55889478.28,82283160.03,False,False,False,False,True,20240812
605033.SH,True,True,21,262711070.39,163070398.79999998,False,False,False,False,True,20240812
000338.SZ,False,True,59,27380843996.439995,11683717233.44,False,False,False,False,True,20240812
301227.SZ,False,True,26,105672517.05000001,67616596.46000001,False,False,False,False,True,20240812
605050.SH,True,True,24,-610869712.6099999,7594900.639999986,False,False,False,True,True,20240812
000400.SZ,False,True,59,2159311906.4700003,2902412975.25,False,False,False,False,True,20240812
301228.SZ,False,True,20,15626739.369999997,5254086.3000000045,False,False,False,False,True,20240812
605055.SH,True,True,24,381603889.97,129411733.53999998,False,False,False,False,True,20240812
000401.SZ,False,True,59,2833745402.93,2444333698.5,False,False,False,False,True,20240812
301229.SZ,False,True,22,99919170.26999998,123669132.13,False,False,False,False,True,20240812
605056.SH,True,True,21,185561640.04,117928292.85,False,False,False,False,True,20240812
000402.SZ,False,True,59,2288728201.8599997,13130422475.570002,False,False,False,False,True,20240812
301230.SZ,False,True,23,-36835427.53,92160189.74000001,False,False,False,True,True,20240812
605058.SH,True,True,24,231716754.3,191008241.09000003,False,False,False,False,True,20240812
000403.SZ,False,True,59,635480212.62,452361425.59999996,False,False,False,False,True,20240812
301233.SZ,False,True,25,-9076161.39,22302474.66,False,False,False,True,True,20240812
605060.SH,True,True,22,318920182.83,234278069.36,False,False,False,False,True,20240812
000404.SZ,False,True,59,655846393.23,613699628.43,False,False,False,False,True,20240812
301234.SZ,False,True,18,107256780.60000001,78775094.36999997,False,False,False,False,True,20240812
605066.SH,True,True,25,285178147.38,324990917.53000003,False,False,False,False,True,20240812
000407.SZ,False,True,59,313052582.87,327619465.31,False,False,False,False,True,20240812
301235.SZ,False,True,20,-105124906.65,-400025424.96,False,False,True,True,True,20240812
605068.SH,True,True,23,-97525696.21999998,4836876.799999997,False,False,False,True,True,20240812
000408.SZ,False,True,59,2040650839.8600004,3469433279.1999993,False,False,False,False,True,20240812
301236.SZ,False,True,19,1382312505.68,750897561.25,False,False,False,False,True,20240812
605069.SH,True,True,28,256217606.10999998,-104860090.66999999,False,False,True,False,True,20240812
000409.SZ,False,True,59,195600907.39,27750878.070000008,False,False,False,False,True,20240812
301237.SZ,False,True,29,10126806.64,64092100.78,False,False,False,False,True,20240812
605077.SH,True,True,23,306194614.84000003,561693915.0600001,False,False,False,False,True,20240812
000410.SZ,False,True,59,-93860815.66999999,-65263167.89999998,False,False,True,True,True,20240812
301238.SZ,False,True,18,-76732281.85000002,1207407494.5099998,False,False,False,True,True,20240812
605080.SH,True,True,23,246735529.39,135063990.40000004,False,False,False,False,True,20240812
000411.SZ,False,True,59,12606913.139999986,502144050.68,False,False,False,False,True,20240812
301239.SZ,False,True,17,541848612.31,475297086.2,False,False,False,False,True,20240812
605086.SH,True,True,23,140349243.94,136614718.76999998,False,False,False,False,True,20240812
000415.SZ,False,True,59,25191245000.0,23098021000.0,False,False,False,False,True,20240812
301246.SZ,False,True,30,127071921.74000001,-7703017.420000002,False,False,True,False,True,20240812
605088.SH,True,True,31,41301710.750000015,471201695.64,False,False,False,False,True,20240812
000417.SZ,False,True,59,332375559.3,684293423.8,False,False,False,False,True,20240812
301248.SZ,False,True,26,-74238812.01,73492931.19999999,False,False,False,True,True,20240812
605089.SH,True,True,23,130649109.59,156129827.21,False,False,False,False,True,20240812
000419.SZ,False,True,59,142897091.36,176519515.35,False,False,False,False,True,20240812
301256.SZ,False,True,19,109713208.32,159404616.85,False,False,False,False,True,20240812
605090.SH,True,True,25,2668812155.4199996,1406596463.85,False,False,False,False,True,20240812
000420.SZ,False,True,59,228505693.83,361722821.7300001,False,False,False,False,True,20240812
301257.SZ,False,True,24,43434037.27,157644167.69,False,False,False,False,True,20240812
605098.SH,True,True,32,388365471.71000004,301480289.71000004,False,False,False,False,True,20240812
000421.SZ,False,True,59,2240328.1300001144,2629992149.13,False,False,False,False,True,20240812
301258.SZ,False,True,28,8433653.060000002,178703202.32000002,False,False,False,False,True,20240812
605099.SH,True,True,35,392132536.69,401720111.3299999,False,False,False,False,True,20240812
000422.SZ,False,True,59,1072548138.94,3271304532.71,False,False,False,False,True,20240812
301259.SZ,False,True,19,52279496.96999999,39280719.52000001,False,False,False,False,True,20240812
605100.SH,True,True,29,197806005.62,-113167770.61000001,False,False,True,False,True,20240812
000423.SZ,False,True,59,2123203954.68,2188598103.5,False,False,False,False,True,20240812
301263.SZ,False,True,38,47647710.59999999,154680173.97,False,False,False,False,True,20240812
605108.SH,True,True,28,669552828.97,373420849.6,False,False,False,False,True,20240812
000425.SZ,False,True,59,3739387699.6,596605856.3800001,False,False,False,False,True,20240812
301266.SZ,False,True,23,-234947285.04000002,-223766074.58999997,False,False,True,True,True,20240812
605111.SH,True,True,31,420445888.3299999,290978048.59999996,False,False,False,False,True,20240812
000426.SZ,False,True,59,1875958270.8700001,1137322505.5700002,False,False,False,False,True,20240812
301268.SZ,False,True,18,-367866425.97,361719240.53999996,False,False,False,True,True,20240812
605116.SH,True,True,24,405354279.26,241712432.56,False,False,False,False,True,20240812
000428.SZ,False,True,59,111403593.05,32745340.869999997,False,False,False,False,True,20240812
301269.SZ,False,True,16,55412153.870000005,426224651.6,False,False,False,False,True,20240812
605117.SH,True,True,22,1657651832.0700002,3517589040.04,False,False,False,False,True,20240812
000429.SZ,False,True,59,3421124381.45,3322392483.7799997,False,False,False,False,True,20240812
301273.SZ,False,True,16,-37312134.400000006,-28108770.21,False,False,True,True,True,20240812
605118.SH,True,True,25,270797350.51,221726359.39999998,False,False,False,False,True,20240812
000430.SZ,False,True,59,73930389.82000001,3704502.0500000007,False,False,False,False,True,20240812
301278.SZ,False,True,18,343490656.48,160306340.83,False,False,False,False,True,20240812
605122.SH,True,True,23,-50614252.41,26289217.349999994,False,False,False,True,True,20240812
000488.SZ,False,True,59,4599360954.299999,4234647780.51,False,False,False,False,True,20240812
301279.SZ,False,True,19,65461149.84000001,118159342.13000001,False,False,False,False,True,20240812
605123.SH,True,True,24,515337494.66999996,248435965.95999998,False,False,False,False,True,20240812
000498.SZ,False,True,59,-5220034980.94,-477129818.14999974,False,False,True,True,True,20240812
301280.SZ,False,True,20,70946796.08999997,48359612.449999996,False,False,False,False,True,20240812
605128.SH,True,True,26,112023773.96000001,82956416.57,False,False,False,False,True,20240812
000501.SZ,False,True,59,1842424845.3999996,1486836100.25,False,False,False,False,True,20240812
301285.SZ,False,True,16,78460002.95,180162.7100000009,False,False,False,False,True,20240812
605133.SH,True,True,24,235754561.77999997,-40108819.71,False,False,True,False,True,20240812
000503.SZ,False,True,59,-106036417.48000002,-147296074.80999994,False,False,True,True,True,20240812
301286.SZ,False,True,23,179436137.63,110536039.66,False,False,False,False,True,20240812
605136.SH,True,True,29,416437854.13,142686699.12,False,False,False,False,True,20240812
000504.SZ,False,True,59,28910444.25,64275698.92,False,False,False,False,True,20240812
301288.SZ,False,True,17,-2668094.700000001,30341145.710000005,False,False,False,True,True,20240812
605138.SH,True,True,19,713410265.9699999,779247430.03,False,False,False,False,True,20240812
000505.SZ,False,True,57,,-434456708.2499999,False,False,True,False,False,20240812
301289.SZ,False,True,16,130627037.34,149711318.35999998,False,False,False,False,True,20240812
605151.SH,True,True,26,47301168.86,147620932.07000002,False,False,False,False,True,20240812
000506.SZ,False,True,59,-12465463.580000002,-39947113.39,False,False,True,True,True,20240812
301298.SZ,False,True,25,116681121.06,85834988.6,False,False,False,False,True,20240812
605155.SH,True,True,23,116568358.77999999,112052909.56,False,False,False,False,True,20240812
000507.SZ,False,True,59,1089046397.6,1325315922.97,False,False,False,False,True,20240812
301302.SZ,False,True,24,-204998704.16,-171007669.19999996,False,False,True,True,True,20240812
605158.SH,True,True,30,-1828983864.4599998,-293742351.03,False,False,True,True,True,20240812
000509.SZ,False,True,59,50686968.17,-27727259.490000002,False,False,True,False,True,20240812
301306.SZ,False,True,16,-158565744.32,-30196557.45,False,False,True,True,True,20240812
605162.SH,True,True,21,222263252.83,149156915.10000002,False,False,False,False,True,20240812
000510.SZ,False,True,59,-113169023.02000001,83022377.28,False,False,False,True,True,20240812
301308.SZ,False,True,16,-3353837161.86,-1530681287.34,False,False,True,True,True,20240812
605166.SH,True,True,29,898647973.1600001,-103417402.12000003,False,False,True,False,True,20240812
000513.SZ,False,True,59,3551660304.830001,2573590625.21,False,False,False,False,True,20240812
301311.SZ,False,True,16,-100276149.19999993,-153575846.93000007,False,False,True,True,True,20240812
605167.SH,True,True,21,208695792.59000003,488209169.6,False,False,False,False,True,20240812
000514.SZ,False,True,59,158973869.70000002,1451908022.25,False,False,False,False,True,20240812
301312.SZ,False,True,16,35511807.94,55108719.280000016,False,False,False,False,True,20240812
605168.SH,True,True,33,386341658.94000006,-70646188.81,False,False,True,False,True,20240812
000516.SZ,False,True,59,1202550415.3,1074199826.8400002,False,False,False,False,True,20240812
301313.SZ,False,True,23,-59378785.89,3973673.66,False,False,False,True,True,20240812
605169.SH,True,True,23,253169282.70000005,168526732.95,False,False,False,False,True,20240812
000517.SZ,False,True,59,1354214539.1299996,6059189460.749999,False,False,False,False,True,20240812
301316.SZ,False,True,21,80648404.24,75874074.09,False,False,False,False,True,20240812
605177.SH,True,True,24,-112982054.04999997,-106947372.55000003,False,False,True,True,True,20240812
000518.SZ,False,True,59,738695.1,-1431749.4500000002,False,False,True,False,True,20240812
301317.SZ,False,True,13,-154075701.45,59007578.25,False,False,False,True,True,20240812
605178.SH,True,True,27,-37935439.46999999,-46083107.14999999,False,False,True,True,True,20240812
000519.SZ,False,True,59,204917639.88,253016435.44999993,False,False,False,False,True,20240812
301318.SZ,False,True,22,42470419.680000015,153318373.79999998,False,False,False,False,True,20240812
605179.SH,True,True,24,270976883.12,400038492.41,False,False,False,False,True,20240812
000520.SZ,False,True,59,-22063846.930000007,-38202465.53,False,False,True,True,True,20240812
301319.SZ,False,True,16,40794606.23,109811542.47999999,False,False,False,False,True,20240812
605180.SH,True,True,23,878759.4000000022,107047608.17999999,False,False,False,False,True,20240812
000521.SZ,False,True,59,3400049371.8299994,2300622340.52,False,False,False,False,True,20240812
301321.SZ,False,True,24,-67744571.24999999,157212071.43,False,False,False,True,True,20240812
605183.SH,True,True,36,457139024.13,314490973.15999997,False,False,False,False,True,20240812
000523.SZ,False,True,59,322681255.1499999,-106090172.57999997,False,False,True,False,True,20240812
301327.SZ,False,True,22,396203950.67,-182704862.58,False,False,True,False,True,20240812
605186.SH,True,True,24,-88101086.2,-118053493.55,False,False,True,True,True,20240812
000524.SZ,False,True,59,344774868.19,231321316.19,False,False,False,False,True,20240812
301330.SZ,False,True,18,171903184.94,277165262.40000004,False,False,False,False,True,20240812
605188.SH,True,True,25,197468163.27000004,192013239.60999998,False,False,False,False,True,20240812
000525.SZ,False,True,59,433367221.33,915648226.6000001,False,False,False,False,True,20240812
301333.SZ,False,True,21,211195267.58,127717063.96000001,False,False,False,False,True,20240812
605189.SH,True,True,27,-277273611.28999996,270686359.56,False,False,False,True,True,20240812
000526.SZ,False,True,59,596621772.4399998,445966684.5,False,False,False,False,True,20240812
301336.SZ,False,True,18,9092039.34,26583686.07,False,False,False,False,True,20240812
605196.SH,True,True,28,76297809.85999998,431607024.16999996,False,False,False,False,True,20240812
000528.SZ,False,True,59,3040094972.46,1059380200.0,False,False,False,False,True,20240812
301338.SZ,False,True,18,-64777315.17000001,66417302.93,False,False,False,True,True,20240812
605198.SH,True,True,26,-139883444.92000002,238108975.54000002,False,False,False,True,True,20240812
000529.SZ,False,True,59,139027075.61,64493245.589999996,False,False,False,False,True,20240812
301356.SZ,False,True,16,-192110615.89000002,448175305.87,False,False,False,True,True,20240812
605199.SH,True,True,25,37434677.21000001,283070580.65,False,False,False,False,True,20240812
000530.SZ,False,True,59,69767544.49000001,6364840.50999999,False,False,False,False,True,20240812
301363.SZ,False,True,16,356176502.39000005,352294077.88,False,False,False,False,True,20240812
605208.SH,True,True,40,-27601738.989999995,272130491.4,False,False,False,True,True,20240812
000531.SZ,False,True,59,656432621.8899999,41297459.95999999,False,False,False,False,True,20240812
301366.SZ,False,True,18,138330155.71,180818537.7,False,False,False,False,True,20240812
605218.SH,True,True,24,63983098.69,123378536.28,False,False,False,False,True,20240812
000532.SZ,False,True,59,150007502.56,103327505.94999999,False,False,False,False,True,20240812
301367.SZ,False,True,18,141205591.65,320580947.60999995,False,False,False,False,True,20240812
605222.SH,True,True,25,1073264280.72,-264141920.9499998,False,False,True,False,True,20240812
000533.SZ,False,True,59,217839997.95999998,110807506.51,False,False,False,False,True,20240812
301369.SZ,False,True,17,-15416794.729999999,78169164.60000001,False,False,False,True,True,20240812
605228.SH,True,True,24,411417306.45,78243211.60999998,False,False,False,False,True,20240812
000534.SZ,False,True,59,95408057.74999999,219459556.14000002,False,False,False,False,True,20240812
301377.SZ,False,True,16,187562403.17,173849674.82,False,False,False,False,True,20240812
605255.SH,True,True,24,70590002.12,89503958.93,False,False,False,False,True,20240812
000536.SZ,False,True,59,136725451.67000002,-451729378.95000005,False,False,True,False,True,20240812
301389.SZ,False,True,16,62087230.309999995,128561568.21000001,False,False,False,False,True,20240812
605258.SH,True,True,28,121532418.14999999,97715306.8,False,False,False,False,True,20240812
000537.SZ,False,True,59,2058077742.7299998,3313159819.5999994,False,False,False,False,True,20240812
302132.SZ,False,False,0,,,True,False,False,False,False,20240812
605259.SH,True,True,21,136946001.57999998,278523884.47,False,False,False,False,True,20240812
000538.SZ,False,True,59,4512408369.91,4283411345.4,False,False,False,False,True,20240812
600000.SH,False,True,59,-42731000000.0,348328000000.0,False,False,False,True,True,20240812
605266.SH,True,True,26,763931999.62,1408174526.78,False,False,False,False,True,20240812
000539.SZ,False,True,59,11751497337.0,4408593300.0,False,False,False,False,True,20240812
600004.SH,False,True,59,3318572273.7200007,1712311319.36,False,False,False,False,True,20240812
605268.SH,True,True,24,14648188.23000002,388056159.96000004,False,False,False,False,True,20240812
000541.SZ,False,True,59,1171113966.39,1302722471.5,False,False,False,False,True,20240812
600006.SH,False,True,59,-3032726043.27,-766530476.36,False,False,True,True,True,20240812
605277.SH,True,True,24,317880791.78000003,301249290.70000005,False,False,False,False,True,20240812
000543.SZ,False,True,59,3657171530.95,2286422184.2799997,False,False,False,False,True,20240812
600007.SH,False,True,59,1868446766.0,1909716266.0,False,False,False,False,True,20240812
605286.SH,True,True,23,293575109.53999996,233943988.49,False,False,False,False,True,20240812
000544.SZ,False,True,59,-1016391751.7799997,-2303209254.46,False,False,True,True,True,20240812
600008.SH,False,True,59,3335120240.9499993,2757440826.55,False,False,False,False,True,20240812
605287.SH,True,True,22,-243497108.29999995,240241000.82999998,False,False,False,True,True,20240812
000545.SZ,False,True,59,131982150.78999998,144223569.19,False,False,False,False,True,20240812
600009.SH,False,True,59,5406116867.47,1015757449.85,False,False,False,False,True,20240812
605288.SH,True,True,27,240013051.01,196488593.37,False,False,False,False,True,20240812
000546.SZ,False,True,59,-337632733.9000001,472765388.4599999,False,False,False,True,True,20240812
600010.SH,False,True,59,227708080.45999992,-677977388.14,False,False,True,False,True,20240812
605289.SH,True,True,34,-83811087.11000001,194917023.39,False,False,False,True,True,20240812
000547.SZ,False,True,59,-465041261.13000005,-72938037.15999997,False,False,True,True,True,20240812
600011.SH,False,True,59,55340320845.0,26191635812.0,False,False,False,False,True,20240812
605296.SH,True,True,26,443899035.41999996,389803925.29,False,False,False,False,True,20240812
000548.SZ,False,True,59,44943667.379999995,779061732.4300001,False,False,False,False,True,20240812
600012.SH,False,True,59,2661901345.04,2281747878.0299997,False,False,False,False,True,20240812
605298.SH,True,True,28,-49009758.44,26174663.19,False,False,False,True,True,20240812
000550.SZ,False,True,59,3643721206.0,3470120860.0,False,False,False,False,True,20240812
600015.SH,False,True,59,181370000000.0,83331000000.0,False,False,False,False,True,20240812
605299.SH,True,True,31,153863880.1,268735831.59,False,False,False,False,True,20240812
000551.SZ,False,True,59,291745747.14000005,374344116.16999996,False,False,False,False,True,20240812
600016.SH,False,True,59,-318798000000.0,192982000000.0,False,False,False,True,True,20240812
605300.SH,True,True,23,234331449.58000004,188804818.64000002,False,False,False,False,True,20240812
000552.SZ,False,True,59,1484173255.2099996,5720829277.19,False,False,False,False,True,20240812
600017.SH,False,True,59,2600141812.9100003,2439318726.1900005,False,False,False,False,True,20240812
605303.SH,True,True,29,3287423.75,-232608801.42000002,False,False,True,False,True,20240812
000553.SZ,False,True,59,4413871000.0,2221730000.0,False,False,False,False,True,20240812
600018.SH,False,True,59,12315519985.39,14438353497.7,False,False,False,False,True,20240812
605305.SH,True,True,39,193009148.85999998,200306864.89,False,False,False,False,True,20240812
000554.SZ,False,True,59,572171885.81,-114980450.87,False,False,True,False,True,20240812
600019.SH,False,True,59,24801720917.719997,36407197415.61,False,False,False,False,True,20240812
605318.SH,True,True,25,-144379778.73,199004603.31,False,False,False,True,True,20240812
000555.SZ,False,True,59,-420503491.4200002,-23179213.629999995,False,False,True,True,True,20240812
600020.SH,False,True,59,2137300729.52,2425294070.5299997,False,False,False,False,True,20240812
605319.SH,True,True,22,416873395.94,160396465.53,False,False,False,False,True,20240812
000557.SZ,False,True,59,431114900.7299999,886500239.0500001,False,False,False,False,True,20240812
600021.SH,False,True,59,9052222939.140001,8764862314.7,False,False,False,False,True,20240812
605333.SH,True,True,26,440354838.53,-296056823.08,False,False,True,False,True,20240812
000558.SZ,False,True,59,86836387.47999999,101806974.47999999,False,False,False,False,True,20240812
600022.SH,False,True,59,628138172.6500001,-134598948.67999935,False,False,True,False,True,20240812
605336.SH,True,True,24,91690887.47000001,316861522.56,False,False,False,False,True,20240812
000559.SZ,False,True,59,1196235862.0400002,921765970.04,False,False,False,False,True,20240812
600023.SH,False,True,49,15490361787.82,491836162.34000015,False,False,False,False,True,20240812
605337.SH,True,True,24,416341302.37,283355972.69000006,False,False,False,False,True,20240812
000560.SZ,False,True,59,4542686985.55,4070812742.9200006,False,False,False,False,True,20240812
600025.SH,False,True,59,18409073073.66,14658060036.8,False,False,False,False,True,20240812
605338.SH,True,True,24,267742955.66000003,226466119.93,False,False,False,False,True,20240812
000561.SZ,False,True,59,-337565562.36999995,28214975.99000001,False,False,False,True,True,20240812
600026.SH,False,True,59,7831563826.99,8063844188.329999,False,False,False,False,True,20240812
605339.SH,True,True,24,377562334.26000005,370830920.05,False,False,False,False,True,20240812
000563.SZ,False,True,59,3038862297.86,-1739008119.87,False,False,True,False,True,20240812
600027.SH,False,True,59,16510343000.0,8160710000.0,False,False,False,False,True,20240812
605358.SH,True,True,26,1189231633.79,840454593.4400002,False,False,False,False,True,20240812
000564.SZ,False,True,59,-27262030.200000018,102894670.38000001,False,False,False,True,True,20240812
600028.SH,False,True,59,176182000000.0,138884000000.0,False,False,False,False,True,20240812
605365.SH,True,True,21,524409853.4100001,668500541.12,False,False,False,False,True,20240812
000565.SZ,False,True,59,-27416339.620000005,15215575.95,False,False,False,True,True,20240812
600029.SH,False,True,59,36069000000.0,18682000000.0,False,False,False,False,True,20240812
605366.SH,True,True,25,296070812.16,213066170.99999997,False,False,False,False,True,20240812
000566.SZ,False,True,59,27965119.169999994,95251216.06999998,False,False,False,False,True,20240812
600030.SH,False,True,59,-14013281222.489998,-14124606957.25,False,False,True,True,True,20240812
605368.SH,True,True,41,683322636.3,829523349.0,False,False,False,False,True,20240812
000567.SZ,False,True,59,-568099525.52,100522494.67000002,False,False,False,True,True,20240812
600031.SH,False,True,59,13744092000.0,1514348000.0,False,False,False,False,True,20240812
605369.SH,True,True,24,186297782.51,248170387.32999998,False,False,False,False,True,20240812
000568.SZ,False,True,59,13225664350.989998,9833394101.42,False,False,False,False,True,20240812
600032.SH,False,True,23,2488599581.54,2873435245.02,False,False,False,False,True,20240812
605376.SH,True,True,26,305726004.33000004,92216463.86000001,False,False,False,False,True,20240812
000570.SZ,False,True,59,80172131.1,334433962.21,False,False,False,False,True,20240812
600033.SH,False,True,59,2103612638.0799997,1792979408.2399998,False,False,False,False,True,20240812
605377.SH,True,True,30,528665172.27,223274661.64999992,False,False,False,False,True,20240812
000571.SZ,False,True,59,198063424.76999998,164833810.86,False,False,False,False,True,20240812
600035.SH,False,True,59,1955884985.7799997,1895392128.35,False,False,False,False,True,20240812
605378.SH,True,True,22,109658263.01,150430690.14,False,False,False,False,True,20240812
000572.SZ,False,True,59,672761780.03,272057755.15000004,False,False,False,False,True,20240812
600036.SH,False,True,59,371581000000.0,533871000000.0,False,False,False,False,True,20240812
605388.SH,True,True,24,45905776.17000001,-166091875.49,False,False,True,False,True,20240812
000573.SZ,False,True,59,-236180354.12,41290710.519999996,False,False,False,True,True,20240812
600037.SH,False,True,59,733936486.51,594721321.8499999,False,False,False,False,True,20240812
605389.SH,True,True,22,139659231.26999998,200466417.14999998,False,False,False,False,True,20240812
000576.SZ,False,True,59,84733483.31,-77006432.25,False,False,True,False,True,20240812
600038.SH,False,True,59,-7336704993.869999,-454647177.4300003,False,False,True,True,True,20240812
605398.SH,True,True,23,77341406.91,87885426.43,False,False,False,False,True,20240812
000581.SZ,False,True,59,1424180991.85,1008200632.8800001,False,False,False,False,True,20240812
600039.SH,False,True,59,-2299529030.63,11086192068.800001,False,False,False,True,True,20240812
605399.SH,True,True,25,19235996.090000004,481501793.56,False,False,False,False,True,20240812
000582.SZ,False,True,59,2272135234.0699997,2219233538.5899997,False,False,False,False,True,20240812
600048.SH,False,True,59,-10363973787.980001,37028353674.61,False,False,False,True,True,20240812
605488.SH,True,True,21,-59986531.13,124176758.03,False,False,False,True,True,20240812
000586.SZ,False,True,59,13983548.29,2023738.240000002,False,False,False,False,True,20240812
600050.SH,False,True,59,95242544605.0,98107131962.0,False,False,False,False,True,20240812
605499.SH,True,True,21,4250609181.5399995,2610902356.36,False,False,False,False,True,20240812
000589.SZ,False,True,59,1533578653.9499998,370215175.45000005,False,False,False,False,True,20240812
600051.SH,False,True,59,58748342.66,-108579040.11000001,False,False,True,False,True,20240812
605500.SH,True,True,24,125844565.88999999,217788745.26,False,False,False,False,True,20240812
000590.SZ,False,True,59,22735122.47,-29716480.450000003,False,False,True,False,True,20240812
600052.SH,False,True,59,164860438.68,146556504.92000002,False,False,False,False,True,20240812
605507.SH,True,True,21,234796493.0,839100027.3900001,False,False,False,False,True,20240812
000591.SZ,False,True,59,1758509215.7099998,5198715004.41,False,False,False,False,True,20240812
600053.SH,False,True,59,-137997511.79999998,69955755.74,False,False,False,True,True,20240812
605555.SH,True,True,20,600485947.32,310178443.26,False,False,False,False,True,20240812
000592.SZ,False,True,59,10080574.13000001,131458680.22999999,False,False,False,False,True,20240812
600054.SH,False,True,59,555927666.22,487585092.19,False,False,False,False,True,20240812
605566.SH,True,True,20,172974635.53,-24618645.590000004,False,False,True,False,True,20240812
000593.SZ,False,True,59,201737535.83000004,218523311.65000004,False,False,False,False,True,20240812
600055.SH,False,True,59,186115774.45999998,187737095.74,False,False,False,False,True,20240812
605567.SH,True,True,20,125646107.42999998,127993311.37,False,False,False,False,True,20240812
000595.SZ,False,True,59,-21056158.939999998,-79017659.43,False,False,True,True,True,20240812
600056.SH,False,True,59,779152835.86,908773903.6800001,False,False,False,False,True,20240812
605577.SH,True,True,21,-66834868.43000007,421166970.9200001,False,False,False,True,True,20240812
000596.SZ,False,True,59,3778075793.1800003,3644504476.419999,False,False,False,False,True,20240812
600057.SH,False,True,59,11102682295.130001,7062816780.5,False,False,False,False,True,20240812
605580.SH,True,True,27,184132586.22,151898193.42000002,False,False,False,False,True,20240812
000597.SZ,False,True,59,676087727.9000001,927453687.48,False,False,False,False,True,20240812
600058.SH,False,True,59,-1817305239.56,316583514.8299999,False,False,False,True,True,20240812
605588.SH,True,True,21,56325897.839999996,25950854.179999992,False,False,False,False,True,20240812
000598.SZ,False,True,59,3487409158.08,2949681178.1299996,False,False,False,False,True,20240812
600059.SH,False,True,59,436510018.31000006,187224026.98000002,False,False,False,False,True,20240812
605589.SH,True,True,49,199874240.66000003,548579438.39,False,False,False,False,True,20240812
000599.SZ,False,True,59,298624764.2,444866540.32,False,False,False,False,True,20240812
600060.SH,False,True,59,3463181712.99,2332636174.25,False,False,False,False,True,20240812
605598.SH,True,True,20,62909387.910000004,47692333.5,False,False,False,False,True,20240812
000600.SZ,False,True,59,2611373420.79,1259276863.23,False,False,False,False,True,20240812
600061.SH,False,True,59,-3353904487.4900002,-10398776715.009998,False,False,True,True,True,20240812
605599.SH,True,True,20,305972327.10000014,1136709618.29,False,False,False,False,True,20240812
000601.SZ,False,True,59,1366138585.88,354800924.07,False,False,False,False,True,20240812
600062.SH,False,True,59,1914553175.8200002,1325622646.4399998,False,False,False,False,True,20240812
688001.SH,True,True,27,20304385.129999984,316635518.63,False,False,False,False,True,20240812
000603.SZ,False,True,59,656075002.68,403613337.57000005,False,False,False,False,True,20240812
600063.SH,False,True,59,61534788.09,930243289.9000001,False,False,False,False,True,20240812
688002.SH,True,True,27,524828727.67999995,449852392.38,False,False,False,False,True,20240812
000605.SZ,False,True,59,308517554.49,75762504.24999999,False,False,False,False,True,20240812
600064.SH,False,True,59,-2473995641.65,-2162072161.23,False,False,True,True,True,20240812
688003.SH,True,True,33,185117942.1,176362657.31,False,False,False,False,True,20240812
000607.SZ,False,True,59,120964889.52000003,301363419.56,False,False,False,False,True,20240812
600066.SH,False,True,59,7164106725.41,7118548191.56,False,False,False,False,True,20240812
688004.SH,True,True,28,4738712.230000004,3086510.079999998,False,False,False,False,True,20240812
000608.SZ,False,True,59,-42697927.58999999,257500922.03,False,False,False,True,True,20240812
600067.SH,False,True,59,1854692999.7099998,721517382.33,False,False,False,False,True,20240812
688005.SH,True,True,28,2603861.910000086,-238365420.7700001,False,False,True,False,True,20240812
000609.SZ,False,True,59,12485396.229999997,-13700610.00999999,False,False,True,False,True,20240812
600071.SH,False,True,59,153570747.76,135221686.02999997,False,False,False,False,True,20240812
688006.SH,True,True,28,177742766.07999995,515816832.84,False,False,False,False,True,20240812
000610.SZ,False,True,59,13515499.540000001,-95694388.26000002,False,False,True,False,True,20240812
600072.SH,False,True,59,-4982167170.02,588313914.53,False,False,False,True,True,20240812
688007.SH,True,True,26,170196552.71999997,370642907.49,False,False,False,False,True,20240812
000612.SZ,False,True,59,1261090851.6499999,82496608.85000002,False,False,False,False,True,20240812
600073.SH,False,True,59,886736334.8199999,1145726234.89,False,False,False,False,True,20240812
688008.SH,True,True,27,1404466492.8700001,217129565.86,False,False,False,False,True,20240812
000615.SZ,False,True,59,155509072.54000002,217952174.17000002,False,False,False,False,True,20240812
600075.SH,False,True,59,2072892678.21,1662451515.95,False,False,False,False,True,20240812
688009.SH,True,True,28,5901854055.58,2302231798.34,False,False,False,False,True,20240812
000617.SZ,False,True,59,32136547234.019997,94551504182.10999,False,False,False,False,True,20240812
600076.SH,False,True,59,-59027046.19,108661474.2,False,False,False,True,True,20240812
688010.SH,True,True,27,96350648.78,93321017.76,False,False,False,False,True,20240812
000619.SZ,False,True,59,-23265330.560000002,311383464.22,False,False,False,True,True,20240812
600078.SH,False,True,59,381875650.58000004,614297426.97,False,False,False,False,True,20240812
688011.SH,True,True,28,-26542373.979999997,-3323935.6100000003,False,False,True,True,True,20240812
000620.SZ,False,True,59,47382747.99000001,962112344.41,False,False,False,False,True,20240812
600079.SH,False,True,59,2428208045.63,2495169326.49,False,False,False,False,True,20240812
688012.SH,True,True,28,90015937.79999995,-129806281.02999994,False,False,True,False,True,20240812
000623.SZ,False,True,59,333419959.56,101086958.31000002,False,False,False,False,True,20240812
600080.SH,False,True,59,71840374.7,-6065575.000000004,False,False,True,False,True,20240812
688013.SH,True,True,23,63621312.16,60499994.27000001,False,False,False,False,True,20240812
000625.SZ,False,True,59,16341110264.5,6769567151.910001,False,False,False,False,True,20240812
600081.SH,False,True,59,552503699.9900001,547929506.68,False,False,False,False,True,20240812
688015.SH,True,True,28,34021305.71000001,-57347559.599999994,False,False,True,False,True,20240812
000626.SZ,False,True,59,250679966.84000006,827784858.5799999,False,False,False,False,True,20240812
600082.SH,False,True,59,588440100.5799999,323390027.59999996,False,False,False,False,True,20240812
688016.SH,True,True,27,635985352.0099999,368533703.27,False,False,False,False,True,20240812
000628.SZ,False,True,59,-409608319.1700001,-622807151.24,False,False,True,True,True,20240812
600084.SH,False,True,59,-29127351.68,-7733454.9799999995,False,False,True,True,True,20240812
688017.SH,True,True,23,117996164.12999998,29419955.220000003,False,False,False,False,True,20240812
000629.SZ,False,True,59,867871684.6299999,911923167.35,False,False,False,False,True,20240812
600085.SH,False,True,59,-482531398.77,3577690111.34,False,False,False,True,True,20240812
688018.SH,True,True,28,177220866.47999996,200546143.27,False,False,False,False,True,20240812
000630.SZ,False,True,59,7210167284.82,3104691249.3199997,False,False,False,False,True,20240812
600088.SH,False,True,59,24343774.97999999,83341161.48999998,False,False,False,False,True,20240812
688019.SH,True,True,27,373283856.11,335501017.31,False,False,False,False,True,20240812
000631.SZ,False,True,59,46958931.20999999,57359336.620000005,False,False,False,False,True,20240812
600089.SH,False,True,59,18901610180.729996,23566469519.5,False,False,False,False,True,20240812
688020.SH,True,True,31,2763990.840000001,104491741.74000001,False,False,False,False,True,20240812
000632.SZ,False,True,59,-331383195.42,954808430.6400001,False,False,False,True,True,20240812
600094.SH,False,True,59,98091844.04999995,1991321749.2499998,False,False,False,False,True,20240812
688021.SH,True,True,26,91195949.3,-32492379.32,False,False,True,False,True,20240812
000633.SZ,False,True,59,5369725.82,-12938381.090000002,False,False,True,False,True,20240812
600095.SH,False,True,59,-297384255.79999995,-1613864626.5100002,False,False,True,True,True,20240812
688022.SH,True,True,27,-269605592.44,-314251869.33,False,False,True,True,True,20240812
000635.SZ,False,True,59,-800695941.4000001,-604643991.69,False,False,True,True,True,20240812
600096.SH,False,True,59,10770232925.210001,10507414762.7,False,False,False,False,True,20240812
688023.SH,True,True,26,-108173604.19000006,-239684558.56999993,False,False,True,True,True,20240812
000636.SZ,False,True,59,369008223.68,425297482.0799999,False,False,False,False,True,20240812
600097.SH,False,True,59,334773686.11,-193687007.0,False,False,True,False,True,20240812
688025.SH,True,True,28,235002522.33,-70393066.19,False,False,True,False,True,20240812
000637.SZ,False,True,56,,169504631.73000002,False,False,False,False,False,20240812
600098.SH,False,True,59,2612694246.7999997,4290373449.4700003,False,False,False,False,True,20240812
688026.SH,True,True,32,112536268.38,151036388.52999997,False,False,False,False,True,20240812
000639.SZ,False,True,59,349355736.59000003,82900793.0,False,False,False,False,True,20240812
600099.SH,False,True,59,248289984.35999998,55641667.81999999,False,False,False,False,True,20240812
688027.SH,True,True,25,-90376567.6,78442613.47999999,False,False,False,True,True,20240812
000650.SZ,False,True,59,750087918.2,1203839882.31,False,False,False,False,True,20240812
600100.SH,False,True,59,668217546.4300001,809996628.1500001,False,False,False,False,True,20240812
688028.SH,True,True,27,131350650.56,99243234.99,False,False,False,False,True,20240812
000651.SZ,False,True,59,30660900830.97,46383867488.28,False,False,False,False,True,20240812
600101.SH,False,True,59,226875950.21000004,339822472.18999994,False,False,False,False,True,20240812
688029.SH,True,True,42,576453705.57,454915371.1,False,False,False,False,True,20240812
000652.SZ,False,True,59,564269567.0600001,220504972.52999997,False,False,False,False,True,20240812
600103.SH,False,True,59,795418283.8,66366197.870000005,False,False,False,False,True,20240812
688030.SH,True,True,26,-151077267.95,-162484661.01999995,False,False,True,True,True,20240812
000655.SZ,False,True,59,111135763.77000001,-38073678.879999936,False,False,True,False,True,20240812
600104.SH,False,True,59,46758518402.520004,21100849725.739998,False,False,False,False,True,20240812
688033.SH,True,True,28,-470181792.54,1606283.780000005,False,False,False,True,True,20240812
000656.SZ,False,True,59,-3977462435.62,-3925755032.129999,False,False,True,True,True,20240812
600105.SH,False,True,59,-156327397.62999997,53919105.54999995,False,False,False,True,True,20240812
688036.SH,True,True,26,3539151212.330001,9600784946.33,False,False,False,False,True,20240812
000657.SZ,False,True,59,-57105033.25999999,694146935.0,False,False,False,True,True,20240812
600106.SH,False,True,59,160307230.08,172649178.83999997,False,False,False,False,True,20240812
688037.SH,True,True,26,-65689598.75,-276040720.83,False,False,True,True,True,20240812
000659.SZ,False,True,59,70698433.26000002,171071981.07,False,False,False,False,True,20240812
600107.SH,False,True,58,,-78408618.01,False,False,True,False,False,20240812
688038.SH,True,True,32,-97672558.52,-87064562.52000003,False,False,True,True,True,20240812
000661.SZ,False,True,59,5058399324.81,3937330512.82,False,False,False,False,True,20240812
600108.SH,False,True,59,64744702.56,256158313.71,False,False,False,False,True,20240812
688039.SH,True,True,26,-68870889.91999999,21701717.28,False,False,False,True,True,20240812
000663.SZ,False,True,59,185559515.45999998,202896875.70000005,False,False,False,False,True,20240812
600109.SH,False,True,59,835011555.54,-5588329423.11,False,False,True,False,True,20240812
688046.SH,True,True,17,46793058.08000001,110058333.88,False,False,False,False,True,20240812
000665.SZ,False,True,59,-17286301.71000004,-165141486.89999998,False,False,True,True,True,20240812
600110.SH,False,True,59,-991731884.5900002,338125512.1700001,False,False,False,True,True,20240812
688048.SH,True,True,17,-12047023.750000004,100172078.45000002,False,False,False,True,True,20240812
000668.SZ,False,True,59,17586892.0,-47892187.52000001,False,False,True,False,True,20240812
600111.SH,False,True,59,1632872448.3700001,826694153.2700005,False,False,False,False,True,20240812
688049.SH,True,True,19,145754443.0,26871211.080000013,False,False,False,False,True,20240812
000669.SZ,False,True,59,157550289.77999997,142232065.64999998,False,False,False,False,True,20240812
600113.SH,False,True,59,103298470.39,165498795.26,False,False,False,False,True,20240812
688050.SH,True,True,25,254709674.42000002,201354174.89,False,False,False,False,True,20240812
000670.SZ,False,True,59,95066133.28,-90414405.25000001,False,False,True,False,True,20240812
600114.SH,False,True,59,320217347.69,206523647.15,False,False,False,False,True,20240812
688051.SH,True,True,25,-52125918.00999999,-167506961.29000002,False,False,True,True,True,20240812
000672.SZ,False,True,59,936241818.17,928287259.34,False,False,False,False,True,20240812
600115.SH,False,True,59,21178000000.0,11214000000.0,False,False,False,False,True,20240812
688052.SH,True,True,25,129155502.41000001,-229586748.65999997,False,False,True,False,True,20240812
000676.SZ,False,True,59,269947285.15,126626791.61999995,False,False,False,False,True,20240812
600116.SH,False,True,59,1906097040.83,327750597.03999996,False,False,False,False,True,20240812
688055.SH,True,True,25,460067116.08000004,570475277.91,False,False,False,False,True,20240812
000677.SZ,False,True,59,117951325.72,152858707.46,False,False,False,False,True,20240812
600117.SH,False,True,59,-656560034.1,257751488.88999996,False,False,False,True,True,20240812
688056.SH,True,True,28,46897828.51,30159328.8,False,False,False,False,True,20240812
000678.SZ,False,True,59,149518122.81,-79722593.78,False,False,True,False,True,20240812
600118.SH,False,True,59,-1156123349.46,367231921.39,False,False,False,True,True,20240812
688057.SH,True,True,39,257856671.04999998,93402095.48000002,False,False,False,False,True,20240812
000679.SZ,False,True,59,-7680554.230000001,-20876460.870000005,False,False,True,True,True,20240812
600119.SH,False,True,59,84762721.96,-10560483.229999997,False,False,True,False,True,20240812
688058.SH,True,True,28,-64056351.93,-2697987.4299999997,False,False,True,True,True,20240812
000680.SZ,False,True,59,664902023.85,594029378.37,False,False,False,False,True,20240812
600120.SH,False,True,59,964259856.17,1126033128.35,False,False,False,False,True,20240812
688059.SH,True,True,22,-12978656.1,65469352.109999985,False,False,False,True,True,20240812
000681.SZ,False,True,59,167245004.98,150401281.29000002,False,False,False,False,True,20240812
600121.SH,False,True,59,236005844.41000003,912505498.4599998,False,False,False,False,True,20240812
688060.SH,True,True,28,3179450.9899999946,-139654245.26,False,False,True,False,True,20240812
000682.SZ,False,True,59,1138700320.22,783468464.75,False,False,False,False,True,20240812
600123.SH,False,True,59,2178792082.99,2894623989.8300004,False,False,False,False,True,20240812
688062.SH,True,True,20,-923003269.3800001,-777418300.04,False,False,True,True,True,20240812
000683.SZ,False,True,59,3232289473.7600007,2296517806.44,False,False,False,False,True,20240812
600125.SH,False,True,59,489086163.33000004,310504406.41,False,False,False,False,True,20240812
688063.SH,True,True,25,351183785.4799998,2001091144.77,False,False,False,False,True,20240812
000685.SZ,False,True,59,-134362787.50999993,679949510.42,False,False,False,True,True,20240812
600126.SH,False,True,59,-4418264752.55,-2769500068.02,False,False,True,True,True,20240812
688065.SH,True,True,25,680740310.7,766392319.56,False,False,False,False,True,20240812
000686.SZ,False,True,59,-4091568526.84,5384705770.82,False,False,False,True,True,20240812
600127.SH,False,True,59,64277483.45999998,290746198.37,False,False,False,False,True,20240812
688066.SH,True,True,29,-413042851.4200001,-845406246.87,False,False,True,True,True,20240812
000688.SZ,False,True,59,631329098.3499999,534362765.39000005,False,False,False,False,True,20240812
600128.SH,False,True,59,-22771360.010000005,-47695075.22000003,False,False,True,True,True,20240812
688067.SH,True,True,32,35632636.74,19894015.47,False,False,False,False,True,20240812
000690.SZ,False,True,59,2242337562.08,2087171626.71,False,False,False,False,True,20240812
600129.SH,False,True,59,742838710.6999999,1047341693.6400001,False,False,False,False,True,20240812
688068.SH,True,True,26,143730594.34,325205594.21999997,False,False,False,False,True,20240812
000691.SZ,False,True,59,53608645.34,6337623.069999998,False,False,False,False,True,20240812
600130.SH,False,True,59,14969005.040000007,53583092.109999985,False,False,False,False,True,20240812
688069.SH,True,True,25,127203005.89,26456693.119999997,False,False,False,False,True,20240812
000692.SZ,False,True,59,676257560.49,-451057883.88,False,False,True,False,True,20240812
600131.SH,False,True,59,1325811163.04,992370227.32,False,False,False,False,True,20240812
688070.SH,True,True,22,-59625908.110000014,-72815272.86000001,False,False,True,True,True,20240812
000695.SZ,False,True,59,82953340.55,-31279975.22999999,False,False,True,False,True,20240812
600132.SH,False,True,59,3105083892.8999996,3598859053.02,False,False,False,False,True,20240812
688071.SH,True,True,21,4608965.409999996,54852127.29000001,False,False,False,False,True,20240812
000697.SZ,False,True,59,-126706997.27000001,-225257176.11,False,False,True,True,True,20240812
600133.SH,False,True,59,-1257395753.8799999,407433583.71000004,False,False,False,True,True,20240812
688075.SH,True,True,20,64486827.93999994,-875689486.9100003,False,False,True,False,True,20240812
000698.SZ,False,True,59,-7403265.57,296605594.7900001,False,False,False,True,True,20240812
600135.SH,False,True,59,153720478.69,268556340.47,False,False,False,False,True,20240812
688076.SH,True,True,36,375871986.49,216674957.33,False,False,False,False,True,20240812
000700.SZ,False,True,59,1353942249.5,1124307420.6699998,False,False,False,False,True,20240812
600136.SH,False,True,59,-55090219.879999995,73457881.69,False,False,False,True,True,20240812
688077.SH,True,True,27,60289525.95999999,238946583.69,False,False,False,False,True,20240812
000701.SZ,False,True,59,-602576238.94,2942305750.31,False,False,False,True,True,20240812
600137.SH,False,True,59,71463130.97,42264967.31,False,False,False,False,True,20240812
688078.SH,True,True,35,-11210574.239999998,-494671.69000000134,False,False,True,True,True,20240812
000702.SZ,False,True,59,-3749329.309999995,-26906965.549999997,False,False,True,True,True,20240812
600138.SH,False,True,59,1118704211.02,229477105.59000003,False,False,False,False,True,20240812
688079.SH,True,True,21,94858149.31000002,166594239.60000002,False,False,False,False,True,20240812
000703.SZ,False,True,59,3824989158.95,9296093115.09,False,False,False,False,True,20240812
600141.SH,False,True,59,1453784477.1000001,3270235653.5800004,False,False,False,False,True,20240812
688080.SH,True,True,37,143280783.42000002,133071975.36999999,False,False,False,False,True,20240812
000705.SZ,False,True,59,129661184.41000001,138766321.56,False,False,False,False,True,20240812
600143.SH,False,True,59,2249698332.47,3561690241.3100004,False,False,False,False,True,20240812
688081.SH,True,True,26,-12460419.73,-59951146.720000006,False,False,True,True,True,20240812
000707.SZ,False,True,59,579651281.9300001,636994785.4799999,False,False,False,False,True,20240812
600148.SH,False,True,59,-21895246.1,17738439.300000012,False,False,False,True,True,20240812
688082.SH,True,True,19,209952632.47,-131303065.63,False,False,True,False,True,20240812
000708.SZ,False,True,59,11341161778.689999,15283696723.41,False,False,False,False,True,20240812
600149.SH,False,True,59,18304785.330000006,29157890.58,False,False,False,False,True,20240812
688083.SH,True,True,28,44234267.870000005,83221573.03,False,False,False,False,True,20240812
000709.SZ,False,True,59,10656137718.12,10250312217.420002,False,False,False,False,True,20240812
600150.SH,False,True,59,9576598720.880001,6643152524.280001,False,False,False,False,True,20240812
688085.SH,True,True,25,138485928.57,194155728.92,False,False,False,False,True,20240812
000710.SZ,False,True,59,130282131.86,1682362.8200000022,False,False,False,False,True,20240812
600151.SH,False,True,59,545862600.76,30362327.73000002,False,False,False,False,True,20240812
688087.SH,True,True,21,378571728.63,101768727.88,False,False,False,False,True,20240812
000711.SZ,False,True,59,-422766876.62,95260413.39000002,False,False,False,True,True,20240812
600152.SH,False,True,59,192595068.45000005,595118979.0,False,False,False,False,True,20240812
688088.SH,True,True,28,-19691270.78,172812330.35000002,False,False,False,True,True,20240812
000712.SZ,False,True,59,-19483237.380000055,-22381344.050000012,False,False,True,True,True,20240812
600153.SH,False,True,59,-16102136959.560001,83449608112.62,False,False,False,True,True,20240812
688089.SH,True,True,29,173145771.01999998,105895154.41,False,False,False,False,True,20240812
000713.SZ,False,True,59,109874457.46000001,142259994.32,False,False,False,False,True,20240812
600155.SH,False,True,59,-1063767121.4100002,1143413387.49,False,False,False,True,True,20240812
688090.SH,True,True,26,50589774.480000004,-23931077.42000001,False,False,True,False,True,20240812
000715.SZ,False,True,59,151844287.17999998,174664348.02000004,False,False,False,False,True,20240812
600156.SH,False,True,59,-5198910.3,-109743799.28999998,False,False,True,True,True,20240812
688091.SH,True,True,21,35476692.599999994,137492862.57,False,False,False,False,True,20240812
000716.SZ,False,True,59,195419632.46,389601870.82,False,False,False,False,True,20240812
600157.SH,False,True,59,7068545325.990001,6483216408.389998,False,False,False,False,True,20240812
688092.SH,True,True,22,81203564.63,56247465.260000005,False,False,False,False,True,20240812
000717.SZ,False,True,59,-407568046.51,1704828402.7999997,False,False,False,True,True,20240812
600158.SH,False,True,59,-482717495.1,712282571.1800001,False,False,False,True,True,20240812
688093.SH,True,True,23,173626931.67,205867778.12999997,False,False,False,False,True,20240812
000718.SZ,False,True,59,72770284.28000003,873632878.48,False,False,False,False,True,20240812
600159.SH,False,True,59,-247136340.13999993,-92352353.47000003,False,False,True,True,True,20240812
688095.SH,True,True,39,-68864644.03999999,3161268.5200000014,False,False,False,True,True,20240812
000719.SZ,False,True,59,2441591762.1499996,1053057253.1100001,False,False,False,False,True,20240812
600160.SH,False,True,59,2251550206.26,2640533435.92,False,False,False,False,True,20240812
688096.SH,True,True,36,-49336390.88999999,-76476680.91000003,False,False,True,True,True,20240812
000720.SZ,False,True,59,-252496632.17000002,37653722.36,False,False,False,True,True,20240812
600161.SH,False,True,59,2328430967.8500004,1632729934.6499999,False,False,False,False,True,20240812
688097.SH,True,True,23,-109759335.43,-39391111.97,False,False,True,True,True,20240812
000721.SZ,False,True,59,83290361.97,6037266.440000001,False,False,False,False,True,20240812
600162.SH,False,True,59,542990501.98,1051997382.37,False,False,False,False,True,20240812
688098.SH,True,True,31,46545712.199999996,693580.4299999997,False,False,False,False,True,20240812
000722.SZ,False,True,59,341847336.28999996,189480961.26,False,False,False,False,True,20240812
600163.SH,False,True,59,949195202.06,1225520663.42,False,False,False,False,True,20240812
688099.SH,True,True,27,1017281560.8499999,617733406.29,False,False,False,False,True,20240812
000723.SZ,False,True,59,1480754338.12,1416808483.2699997,False,False,False,False,True,20240812
600165.SH,False,True,59,38156360.16,-68398332.88,False,False,True,False,True,20240812
688100.SH,True,True,26,527734963.47999996,320594756.94000006,False,False,False,False,True,20240812
000725.SZ,False,True,59,46937127053.0,31153635763.0,False,False,False,False,True,20240812
600166.SH,False,True,59,-566468965.8699999,2354504540.71,False,False,False,True,True,20240812
688101.SH,True,True,31,296228318.76,273435718.79,False,False,False,False,True,20240812
000726.SZ,False,True,59,1157675973.1299999,1453438582.5,False,False,False,False,True,20240812
600167.SH,False,True,59,1594575453.84,1409162102.83,False,False,False,False,True,20240812
688102.SH,True,True,20,132156818.53999999,211833492.81,False,False,False,False,True,20240812
000727.SZ,False,True,59,1492838866.3400002,6072486217.170001,False,False,False,False,True,20240812
600168.SH,False,True,59,789771336.54,389845910.63,False,False,False,False,True,20240812
688103.SH,True,True,23,64522625.18,-34452451.019999996,False,False,True,False,True,20240812
000728.SZ,False,True,59,-1210747570.2299995,-2695028684.45,False,False,True,True,True,20240812
600169.SH,False,True,59,446304094.23,-197333220.54000002,False,False,True,False,True,20240812
688105.SH,True,True,20,33968371.150000006,648838992.98,False,False,False,False,True,20240812
000729.SZ,False,True,59,2147371696.24,1782888113.3100002,False,False,False,False,True,20240812
600170.SH,False,True,59,11519004523.68,16479382528.65,False,False,False,False,True,20240812
688106.SH,True,True,38,472191059.16,421710704.21,False,False,False,False,True,20240812
000731.SZ,False,True,59,549568672.3800001,415484964.3399999,False,False,False,False,True,20240812
600171.SH,False,True,59,89248420.38,-62301567.77000001,False,False,True,False,True,20240812
688107.SH,True,True,19,48471954.76999998,-397219694.48,False,False,True,False,True,20240812
000733.SZ,False,True,59,1887316656.6900005,920130232.95,False,False,False,False,True,20240812
600172.SH,False,True,59,332476500.86,451250216.71000004,False,False,False,False,True,20240812
688108.SH,True,True,26,54229912.12,-47215010.949999996,False,False,True,False,True,20240812
000735.SZ,False,True,59,187332408.56999996,421115734.77000004,False,False,False,False,True,20240812
600173.SH,False,True,59,-151382795.56999993,-920049599.7199999,False,False,True,True,True,20240812
688109.SH,True,True,31,49214323.29,-111387839.70999998,False,False,True,False,True,20240812
000736.SZ,False,True,59,4797558427.11,3117033188.1099997,False,False,False,False,True,20240812
600176.SH,False,True,59,728444765.0900002,1026777837.6500001,False,False,False,False,True,20240812
688111.SH,True,True,29,2090373752.8799999,1581584628.17,False,False,False,False,True,20240812
000737.SZ,False,True,59,-518552292.26,1044786211.8199997,False,False,False,True,True,20240812
600177.SH,False,True,59,4712621173.75,2951581177.25,False,False,False,False,True,20240812
688112.SH,True,True,20,146103444.87,40308675.88,False,False,False,False,True,20240812
000738.SZ,False,True,59,1187443185.0200002,822415670.3,False,False,False,False,True,20240812
600178.SH,False,True,59,-191583264.88,-206608963.08000004,False,False,True,True,True,20240812
688113.SH,True,True,21,72221061.62,29461126.10000001,False,False,False,False,True,20240812
000739.SZ,False,True,59,1269771107.88,1740103753.8300002,False,False,False,False,True,20240812
600179.SH,False,True,59,909353009.44,2522834363.0899997,False,False,False,False,True,20240812
688116.SH,True,True,26,257377150.87,289085027.31,False,False,False,False,True,20240812
000750.SZ,False,True,59,-8158324668.52,-10989414963.779999,False,False,True,True,True,20240812
600180.SH,False,True,59,-1392126979.15,2976972272.16,False,False,False,True,True,20240812
688117.SH,True,True,21,94137818.58,82435963.07,False,False,False,False,True,20240812
000751.SZ,False,True,59,-456482951.55,1094471118.98,False,False,False,True,True,20240812
600182.SH,False,True,59,655876131.9499999,171843771.45999998,False,False,False,False,True,20240812
688118.SH,True,True,29,-47503674.58,3907967.730000004,False,False,False,True,True,20240812
000752.SZ,False,True,59,114948013.68,101238258.96000001,False,False,False,False,True,20240812
600183.SH,False,True,59,2318441510.04,3191635079.1000004,False,False,False,False,True,20240812
688121.SH,True,True,20,-256440131.94,-138287013.07999995,False,False,True,True,True,20240812
000753.SZ,False,True,59,-182344947.82,323550338.83,False,False,False,True,True,20240812
600184.SH,False,True,59,-22938565.5,-214570731.22000003,False,False,True,True,True,20240812
688122.SH,True,True,48,226470799.96,366937951.5,False,False,False,False,True,20240812
000755.SZ,False,True,59,1149135676.44,1233231214.98,False,False,False,False,True,20240812
600185.SH,False,True,59,1204360547.3599997,5556009967.75,False,False,False,False,True,20240812
688123.SH,True,True,26,251451880.54999995,153346599.03000003,False,False,False,False,True,20240812
000756.SZ,False,True,59,322548880.08,583570179.4,False,False,False,False,True,20240812
600186.SH,False,True,59,280064459.21000004,9966250.410000011,False,False,False,False,True,20240812
688126.SH,True,True,25,-682390465.06,237556827.54999998,False,False,False,True,True,20240812
000757.SZ,False,True,59,270252004.94,46715433.21000001,False,False,False,False,True,20240812
600187.SH,False,True,59,-41241973.63999999,295689016.78,False,False,False,True,True,20240812
688127.SH,True,True,30,357009007.09000003,71422712.77,False,False,False,False,True,20240812
000758.SZ,False,True,59,2184474713.06,330096834.2799999,False,False,False,False,True,20240812
600188.SH,False,True,59,20127154000.0,48713891000.0,False,False,False,False,True,20240812
688128.SH,True,True,27,324625083.39,283938239.9600001,False,False,False,False,True,20240812
000759.SZ,False,True,59,390781278.94,806340451.9399999,False,False,False,False,True,20240812
600189.SH,False,True,59,209694680.22,235502673.52999997,False,False,False,False,True,20240812
688129.SH,True,True,23,44867089.269999996,-3022224.7000000016,False,False,True,False,True,20240812
000761.SZ,False,True,59,761805373.0299997,5711548405.160001,False,False,False,False,True,20240812
600191.SH,False,True,59,135588767.01,31231798.25999999,False,False,False,False,True,20240812
688131.SH,True,True,29,208507011.71999997,-316619607.84999996,False,False,True,False,True,20240812
000762.SZ,False,True,59,482016823.90999997,742718890.73,False,False,False,False,True,20240812
600192.SH,False,True,59,-133041752.2,-114105886.89,False,False,True,True,True,20240812
688133.SH,True,True,31,-15105001.300000012,-15244993.26999998,False,False,True,True,True,20240812
000766.SZ,False,True,59,109785375.58,181168654.95000002,False,False,False,False,True,20240812
600195.SH,False,True,59,283563778.26,102058345.25999993,False,False,False,False,True,20240812
688135.SH,True,True,32,232217340.98000002,216371664.25,False,False,False,False,True,20240812
000767.SZ,False,True,59,-2206936810.9,-258162662.17000008,False,False,True,True,True,20240812
600196.SH,False,True,59,3511212826.9700003,4207208025.2799997,False,False,False,False,True,20240812
688136.SH,True,True,22,-34025308.980000004,-139213355.87,False,False,True,True,True,20240812
000768.SZ,False,True,59,-1637645897.0200005,-20210413024.82,False,False,True,True,True,20240812
600197.SH,False,True,59,120679540.34999996,5771576.929999994,False,False,False,False,True,20240812
688138.SH,True,True,31,237100106.76000002,170418427.04,False,False,False,False,True,20240812
000776.SZ,False,True,59,-50368589482.979996,29908556049.67,False,False,False,True,True,20240812
600198.SH,False,True,59,-46614188.51000002,-41983501.78999999,False,False,True,True,True,20240812
688139.SH,True,True,26,194960406.93,561674483.4699999,False,False,False,False,True,20240812
000777.SZ,False,True,59,-126951922.41999999,34218507.150000006,False,False,False,True,True,20240812
600199.SH,False,True,59,-88500846.23,-172141552.70999998,False,False,True,True,True,20240812
688148.SH,True,True,27,-130203954.46000001,-473604242.46,False,False,True,True,True,20240812
000778.SZ,False,True,59,-459036395.48000014,3258622494.1,False,False,False,True,True,20240812
600201.SH,False,True,59,404917002.98,445293841.87,False,False,False,False,True,20240812
688153.SH,True,True,22,80907407.33999997,712695165.4,False,False,False,False,True,20240812
000779.SZ,False,True,59,27508196.830000013,133377413.85,False,False,False,False,True,20240812
600202.SH,False,True,59,-102751917.74,2314337.1799999997,False,False,False,True,True,20240812
688155.SH,True,True,24,386147497.24,-98186561.82999992,False,False,True,False,True,20240812
000782.SZ,False,True,59,-526540859.24,-198254723.50000003,False,False,True,True,True,20240812
600203.SH,False,True,59,565911343.5799999,-112230976.05999994,False,False,True,False,True,20240812
688156.SH,True,True,35,-20421884.76,-2206924.049999997,False,False,True,True,True,20240812
000783.SZ,False,True,59,7363164535.490002,2124316860.1799994,False,False,False,False,True,20240812
600206.SH,False,True,59,-430991592.6499999,978729151.8699999,False,False,False,True,True,20240812
688157.SH,True,True,25,30141165.1,117450038.61000001,False,False,False,False,True,20240812
000785.SZ,False,True,59,2833209152.42,4070109678.1899996,False,False,False,False,True,20240812
600207.SH,False,True,59,-396503979.29999995,-349840050.38,False,False,True,True,True,20240812
688158.SH,True,True,25,156262312.65999997,68733777.21,False,False,False,False,True,20240812
000786.SZ,False,True,59,5498868437.63,4086339183.1099997,False,False,False,False,True,20240812
600208.SH,False,True,59,-1502200012.9399996,403064189.0299997,False,False,False,True,True,20240812
688159.SH,True,True,32,-144324578.44000003,434902.1799999997,False,False,False,True,True,20240812
000788.SZ,False,True,59,280068390.49,152325509.47000003,False,False,False,False,True,20240812
600210.SH,False,True,59,2550002093.91,1125332624.9499998,False,False,False,False,True,20240812
688160.SH,True,True,26,90035000.08,94698839.09,False,False,False,False,True,20240812
000789.SZ,False,True,59,624254137.3499999,1081029249.03,False,False,False,False,True,20240812
600211.SH,False,True,59,1113280980.9700003,907041224.3000002,False,False,False,False,True,20240812
688161.SH,True,True,24,205917697.14999998,137976457.63,False,False,False,False,True,20240812
000790.SZ,False,True,59,10238302.089999996,94387848.66,False,False,False,False,True,20240812
600212.SH,False,True,59,-93357349.22,-31992395.14,False,False,True,True,True,20240812
688162.SH,True,True,20,183171071.9000001,-384188089.71000004,False,False,True,False,True,20240812
000791.SZ,False,True,59,1902799181.6999998,1359897958.19,False,False,False,False,True,20240812
600215.SH,False,True,59,-143601844.75,-92905078.61,False,False,True,True,True,20240812
688163.SH,True,True,26,48662675.56,27711873.44,False,False,False,False,True,20240812
000792.SZ,False,True,59,8492303202.32,16056306256.469997,False,False,False,False,True,20240812
600216.SH,False,True,59,591243574.58,781369466.44,False,False,False,False,True,20240812
688165.SH,True,True,24,-142295787.29999998,-130474435.25999999,False,False,True,True,True,20240812
000793.SZ,False,True,59,24427595.669999987,38959950.67000002,False,False,False,False,True,20240812
600217.SH,False,True,59,-34194582.46000001,-17085488.72,False,False,True,True,True,20240812
688166.SH,True,True,29,294223298.71000004,319300626.77,False,False,False,False,True,20240812
000795.SZ,False,True,59,353663474.68999994,319835514.46,False,False,False,False,True,20240812
600218.SH,False,True,59,99625803.88,361091061.42999995,False,False,False,False,True,20240812
688167.SH,True,True,26,125756861.41,36268301.41,False,False,False,False,True,20240812
000796.SZ,False,True,59,304419369.71,63648122.42999995,False,False,False,False,True,20240812
600219.SH,False,True,59,5514251300.83,5143018497.289999,False,False,False,False,True,20240812
688168.SH,True,True,32,-250181164.32999998,-148400110.14,False,False,True,True,True,20240812
000797.SZ,False,True,59,332993832.57000005,433843296.03,False,False,False,False,True,20240812
600221.SH,False,True,59,8677331000.0,6157209000.0,False,False,False,False,True,20240812
688169.SH,True,True,26,2197627954.0,1977424100.0,False,False,False,False,True,20240812
000798.SZ,False,True,59,-300842602.40000004,-118765038.31,False,False,True,True,True,20240812
600222.SH,False,True,59,39787650.339999996,-146026861.88,False,False,True,False,True,20240812
688170.SH,True,True,21,-100741365.93,45908764.42,False,False,False,True,True,20240812
000799.SZ,False,True,59,-240535864.38,183104725.79000002,False,False,False,True,True,20240812
600223.SH,False,True,59,369792742.93000007,349971305.6500001,False,False,False,False,True,20240812
688171.SH,True,True,20,18967531.48,24089520.929999996,False,False,False,False,True,20240812
000800.SZ,False,True,59,1728488399.6699991,135777681.48999977,False,False,False,False,True,20240812
600226.SH,False,True,59,-109611583.88000001,24349063.93,False,False,False,True,True,20240812
688173.SH,True,True,18,-150339318.10999995,-141615170.25,False,False,True,True,True,20240812
000801.SZ,False,True,59,174751655.74,342989109.77,False,False,False,False,True,20240812
600227.SH,False,True,59,378047180.36,25530359.399999976,False,False,False,False,True,20240812
688176.SH,True,True,18,-440367339.25000006,-347073121.2,False,False,True,True,True,20240812
000802.SZ,False,True,59,48453417.11000001,-83793086.79,False,False,True,False,True,20240812
600228.SH,False,True,59,30276328.200000003,84063979.67999999,False,False,False,False,True,20240812
688177.SH,True,True,26,-305443752.62,-513186329.89,False,False,True,True,True,20240812
000803.SZ,False,True,59,659859257.6099999,226112448.87,False,False,False,False,True,20240812
600229.SH,False,True,59,312015627.44,328902316.91999996,False,False,False,False,True,20240812
688178.SH,True,True,26,21323184.680000007,46281701.099999994,False,False,False,False,True,20240812
000807.SZ,False,True,59,6551089429.66,5832265079.32,False,False,False,False,True,20240812
600230.SH,False,True,59,746867660.99,629988344.98,False,False,False,False,True,20240812
688179.SH,True,True,39,123589891.85,-50055196.36,False,False,True,False,True,20240812
000809.SZ,False,True,59,-100559336.36999999,126582482.77000001,False,False,False,True,True,20240812
600231.SH,False,True,59,110671477.36000013,-119840718.70000005,False,False,True,False,True,20240812
688180.SH,True,True,37,-1644611967.5000002,-2543695822.17,False,False,True,True,True,20240812
000810.SZ,False,True,59,444811660.33,845554377.8000002,False,False,False,False,True,20240812
600232.SH,False,True,59,-150548588.95,5532756.44999999,False,False,False,True,True,20240812
688181.SH,True,True,37,228723597.52000004,148694458.14,False,False,False,False,True,20240812
000811.SZ,False,True,59,377701450.80999994,628873834.57,False,False,False,False,True,20240812
600233.SH,False,True,59,5841023480.82,6545878638.35,False,False,False,False,True,20240812
688182.SH,True,True,21,119427700.08,51988741.21000001,False,False,False,False,True,20240812
000812.SZ,False,True,59,214028449.73000002,280811605.62,False,False,False,False,True,20240812
600234.SH,False,True,59,-100742347.15,94253367.94999999,False,False,False,True,True,20240812
688183.SH,True,True,22,371017216.32,620713953.0100001,False,False,False,False,True,20240812
000813.SZ,False,True,59,67161007.62,116847036.09999998,False,False,False,False,True,20240812
600235.SH,False,True,59,162932299.99,94347939.89,False,False,False,False,True,20240812
688185.SH,True,True,25,-385067988.91999996,-1375429150.6599998,False,False,True,True,True,20240812
000815.SZ,False,True,59,-40674375.32000001,52553895.72,False,False,False,True,True,20240812
600236.SH,False,True,59,4480209796.539999,5044137087.660001,False,False,False,False,True,20240812
688186.SH,True,True,26,-990556790.4000001,-677338944.25,False,False,True,True,True,20240812
000816.SZ,False,True,59,155455242.78,-177939962.32,False,False,True,False,True,20240812
600237.SH,False,True,59,189552573.35,75949408.71,False,False,False,False,True,20240812
688187.SH,True,True,30,3920308284.0,2015975101.0,False,False,False,False,True,20240812
000818.SZ,False,True,59,-158913376.39,291519001.93,False,False,False,True,True,20240812
600238.SH,False,True,59,-20845121.670000006,-20401111.21,False,False,True,True,True,20240812
688188.SH,True,True,27,868917081.02,724912159.8000001,False,False,False,False,True,20240812
000819.SZ,False,True,59,120582795.24000001,184153310.39,False,False,False,False,True,20240812
600239.SH,False,True,59,-104172801.10000002,11746898407.72,False,False,False,True,True,20240812
688189.SH,True,True,25,224949638.33,-1025954.7800000012,False,False,True,False,True,20240812
000820.SZ,False,True,59,-10950850.119999997,-8214319.550000001,False,False,True,True,True,20240812
600241.SH,False,True,59,-2617384.469999999,99184147.50999999,False,False,False,True,True,20240812
688190.SH,True,True,18,229819184.74999997,240747589.97,False,False,False,False,True,20240812
000821.SZ,False,True,59,1103781625.62,183257522.82999998,False,False,False,False,True,20240812
600243.SH,False,True,59,-94660835.80000001,-88961594.84,False,False,True,True,True,20240812
688191.SH,True,True,31,110790493.72,118831170.94,False,False,False,False,True,20240812
000822.SZ,False,True,59,248726235.39,849694760.48,False,False,False,False,True,20240812
600246.SH,False,True,59,-95761820.21000001,132236167.57,False,False,False,True,True,20240812
688193.SH,True,True,17,41597197.95999999,-12741915.219999999,False,False,True,False,True,20240812
000823.SZ,False,True,59,488900914.27,946537486.1500002,False,False,False,False,True,20240812
600248.SH,False,True,59,-10091060386.869999,-2938746097.8099995,False,False,True,True,True,20240812
688195.SH,True,True,21,62517543.27,57513244.949999996,False,False,False,False,True,20240812
000825.SZ,False,True,59,2577141439.64,5003136831.719999,False,False,False,False,True,20240812
600249.SH,False,True,59,33935261.06,46324422.769999996,False,False,False,False,True,20240812
688196.SH,True,True,34,-602186069.74,776395438.84,False,False,False,True,True,20240812
000826.SZ,False,True,59,1011615467.95,879059515.5400001,False,False,False,False,True,20240812
600250.SH,False,True,59,105441950.58999999,95958957.96,False,False,False,False,True,20240812
688197.SH,True,True,19,-185514749.03,-168978872.78000003,False,False,True,True,True,20240812
000828.SZ,False,True,59,-562823859.73,882914995.9000001,False,False,False,True,True,20240812
600251.SH,False,True,59,190259119.55999994,961782766.5400002,False,False,False,False,True,20240812
688198.SH,True,True,26,62004293.510000005,152434581.38,False,False,False,False,True,20240812
000829.SZ,False,True,59,1435283672.6,-2641511439.4,False,False,True,False,True,20240812
600252.SH,False,True,59,366308520.95,140315875.43,False,False,False,False,True,20240812
688199.SH,True,True,42,59604552.18,29950165.36999999,False,False,False,False,True,20240812
000830.SZ,False,True,59,4984155212.39,3487834846.0099998,False,False,False,False,True,20240812
600255.SH,False,True,59,48590371.14,77243844.71000001,False,False,False,False,True,20240812
688200.SH,True,True,26,210952498.0,295828633.55,False,False,False,False,True,20240812
000831.SZ,False,True,59,264256222.67,153043398.26,False,False,False,False,True,20240812
600256.SH,False,True,59,4641010806.19,8400845849.069999,False,False,False,False,True,20240812
688201.SH,True,True,21,25263925.599999994,71872744.82,False,False,False,False,True,20240812
000833.SZ,False,True,59,20899233.849999964,831876130.7199999,False,False,False,False,True,20240812
600257.SH,False,True,59,127269729.8,132507726.19999999,False,False,False,False,True,20240812
688202.SH,True,True,28,20341282.18,-14457265.57,False,False,True,False,True,20240812
000837.SZ,False,True,59,106306353.37,183804033.79,False,False,False,False,True,20240812
600258.SH,False,True,59,3512053156.9199996,3028132336.2299995,False,False,False,False,True,20240812
688206.SH,True,True,18,-27040491.63,81537506.94,False,False,False,True,True,20240812
000838.SZ,False,True,59,-85797570.85,-305899027.96,False,False,True,True,True,20240812
600259.SH,False,True,59,91324577.25999999,154966392.76,False,False,False,False,True,20240812
688207.SH,True,True,17,-70873499.28999999,113235753.10999998,False,False,False,True,True,20240812
000839.SZ,False,True,59,-172574577.57999992,-642505161.1600001,False,False,True,True,True,20240812
600261.SH,False,True,59,440749053.59,385179514.83000004,False,False,False,False,True,20240812
688208.SH,True,True,30,644660474.64,55431086.27000001,False,False,False,False,True,20240812
000848.SZ,False,True,59,540803429.28,650361719.1200001,False,False,False,False,True,20240812
600262.SH,False,True,59,-95912556.5,646687073.21,False,False,False,True,True,20240812
688209.SH,True,True,18,-215822242.31,72550727.58,False,False,False,True,True,20240812
000850.SZ,False,True,59,-91162912.32,637120015.05,False,False,False,True,True,20240812
600265.SH,False,True,59,47229010.9,29514604.130000003,False,False,False,False,True,20240812
688210.SH,True,True,20,206083969.96000004,135050636.89,False,False,False,False,True,20240812
000852.SZ,False,True,59,-47942727.940000065,301642939.14,False,False,False,True,True,20240812
600266.SH,False,True,59,8530534725.160002,8781166581.910002,False,False,False,False,True,20240812
688211.SH,True,True,20,371999902.11,432497770.39,False,False,False,False,True,20240812
000856.SZ,False,True,59,-71689934.36,73442783.57999998,False,False,False,True,True,20240812
600267.SH,False,True,58,,1759391616.8799996,False,False,False,False,False,20240812
688212.SH,True,True,20,-61866813.92,-35857670.86,False,False,True,True,True,20240812
000858.SZ,False,True,59,43840589677.56,33873880506.86,False,False,False,False,True,20240812
600268.SH,False,True,59,1366367248.96,422811345.22,False,False,False,False,True,20240812
688215.SH,True,True,32,-1273679.4699999988,-39658285.29,False,False,True,True,True,20240812
000859.SZ,False,True,59,59409284.419999994,110017649.29,False,False,False,False,True,20240812
600269.SH,False,True,59,2630155529.58,2238491434.2200003,False,False,False,False,True,20240812
688216.SH,True,True,27,75742660.1,-89882916.12,False,False,True,False,True,20240812
000860.SZ,False,True,59,450014186.75,-244998520.31000006,False,False,True,False,True,20240812
600271.SH,False,True,59,314607261.5500001,1805519744.25,False,False,False,False,True,20240812
688217.SH,True,True,21,33576411.440000005,96189614.64999999,False,False,False,False,True,20240812
000862.SZ,False,True,59,523467252.85999995,519654188.0999999,False,False,False,False,True,20240812
600272.SH,False,True,59,-6634367.98,133609745.11,False,False,False,True,True,20240812
688218.SH,True,True,35,71846758.89000002,-39272895.61000001,False,False,True,False,True,20240812
000863.SZ,False,True,59,75054600.62999998,-123737194.02999999,False,False,True,False,True,20240812
600273.SH,False,True,59,922608991.24,843297111.6399999,False,False,False,False,True,20240812
688219.SH,True,True,22,425893352.22999996,195558618.75,False,False,False,False,True,20240812
000868.SZ,False,True,59,112058851.4,79737968.45999998,False,False,False,False,True,20240812
600276.SH,False,True,59,7801071446.330001,3295190713.4900002,False,False,False,False,True,20240812
688220.SH,True,True,19,-557494422.3,-725874978.21,False,False,True,True,True,20240812
000869.SZ,False,True,59,849052321.0,790522838.0,False,False,False,False,True,20240812
600278.SH,False,True,59,292497383.96,1538945263.3000002,False,False,False,False,True,20240812
688221.SH,True,True,26,-196222899.85,-343920310.20000005,False,False,True,True,True,20240812
000875.SZ,False,True,59,5457086130.56,4758966491.95,False,False,False,False,True,20240812
600279.SH,False,True,59,212878160.9000001,888872613.2,False,False,False,False,True,20240812
688222.SH,True,True,26,170387439.25,95922661.33000001,False,False,False,False,True,20240812
000876.SZ,False,True,59,16574378135.84,12353834426.259998,False,False,False,False,True,20240812
600280.SH,False,True,59,323279151.92,483036224.28,False,False,False,False,True,20240812
688223.SH,True,True,44,17625212709.989998,7425549368.280001,False,False,False,False,True,20240812
000877.SZ,False,True,59,9864956571.009998,18529868117.79,False,False,False,False,True,20240812
600281.SH,False,True,59,-15425058.170000002,-122935592.30000001,False,False,True,True,True,20240812
688225.SH,True,True,19,-283129434.04999995,-298187359.4700001,False,False,True,True,True,20240812
000878.SZ,False,True,59,-599813138.7600002,7513453074.619999,False,False,False,True,True,20240812
600282.SH,False,True,59,2171281934.8599997,3477503527.9399996,False,False,False,False,True,20240812
688226.SH,True,True,29,-203811998.45999998,-151541708.28,False,False,True,True,True,20240812
000880.SZ,False,True,59,235003003.75000006,454237967.16999996,False,False,False,False,True,20240812
600283.SH,False,True,59,379332472.94000006,848230149.2400001,False,False,False,False,True,20240812
688227.SH,True,True,20,-136779187.43,-26481033.14,False,False,True,True,True,20240812
000881.SZ,False,True,59,263951494.40999997,682328679.51,False,False,False,False,True,20240812
600284.SH,False,True,59,-23666273.52999997,2404689473.46,False,False,False,True,True,20240812
688228.SH,True,True,30,-21594089.64,-36546221.870000005,False,False,True,True,True,20240812
000882.SZ,False,True,59,696304603.27,599453162.39,False,False,False,False,True,20240812
600285.SH,False,True,59,710855162.6099999,924364741.19,False,False,False,False,True,20240812
688229.SH,True,True,29,-75974862.98,-88965284.53000002,False,False,True,True,True,20240812
000883.SZ,False,True,59,6152294150.940001,2349712790.7599993,False,False,False,False,True,20240812
600287.SH,False,True,59,673645963.97,-213813045.48,False,False,True,False,True,20240812
688230.SH,True,True,18,60698656.28000001,53766046.769999996,False,False,False,False,True,20240812
000885.SZ,False,True,59,1443121000.3,1952881720.0900002,False,False,False,False,True,20240812
600288.SH,False,True,59,76156618.57,-4119836.4600000083,False,False,True,False,True,20240812
688232.SH,True,True,20,186662727.91,138202892.41000003,False,False,False,False,True,20240812
000886.SZ,False,True,59,-525800100.5300001,-150885327.76,False,False,True,True,True,20240812
600289.SH,False,True,59,121973510.39000002,-28891994.24,False,False,True,False,True,20240812
688233.SH,True,True,26,122701264.70000002,75918934.37,False,False,False,False,True,20240812
000887.SZ,False,True,59,1755357036.97,860145777.6299999,False,False,False,False,True,20240812
600292.SH,False,True,59,735897869.2,421880625.40999997,False,False,False,False,True,20240812
688234.SH,True,True,18,-25788480.729999997,-102971928.06,False,False,True,True,True,20240812
000888.SZ,False,True,59,411634318.86,236286914.06,False,False,False,False,True,20240812
600293.SH,False,True,59,137853259.17999998,249839273.52999997,False,False,False,False,True,20240812
688235.SH,True,True,19,-5791902000.0,-9566187000.0,False,False,True,True,True,20240812
000889.SZ,False,True,59,-5262933.719999999,-15152132.88000001,False,False,True,True,True,20240812
600295.SH,False,True,59,4884756164.650001,6397218268.890001,False,False,False,False,True,20240812
688236.SH,True,True,20,481627894.35,83548362.19,False,False,False,False,True,20240812
000890.SZ,False,True,59,-9875271.310000002,91953850.47999999,False,False,False,True,True,20240812
600298.SH,False,True,59,925967462.8599999,1637327788.87,False,False,False,False,True,20240812
688238.SH,True,True,26,-141612521.39,-35329914.769999996,False,False,True,True,True,20240812
000892.SZ,False,True,59,19545029.54999999,-29256918.759999998,False,False,True,False,True,20240812
600299.SH,False,True,59,2819547380.0,2563437108.0,False,False,False,False,True,20240812
688239.SH,True,True,28,303735255.66999996,-39958530.390000015,False,False,True,False,True,20240812
000893.SZ,False,True,59,1160926760.98,1989274693.1600003,False,False,False,False,True,20240812
600300.SH,False,True,59,290515966.85999995,872608532.04,False,False,False,False,True,20240812
688246.SH,True,True,20,-137251675.13999996,-227444934.53999996,False,False,True,True,True,20240812
000895.SZ,False,True,59,6613500673.070001,6365820157.99,False,False,False,False,True,20240812
600301.SH,False,True,59,1165924184.04,377016721.08,False,False,False,False,True,20240812
688248.SH,True,True,18,484618269.84999996,158318013.02,False,False,False,False,True,20240812
000897.SZ,False,True,59,-199330792.95,320718122.24,False,False,False,True,True,20240812
600302.SH,False,True,59,-27551105.61,15205633.97,False,False,False,True,True,20240812
688255.SH,True,True,27,75925669.53,-60682867.38,False,False,True,False,True,20240812
000898.SZ,False,True,59,-264000000.0,4414000000.0,False,False,False,True,True,20240812
600303.SH,False,True,59,-314781543.87,-8315368.530000016,False,False,True,True,True,20240812
688256.SH,True,True,24,-728250115.98,-994884567.49,False,False,True,True,True,20240812
000899.SZ,False,True,59,1401394794.94,169860885.30999994,False,False,False,False,True,20240812
600305.SH,False,True,59,315559643.47,186178537.83999997,False,False,False,False,True,20240812
688257.SH,False,True,29,91055506.75,28251791.99000001,False,False,False,False,True,20240812
000900.SZ,False,True,59,3045096627.76,3090527500.56,False,False,False,False,True,20240812
600307.SH,False,True,59,-81761175.77000004,-716027954.9700003,False,False,True,True,True,20240812
688258.SH,False,True,26,112979674.53,32097722.699999996,False,False,False,False,True,20240812
000901.SZ,False,True,59,348749398.6,-185017103.82999998,False,False,True,False,True,20240812
600308.SH,False,True,59,542773058.35,816600056.49,False,False,False,False,True,20240812
688259.SH,False,True,20,-2042600.7699999958,224489633.29999998,False,False,False,True,True,20240812
000902.SZ,False,True,59,3140617386.07,121298246.83999991,False,False,False,False,True,20240812
600309.SH,False,True,59,25866210550.899998,33275286022.25,False,False,False,False,True,20240812
688260.SH,False,True,21,-69240542.63,-60802113.82,False,False,True,True,True,20240812
000903.SZ,False,True,59,-1731928071.07,-1629132749.4099998,False,False,True,True,True,20240812
600310.SH,False,True,59,1113067586.6000001,1169477617.5,False,False,False,False,True,20240812
688261.SH,False,True,18,38569249.85,88754327.30000001,False,False,False,False,True,20240812
000905.SZ,False,True,59,-88257719.41,-100279179.70999998,False,False,True,True,True,20240812
600312.SH,False,True,59,2910824279.0599995,1886005525.15,False,False,False,False,True,20240812
688262.SH,False,True,20,-226338699.96999997,-249879148.32999998,False,False,True,True,True,20240812
000906.SZ,False,True,59,-9153591041.08,3351443701.4400005,False,False,False,True,True,20240812
600313.SH,False,True,59,176310268.79000002,207503803.67000002,False,False,False,False,True,20240812
688265.SH,False,True,27,31116851.42,33107561.04,False,False,False,False,True,20240812
000908.SZ,False,True,59,34376015.47,81039539.72999999,False,False,False,False,True,20240812
600315.SH,False,True,59,525755363.71,295480222.13000005,False,False,False,False,True,20240812
688266.SH,False,True,26,13518522.980000004,-345111440.37,False,False,True,False,True,20240812
000909.SZ,False,True,59,369870575.03,398483276.33000004,False,False,False,False,True,20240812
600316.SH,False,True,59,597351333.14,-483833792.65000004,False,False,True,False,True,20240812
688268.SH,False,True,30,228599140.65,416919439.26,False,False,False,False,True,20240812
000910.SZ,False,True,59,620499174.56,696658079.62,False,False,False,False,True,20240812
600318.SH,False,True,59,158474329.30999997,231518189.04,False,False,False,False,True,20240812
688269.SH,False,True,31,164624226.01,100863297.32000001,False,False,False,False,True,20240812
000911.SZ,False,True,58,,566343500.38,False,False,False,False,False,20240812
600319.SH,False,True,59,-50526281.230000004,88530550.01,False,False,False,True,True,20240812
688270.SH,False,True,18,17448867.42,23039322.009999998,False,False,False,False,True,20240812
000912.SZ,False,True,59,1022034904.89,14868972.960000038,False,False,False,False,True,20240812
600320.SH,False,True,59,5002292398.0,4091964929.0,False,False,False,False,True,20240812
688272.SH,False,True,20,-28488189.72,-14785356.800000004,False,False,True,True,True,20240812
000913.SZ,False,True,59,1216353853.6399999,538559628.49,False,False,False,False,True,20240812
600322.SH,False,True,59,-114894688.93000007,1394785991.1399999,False,False,False,True,True,20240812
688276.SH,False,True,21,265244207.70999998,140620985.01,False,False,False,False,True,20240812
000915.SZ,False,True,59,1000446946.8800001,1183774429.12,False,False,False,False,True,20240812
600323.SH,False,True,59,3153941366.03,675847518.88,False,False,False,False,True,20240812
688277.SH,False,True,32,-132336665.88999999,-130886377.76,False,False,True,True,True,20240812
000917.SZ,False,True,59,-378460.4199999869,157847615.04,False,False,False,True,True,20240812
600325.SH,False,True,59,17911905771.889996,58362888604.50001,False,False,False,False,True,20240812
688278.SH,False,True,26,533846356.71000004,261960040.59000003,False,False,False,False,True,20240812
000919.SZ,False,True,59,190558218.44000003,266351192.82999998,False,False,False,False,True,20240812
600326.SH,False,True,59,21834820.050000012,244751405.96,False,False,False,False,True,20240812
688279.SH,False,True,17,208270824.44,44163290.00000001,False,False,False,False,True,20240812
000920.SZ,False,True,59,250671867.51,235224235.78000003,False,False,False,False,True,20240812
600327.SH,False,True,59,240256926.43000004,113105155.36999999,False,False,False,False,True,20240812
688280.SH,False,True,20,-208889473.29000005,-425770973.86,False,False,True,True,True,20240812
000921.SZ,False,True,59,8899786904.48,7124398193.450001,False,False,False,False,True,20240812
600328.SH,False,True,59,1314582205.14,983828443.5,False,False,False,False,True,20240812
688281.SH,False,True,18,40721531.18999998,243472451.94,False,False,False,False,True,20240812
000922.SZ,False,True,59,548763083.67,174962948.28,False,False,False,False,True,20240812
600329.SH,False,True,59,1121268705.6399999,710623898.05,False,False,False,False,True,20240812
688285.SH,False,True,25,173199289.49,-14663940.789999992,False,False,True,False,True,20240812
000923.SZ,False,True,59,1529162956.9899998,729598556.27,False,False,False,False,True,20240812
600330.SH,False,True,59,143136131.95,672685962.4,False,False,False,False,True,20240812
688286.SH,False,True,27,-38641083.2,-13483011.489999995,False,False,True,True,True,20240812
000925.SZ,False,True,59,92765097.57999998,387037734.11999995,False,False,False,False,True,20240812
600331.SH,False,True,59,152509179.29000002,241290047.52999997,False,False,False,False,True,20240812
688288.SH,False,True,26,-134690183.14,-19562640.209999993,False,False,True,True,True,20240812
000926.SZ,False,True,59,38149023.139999926,1584422139.5399997,False,False,False,False,True,20240812
600332.SH,False,True,59,2807594773.75,4546151473.88,False,False,False,False,True,20240812
688289.SH,False,True,24,97433071.22999999,1522670201.1699996,False,False,False,False,True,20240812
000927.SZ,False,True,59,801053251.4100002,971876638.6999998,False,False,False,False,True,20240812
600333.SH,False,True,59,173375063.17000002,152671858.64000002,False,False,False,False,True,20240812
688290.SH,False,True,17,64760729.39,12178014.279999994,False,False,False,False,True,20240812
000928.SZ,False,True,59,637367626.0799999,1843929180.2499998,False,False,False,False,True,20240812
600335.SH,False,True,59,1381027987.09,-664936321.1700001,False,False,True,False,True,20240812
688295.SH,True,True,17,400309085.68,78822309.62,False,False,False,False,True,20240812
000929.SZ,False,True,59,-53966554.93,-12049718.729999997,False,False,True,True,True,20240812
600336.SH,False,True,59,133458818.82000001,-106553805.44999999,False,False,True,False,True,20240812
688296.SH,True,True,30,-10994511.429999985,-13092561.38000001,False,False,True,True,True,20240812
000930.SZ,False,True,59,2054221672.16,-390697938.91,False,False,True,False,True,20240812
600337.SH,False,True,59,196127484.22000003,534531974.13,False,False,False,False,True,20240812
688298.SH,True,True,26,-790913804.4499998,-524263171.5899999,False,False,True,True,True,20240812
000931.SZ,False,True,59,132513667.59,405328712.65,False,False,False,False,True,20240812
600338.SH,False,True,59,46104019.71000001,658556873.1199999,False,False,False,False,True,20240812
688299.SH,True,True,30,63445693.82000001,116365221.56000003,False,False,False,False,True,20240812
000932.SZ,False,True,59,10935792679.0,6526911622.690001,False,False,False,False,True,20240812
600339.SH,False,True,59,5692283729.919999,664048398.5200005,False,False,False,False,True,20240812
688300.SH,True,True,37,236027696.82999998,248242398.64,False,False,False,False,True,20240812
000933.SZ,False,True,59,10650357124.510002,12638662542.33,False,False,False,False,True,20240812
600340.SH,False,True,59,-1948682522.98,-1034412987.77,False,False,True,True,True,20240812
688301.SH,True,True,26,416110746.28000003,313915192.59,False,False,False,False,True,20240812
000935.SZ,False,True,59,422613108.66999996,356213246.02000004,False,False,False,False,True,20240812
600343.SH,False,True,59,-112253326.36999997,-68256718.07,False,False,True,True,True,20240812
688302.SH,True,True,17,-225768045.16,-295050879.87,False,False,True,True,True,20240812
000936.SZ,False,True,59,-39510729.489999995,89647636.7,False,False,False,True,True,20240812
600345.SH,False,True,59,-149787015.73000002,-28094273.459999993,False,False,True,True,True,20240812
688303.SH,True,True,29,-132381487.9800005,13952286205.050003,False,False,False,True,True,20240812
000937.SZ,False,True,59,4582564098.35,3549184874.96,False,False,False,False,True,20240812
600346.SH,False,True,59,23930017869.33,21456624684.18,False,False,False,False,True,20240812
688305.SH,True,True,21,-8754847.57,23091957.01,False,False,False,True,True,20240812
000938.SZ,False,True,59,-2869240297.3900003,3447417705.53,False,False,False,True,True,20240812
600348.SH,False,True,59,4002996802.21,10053671313.48,False,False,False,False,True,20240812
688306.SH,True,True,20,383677782.32,8099419.080000013,False,False,False,False,True,20240812
000948.SZ,False,True,59,-193939665.81999993,238887139.39999986,False,False,False,True,True,20240812
600350.SH,False,True,59,6068613380.909999,5116655973.370001,False,False,False,False,True,20240812
688308.SH,True,True,22,-71692175.57,35967738.83999999,False,False,False,True,True,20240812
000949.SZ,False,True,59,314854350.3299999,174196855.89,False,False,False,False,True,20240812
600351.SH,False,True,59,584958020.6999999,522992678.96000004,False,False,False,False,True,20240812
688309.SH,True,True,33,30775575.58,115292027.82000001,False,False,False,False,True,20240812
000950.SZ,False,True,59,666080976.96,-536346231.28999996,False,False,True,False,True,20240812
600352.SH,False,True,59,1645535335.79,4105554074.03,False,False,False,False,True,20240812
688310.SH,True,True,33,48951446.41999999,176173480.29000002,False,False,False,False,True,20240812
000951.SZ,False,True,59,5582868540.37,5557458870.33,False,False,False,False,True,20240812
600353.SH,False,True,59,78284304.19,-77086751.94,False,False,True,False,True,20240812
688311.SH,True,True,25,-97762092.82,128019438.76,False,False,False,True,True,20240812
000952.SZ,False,True,59,-113915701.73000002,-90050407.14999998,False,False,True,True,True,20240812
600354.SH,False,True,59,230280652.23,362808768.19,False,False,False,False,True,20240812
688312.SH,True,True,25,-77188450.54,80872165.82000001,False,False,False,True,True,20240812
000953.SZ,False,True,59,16118919.160000002,-9910311.75,False,False,True,False,True,20240812
600356.SH,False,True,59,270054366.8,45029164.650000006,False,False,False,False,True,20240812
688313.SH,True,True,24,17699320.159999996,140460019.95000002,False,False,False,False,True,20240812
000955.SZ,False,True,59,50694235.4,37006223.260000005,False,False,False,False,True,20240812
600358.SH,False,True,59,-16780747.15,15056671.910000011,False,False,False,True,True,20240812
688314.SH,True,True,21,128763115.54,77723348.87,False,False,False,False,True,20240812
000957.SZ,False,True,59,1630344077.6499999,209546417.10000014,False,False,False,False,True,20240812
600359.SH,False,True,59,-50839517.1,9191018.320000023,False,False,False,True,True,20240812
688315.SH,True,True,25,256367871.36999997,318511108.94,False,False,False,False,True,20240812
000958.SZ,False,True,59,1993966213.88,744359460.8899996,False,False,False,False,True,20240812
600360.SH,False,True,59,352939129.98,252256023.85000002,False,False,False,False,True,20240812
688316.SH,True,True,22,-29624957.25999999,-141083310.63,False,False,True,True,True,20240812
000959.SZ,False,True,59,6944403297.209999,8114803005.559999,False,False,False,False,True,20240812
600361.SH,False,True,59,-1159929009.9699998,-893362436.5600001,False,False,True,True,True,20240812
688317.SH,True,True,31,134611297.73000002,93178126.61000001,False,False,False,False,True,20240812
000960.SZ,False,True,59,2375276864.13,4300535659.969999,False,False,False,False,True,20240812
600362.SH,False,True,59,-333505444.0,9767084999.0,False,False,False,True,True,20240812
688318.SH,True,True,32,219354358.36,267610702.87000003,False,False,False,False,True,20240812
000962.SZ,False,True,59,-127606958.16,70770046.65,False,False,False,True,True,20240812
600363.SH,False,True,59,223031329.22000003,21624281.28,False,False,False,False,True,20240812
688319.SH,True,True,29,7141217.679999992,-11120082.049999997,False,False,True,False,True,20240812
000963.SZ,False,True,59,4182729439.4899993,4119362006.98,False,False,False,False,True,20240812
600365.SH,False,True,59,-467063286.52000004,-508588366.24000007,False,False,True,True,True,20240812
688320.SH,True,True,17,-47951226.03000001,-194290698.8,False,False,True,True,True,20240812
000965.SZ,False,True,59,-735547624.4000002,-138654379.70999998,False,False,True,True,True,20240812
600366.SH,False,True,59,1329071170.68,-247016044.71000016,False,False,True,False,True,20240812
688321.SH,True,True,27,-20346132.609999985,-100961099.92,False,False,True,True,True,20240812
000966.SZ,False,True,59,4123633122.98,496852120.39,False,False,False,False,True,20240812
600367.SH,False,True,59,173128169.89,318766202.15000004,False,False,False,False,True,20240812
688323.SH,True,True,21,57761956.0,75491427.44,False,False,False,False,True,20240812
000967.SZ,False,True,59,1093351040.3200002,1579754158.77,False,False,False,False,True,20240812
600368.SH,False,True,59,993787368.1700001,2160163702.88,False,False,False,False,True,20240812
688325.SH,True,True,17,93449516.6,14490695.569999998,False,False,False,False,True,20240812
000968.SZ,False,True,59,1205784044.33,703838209.6700001,False,False,False,False,True,20240812
600369.SH,False,True,59,1153946931.31,1560369233.8200002,False,False,False,False,True,20240812
688326.SH,True,True,18,-661220792.35,-443974778.56,False,False,True,True,True,20240812
000969.SZ,False,True,59,722560410.49,608975683.91,False,False,False,False,True,20240812
600370.SH,False,True,59,-2888305372.4599996,1205694865.8000002,False,False,False,True,True,20240812
688328.SH,True,True,33,-81272290.22,-37612358.21999999,False,False,True,True,True,20240812
000970.SZ,False,True,59,1353738723.6,1170868962.75,False,False,False,False,True,20240812
600371.SH,False,True,59,4629190.019999998,33510098.270000003,False,False,False,False,True,20240812
688329.SH,True,True,22,77565666.86,89857755.05000001,False,False,False,False,True,20240812
000972.SZ,False,True,59,-243445282.19,166078023.43000004,False,False,False,True,True,20240812
600372.SH,False,True,59,204388067.54000044,-1800999836.4400003,False,False,True,False,True,20240812
688330.SH,True,True,24,378677208.53,51991063.74000001,False,False,False,False,True,20240812
000973.SZ,False,True,59,390720730.78999996,234719664.39000002,False,False,False,False,True,20240812
600373.SH,False,True,59,2247169598.56,1714458877.5500002,False,False,False,False,True,20240812
688331.SH,True,True,18,-1615261345.8400002,-1269088950.47,False,False,True,True,True,20240812
000975.SZ,False,True,59,2699873642.05,2301368469.16,False,False,False,False,True,20240812
600375.SH,False,True,59,-310993152.38,628187420.52,False,False,False,True,True,20240812
688333.SH,True,True,27,-115434631.37,-304841045.16999996,False,False,True,True,True,20240812
000977.SZ,False,True,59,1199668192.4299994,7292590712.060001,False,False,False,False,True,20240812
600376.SH,False,True,59,-2308561887.89,5419832831.77,False,False,False,True,True,20240812
688335.SH,True,True,34,25730975.32,150829174.5,False,False,False,False,True,20240812
000978.SZ,False,True,59,93266348.28,-35363167.97,False,False,True,False,True,20240812
600377.SH,False,True,59,6839541334.279999,6990046468.289999,False,False,False,False,True,20240812
688336.SH,True,True,41,395273822.40999997,284147076.99,False,False,False,False,True,20240812
000980.SZ,False,True,59,-80433835.25,269366766.0,False,False,False,True,True,20240812
600378.SH,False,True,59,637105453.9300001,992104076.27,False,False,False,False,True,20240812
688337.SH,True,True,17,20581549.2,77724152.42,False,False,False,False,True,20240812
000981.SZ,False,True,59,641573000.8900001,-693970777.31,False,False,True,False,True,20240812
600379.SH,False,True,59,82719882.10000001,69092712.89000002,False,False,False,False,True,20240812
688338.SH,True,True,24,116055703.19,113110706.83999999,False,False,False,False,True,20240812
000983.SZ,False,True,59,11090136249.8,15513557910.97,False,False,False,False,True,20240812
600380.SH,False,True,59,4409001696.44,3331959600.04,False,False,False,False,True,20240812
688339.SH,True,True,32,-467391051.70000005,-585755492.78,False,False,True,True,True,20240812
000985.SZ,False,True,59,68332228.93,43896632.16,False,False,False,False,True,20240812
600381.SH,False,True,59,65717972.69,-40056413.46,False,False,True,False,True,20240812
688345.SH,True,True,21,-159532119.94,51083659.559999995,False,False,False,True,True,20240812
000987.SZ,False,True,59,13763713131.77,5606839626.16,False,False,False,False,True,20240812
600382.SH,False,True,59,33716423.81,1970291.5900000036,False,False,False,False,True,20240812
688350.SH,True,True,25,208876506.0,73899988.34,False,False,False,False,True,20240812
000988.SZ,False,True,59,898190865.0000001,1160451924.71,False,False,False,False,True,20240812
600383.SH,False,True,59,6569002116.5199995,13991502521.510002,False,False,False,False,True,20240812
688355.SH,True,True,21,102002700.14999999,120201895.01,False,False,False,False,True,20240812
000989.SZ,False,True,59,-261821076.52,356889473.42999995,False,False,False,True,True,20240812
600386.SH,False,True,59,542795112.78,614248828.93,False,False,False,False,True,20240812
688356.SH,True,True,25,77132223.78,145978479.96000004,False,False,False,False,True,20240812
000990.SZ,False,True,59,1955654677.77,920063844.02,False,False,False,False,True,20240812
600388.SH,False,True,59,2147566286.83,893259320.4000001,False,False,False,False,True,20240812
688357.SH,True,True,34,-95954055.8,-17017964.66,False,False,True,True,True,20240812
000993.SZ,False,True,59,73500212.24000001,78210832.42000002,False,False,False,False,True,20240812
600389.SH,False,True,59,544006116.72,1020844589.93,False,False,False,False,True,20240812
688358.SH,True,True,26,104625942.94999999,86930516.34,False,False,False,False,True,20240812
000995.SZ,False,True,59,3209426.5,3486141.240000001,False,False,False,False,True,20240812
600390.SH,False,True,59,5953376038.389999,1318750683.41,False,False,False,False,True,20240812
688359.SH,True,True,29,-42605676.04,7777316.94,False,False,False,True,True,20240812
000997.SZ,False,True,59,768351119.3899999,1924442013.7400002,False,False,False,False,True,20240812
600391.SH,False,True,59,-441231699.3699999,306137376.6600001,False,False,False,True,True,20240812
688360.SH,True,True,34,36396114.370000005,117346675.83,False,False,False,False,True,20240812
000998.SZ,False,True,59,-680127985.4699998,1039200213.4,False,False,False,True,True,20240812
600392.SH,False,True,59,1154304287.47,-928641041.19,False,False,True,False,True,20240812
688363.SH,True,True,27,777845387.3,582110447.3000001,False,False,False,False,True,20240812
000999.SZ,False,True,59,4782932951.059999,2875595143.11,False,False,False,False,True,20240812
600395.SH,False,True,59,758277374.93,2898959590.5999994,False,False,False,False,True,20240812
688365.SH,True,True,25,46669767.080000006,-27653861.429999992,False,False,True,False,True,20240812
001201.SZ,False,True,24,-195972558.94,45654784.16,False,False,False,True,True,20240812
600396.SH,False,True,59,626684085.37,-374640355.65,False,False,True,False,True,20240812
688366.SH,True,True,30,678972108.63,400503722.94,False,False,False,False,True,20240812
001202.SZ,False,True,31,167018683.35000002,200632090.87,False,False,False,False,True,20240812
600397.SH,False,True,59,-54743386.28999999,316350712.91,False,False,False,True,True,20240812
688367.SH,True,True,30,64594058.300000004,-1049771.2800000012,False,False,True,False,True,20240812
001203.SZ,False,True,26,2277886110.97,688772334.5600001,False,False,False,False,True,20240812
600398.SH,False,True,59,4460164094.57,4581721262.880001,False,False,False,False,True,20240812
688368.SH,True,True,29,261472543.22,153334988.32000002,False,False,False,False,True,20240812
001205.SZ,False,True,30,462988592.0,297571264.91,False,False,False,False,True,20240812
600399.SH,False,True,59,-145774516.82,-170404121.08999997,False,False,True,True,True,20240812
688369.SH,True,True,26,-95600684.03000003,-88062496.34,False,False,True,True,True,20240812
001206.SZ,False,True,28,102629742.19000001,243808791.33,False,False,False,False,True,20240812
600400.SH,False,True,59,324399104.85,243092625.64,False,False,False,False,True,20240812
688371.SH,True,True,17,49029440.27,69709922.89999998,False,False,False,False,True,20240812
001207.SZ,False,True,37,194053812.78999996,73499913.35,False,False,False,False,True,20240812
600403.SH,False,True,59,143165129.01,1948650662.5300004,False,False,False,False,True,20240812
688377.SH,True,True,31,61508559.379999995,117958662.39999999,False,False,False,False,True,20240812
001208.SZ,False,True,21,318019205.14,379432632.45,False,False,False,False,True,20240812
600405.SH,False,True,59,21910896.510000005,153349724.54,False,False,False,False,True,20240812
688378.SH,True,True,30,-7198144.089999998,60617525.08,False,False,False,True,True,20240812
001209.SZ,False,True,21,3845249.6099999994,184376574.29,False,False,False,False,True,20240812
600406.SH,False,True,59,11239170083.29,8203143712.109999,False,False,False,False,True,20240812
688379.SH,True,True,30,-164858177.46000004,-294597602.04,False,False,True,True,True,20240812
001210.SZ,False,True,25,187451602.52,172102597.60999998,False,False,False,False,True,20240812
600408.SH,False,True,59,400133697.47,397347127.5,False,False,False,False,True,20240812
688383.SH,True,True,21,207486715.3,-136559863.18,False,False,True,False,True,20240812
001211.SZ,False,True,21,1116445.799999997,-39368893.78,False,False,True,False,True,20240812
600409.SH,False,True,59,1870682551.0,878517920.1799998,False,False,False,False,True,20240812
688385.SH,True,True,21,509401757.2400001,-1098260878.17,False,False,True,False,True,20240812
001212.SZ,False,True,21,131792231.17999999,28896314.240000006,False,False,False,False,True,20240812
600410.SH,False,True,59,455743699.59000003,268032790.3,False,False,False,False,True,20240812
688386.SH,True,True,24,124708068.58,45967292.86000001,False,False,False,False,True,20240812
001213.SZ,False,True,21,1260904824.4499998,801671313.9200001,False,False,False,False,True,20240812
600415.SH,False,True,59,1816176154.97,2209925243.17,False,False,False,False,True,20240812
688388.SH,True,True,40,-633531153.56,-11513199.760000005,False,False,True,True,True,20240812
001215.SZ,False,True,20,179009001.32000002,140060258.58999997,False,False,False,False,True,20240812
600416.SH,False,True,59,337206778.42,782610518.45,False,False,False,False,True,20240812
688389.SH,True,True,26,325632244.72,245588554.21999997,False,False,False,False,True,20240812
001216.SZ,False,True,24,196507298.19,208450044.61,False,False,False,False,True,20240812
600418.SH,False,True,59,2875043522.59,1497737647.09,False,False,False,False,True,20240812
688390.SH,True,True,30,-580158000.22,1615203720.39,False,False,False,True,True,20240812
001217.SZ,False,True,20,389266016.55,-5889519.020000003,False,False,True,False,True,20240812
600419.SH,False,True,59,490872721.25000006,249643099.51999998,False,False,False,False,True,20240812
688393.SH,True,True,29,16314835.390000002,-12667448.23,False,False,True,False,True,20240812
001218.SZ,False,True,23,251448283.13,181415014.26999998,False,False,False,False,True,20240812
600420.SH,False,True,59,2625678537.4700003,2499853385.13,False,False,False,False,True,20240812
688395.SH,True,True,31,40287066.28,80690424.8,False,False,False,False,True,20240812
001219.SZ,False,True,26,92610237.68,66752362.4,False,False,False,False,True,20240812
600422.SH,False,True,59,780478657.93,222323921.29000005,False,False,False,False,True,20240812
688396.SH,True,True,25,1609140551.5,2178472549.1499996,False,False,False,False,True,20240812
001222.SZ,False,True,16,69935275.42,118925296.80000001,False,False,False,False,True,20240812
600423.SH,False,True,59,35530841.45999999,31754871.659999996,False,False,False,False,True,20240812
688398.SH,True,True,29,93641890.18000002,141964090.34,False,False,False,False,True,20240812
001226.SZ,False,True,16,48766993.92999998,-279480527.81,False,False,True,False,True,20240812
600425.SH,False,True,59,357608235.46000004,348067615.13,False,False,False,False,True,20240812
688399.SH,True,True,26,350458743.25,723827702.64,False,False,False,False,True,20240812
001227.SZ,False,True,31,766324738.1599998,5351690151.379999,False,False,False,False,True,20240812
600426.SH,False,True,59,5246344670.389999,4931288818.829999,False,False,False,False,True,20240812
688408.SH,True,True,24,-508605174.5799999,526120246.2900001,False,False,False,True,True,20240812
001228.SZ,False,True,19,243546120.76,140097090.21,False,False,False,False,True,20240812
600428.SH,False,True,59,2880059591.74,2567236280.8100004,False,False,False,False,True,20240812
688418.SH,True,True,27,17808303.780000016,-95618047.01,False,False,True,False,True,20240812
001229.SZ,False,True,16,89411212.62999998,101645578.89,False,False,False,False,True,20240812
600429.SH,False,True,59,284731803.55,-346391385.11,False,False,True,False,True,20240812
688425.SH,True,True,21,599597272.3300002,1314077625.84,False,False,False,False,True,20240812
001230.SZ,False,True,17,41235317.89,136770246.96,False,False,False,False,True,20240812
600433.SH,False,True,59,1979010.5900000334,-163115296.0100001,False,False,True,False,True,20240812
688432.SH,True,True,17,213611519.76,352064727.18000007,False,False,False,False,True,20240812
001231.SZ,False,True,16,103165619.88999999,54009616.12,False,False,False,False,True,20240812
600435.SH,False,True,59,-437588376.34000015,112062426.49,False,False,False,True,True,20240812
688456.SH,True,True,22,-61494969.94000001,51362447.980000004,False,False,False,True,True,20240812
001234.SZ,False,True,20,71065241.77999999,70148561.37,False,False,False,False,True,20240812
600436.SH,False,True,59,1219516453.99,2877057280.5200005,False,False,False,False,True,20240812
688466.SH,True,True,25,36119291.25999999,160068165.56,False,False,False,False,True,20240812
001236.SZ,False,True,21,2164052437.5200005,-2915150553.29,False,False,True,False,True,20240812
600438.SH,False,True,59,10484467157.149998,51537746553.74999,False,False,False,False,True,20240812
688468.SH,True,True,21,182883136.86,196022704.13,False,False,False,False,True,20240812
001266.SZ,False,True,17,4495862.5,15431354.529999994,False,False,False,False,True,20240812
600439.SH,False,True,59,227165529.36,260966609.86,False,False,False,False,True,20240812
688488.SH,True,True,25,-125441207.48999998,-146386143.82000002,False,False,True,True,True,20240812
001267.SZ,False,True,59,35106923.88999999,211514830.11,False,False,False,False,True,20240812
600444.SH,False,True,59,-56186122.53,28282945.58,False,False,False,True,True,20240812
688499.SH,True,True,23,-697539583.74,-480121104.96999997,False,False,True,True,True,20240812
001268.SZ,False,True,16,55008610.12999998,-29367535.379999995,False,False,True,False,True,20240812
600446.SH,False,True,59,535435359.35,269847892.15999997,False,False,False,False,True,20240812
688500.SH,True,True,31,-35217118.690000005,11359308.039999992,False,False,False,True,True,20240812
001270.SZ,False,True,17,-95605080.12,32594601.82,False,False,False,True,True,20240812
600448.SH,False,True,59,127677192.41000001,158479849.3,False,False,False,False,True,20240812
688501.SH,True,True,21,37711340.53,-325530.12000000104,False,False,True,False,True,20240812
001288.SZ,False,True,20,-218651719.94,34903378.470000006,False,False,False,True,True,20240812
600449.SH,False,True,59,753007993.81,1231842142.0900002,False,False,False,False,True,20240812
688505.SH,True,True,25,207419156.0,-2852361.0,False,False,True,False,True,20240812
001289.SZ,False,True,52,12836803606.240002,21556653493.299995,False,False,False,False,True,20240812
600452.SH,False,True,59,1570786500.5900002,1490528217.07,False,False,False,False,True,20240812
688508.SH,True,True,40,24423036.760000005,41203674.56999999,False,False,False,False,True,20240812
001296.SZ,False,True,26,201997508.81,-61115090.05999999,False,False,True,False,True,20240812
600455.SH,False,True,58,,95943168.47,False,False,False,False,False,20240812
688509.SH,True,True,21,-28779271.239999995,-90235748.66,False,False,True,True,True,20240812
001308.SZ,False,True,17,-1146694367.3600001,883362134.1,False,False,False,True,True,20240812
600456.SH,False,True,59,238200346.01999998,-34680180.67999997,False,False,True,False,True,20240812
688510.SH,True,True,28,107392415.76,129773988.32,False,False,False,False,True,20240812
001309.SZ,False,True,18,-1265572152.09,-566844507.6999999,False,False,True,True,True,20240812
600458.SH,False,True,59,1107719094.1799998,2392691.210000038,False,False,False,False,True,20240812
688511.SH,True,True,21,19669478.22,28045445.510000005,False,False,False,False,True,20240812
001313.SZ,False,True,23,432751096.03000003,-103826874.54000002,False,False,True,False,True,20240812
600459.SH,False,True,59,-1298534518.44,837007983.04,False,False,False,True,True,20240812
688513.SH,True,True,30,237251510.79,179059157.48000002,False,False,False,False,True,20240812
001316.SZ,False,True,16,-32563715.279999997,14110205.229999999,False,False,False,True,True,20240812
600460.SH,False,True,59,695516974.5699999,176827909.86,False,False,False,False,True,20240812
688516.SH,True,True,31,503472919.12,640768673.3499999,False,False,False,False,True,20240812
001317.SZ,False,True,28,-24987560.15,27672617.879999995,False,False,False,True,True,20240812
600461.SH,False,True,59,1519621948.3300002,2200098420.91,False,False,False,False,True,20240812
688517.SH,True,True,21,149843403.69,91344101.51,False,False,False,False,True,20240812
001318.SZ,False,True,16,145720950.91,181598600.22,False,False,False,False,True,20240812
600463.SH,False,True,59,-94252016.72,-71538622.99,False,False,True,True,True,20240812
688518.SH,True,True,38,-213837989.79,-41829232.98999998,False,False,True,True,True,20240812
001319.SZ,False,True,17,61795697.07,109408567.63999999,False,False,False,False,True,20240812
600467.SH,False,True,59,957882351.5400001,318391962.02,False,False,False,False,True,20240812
688519.SH,True,True,34,112057852.14000002,201646420.88,False,False,False,False,True,20240812
001323.SZ,False,True,16,1047035980.7,1745634974.98,False,False,False,False,True,20240812
600468.SH,False,True,59,208603581.45,146657079.8,False,False,False,False,True,20240812
688520.SH,True,True,25,-76870721.79000002,-362973307.52,False,False,True,True,True,20240812
001336.SZ,False,True,16,27164424.9,-1076478.009999998,False,False,True,False,True,20240812
600469.SH,False,True,59,231450009.7,563847545.8800001,False,False,False,False,True,20240812
688521.SH,True,True,25,-122318994.89999995,-482527915.57,False,False,True,True,True,20240812
001339.SZ,False,True,16,521832863.96000004,-10867942.830000013,False,False,True,False,True,20240812
600470.SH,False,True,59,609506789.75,334797893.18,False,False,False,False,True,20240812
688526.SH,True,True,24,478136661.9499999,459620207.39000005,False,False,False,False,True,20240812
001696.SZ,False,True,59,-130935970.69999999,944213906.67,False,False,False,True,True,20240812
600475.SH,False,True,59,666690866.48,618461461.5200001,False,False,False,False,True,20240812
688528.SH,True,True,25,-22353231.269999996,27508204.47,False,False,False,True,True,20240812
001872.SZ,False,True,59,7391145034.240001,6009971519.220001,False,False,False,False,True,20240812
600476.SH,False,True,58,,39541361.370000005,False,False,False,False,False,20240812
688529.SH,True,True,22,-722629852.92,-478289663.02,False,False,True,True,True,20240812
001896.SZ,False,True,59,1605977593.21,-237090253.86,False,False,True,False,True,20240812
600477.SH,False,True,59,-501238515.81,-905849049.02,False,False,True,True,True,20240812
688533.SH,True,True,22,352911527.13,61364744.58,False,False,False,False,True,20240812
001914.SZ,False,True,59,688418864.3500001,1180798745.11,False,False,False,False,True,20240812
600478.SH,False,True,59,674986553.03,4427011.7500000205,False,False,False,False,True,20240812
688536.SH,True,True,25,-35164528.29000001,128908949.10000002,False,False,False,True,True,20240812
001965.SZ,False,True,35,5498970566.139999,4636668738.84,False,False,False,False,True,20240812
600479.SH,False,True,59,461758621.1,380337983.39,False,False,False,False,True,20240812
688538.SH,True,True,21,16346063.420000017,-269455336.09000003,False,False,True,False,True,20240812
001979.SZ,False,True,42,6200100240.300003,45092316002.17,False,False,False,False,True,20240812
600480.SH,False,True,59,1622029012.07,1600086533.78,False,False,False,False,True,20240812
688550.SH,True,True,30,406879764.5300001,318755199.32,False,False,False,False,True,20240812
002001.SZ,False,True,59,6022132300.74,4354586967.34,False,False,False,False,True,20240812
600481.SH,False,True,59,822309849.69,-3600431183.4599996,False,False,True,False,True,20240812
688551.SH,True,True,23,55398329.75,-3068008.030000001,False,False,True,False,True,20240812
002003.SZ,False,True,59,833545907.0799999,807469456.96,False,False,False,False,True,20240812
600482.SH,False,True,59,8013439150.060001,4775835627.51,False,False,False,False,True,20240812
688553.SH,True,True,21,38821990.24000001,119378697.65,False,False,False,False,True,20240812
002004.SZ,False,True,59,1707647438.78,2115665414.6400003,False,False,False,False,True,20240812
600483.SH,False,True,59,4937121748.959999,3853699062.35,False,False,False,False,True,20240812
688556.SH,True,True,32,231571264.32999998,777175224.1100001,False,False,False,False,True,20240812
002005.SZ,False,True,59,-135297137.17000002,-202791724.87,False,False,True,True,True,20240812
600486.SH,False,True,59,2446534468.09,2977923861.8399997,False,False,False,False,True,20240812
688557.SH,True,True,22,26235823.859999985,-34253263.639999986,False,False,True,False,True,20240812
002006.SZ,False,True,59,106457845.11000001,72608920.27000001,False,False,False,False,True,20240812
600487.SH,False,True,59,2683759244.84,695828849.55,False,False,False,False,True,20240812
688558.SH,True,True,28,168816365.45,170882331.19,False,False,False,False,True,20240812
002007.SZ,False,True,59,899791282.71,1712963185.88,False,False,False,False,True,20240812
600488.SH,False,True,59,785074102.9200001,742401361.59,False,False,False,False,True,20240812
688559.SH,True,True,24,-1178645913.9099998,241533956.79999998,False,False,False,True,True,20240812
002008.SZ,False,True,59,975471762.89,1345087902.96,False,False,False,False,True,20240812
600489.SH,False,True,59,4550204375.0,7556582193.969999,False,False,False,False,True,20240812
688560.SH,True,True,26,316529150.6,92259213.24000001,False,False,False,False,True,20240812
002009.SZ,False,True,59,51883472.26999998,-62290660.22999999,False,False,True,False,True,20240812
600490.SH,False,True,59,-320566600.84,-27014009.21,False,False,True,True,True,20240812
688561.SH,True,True,24,-204708850.97999978,-1171304677.88,False,False,True,True,True,20240812
002010.SZ,False,True,58,,1704010517.8,False,False,False,False,False,20240812
600491.SH,False,True,59,1938361327.75,-710265649.7100002,False,False,True,False,True,20240812
688565.SH,True,True,39,44943536.230000004,-92493022.3,False,False,True,False,True,20240812
002011.SZ,False,True,59,1258071787.25,967610560.67,False,False,False,False,True,20240812
600493.SH,False,True,59,-14809167.76,52469098.76000001,False,False,False,True,True,20240812
688566.SH,True,True,25,181144606.32999998,194048982.12,False,False,False,False,True,20240812
002012.SZ,False,True,59,-21383332.59,145339042.83999997,False,False,False,True,True,20240812
600495.SH,False,True,59,151069098.07999998,-72104983.38999999,False,False,True,False,True,20240812
688567.SH,True,True,25,-139429523.39,-653447403.2800001,False,False,True,True,True,20240812
002014.SZ,False,True,59,645953102.4300001,224777716.31000012,False,False,False,False,True,20240812
600496.SH,False,True,59,626749374.51,289664125.91999996,False,False,False,False,True,20240812
688568.SH,True,True,25,-154279989.5,-14580248.319999993,False,False,True,True,True,20240812
002015.SZ,False,True,59,2502886902.4,973164113.94,False,False,False,False,True,20240812
600497.SH,False,True,59,3091757349.63,3558782851.96,False,False,False,False,True,20240812
688569.SH,True,True,24,384256663.7,291817668.08,False,False,False,False,True,20240812
002016.SZ,False,True,59,-799947619.37,316427924.1100001,False,False,False,True,True,20240812
600498.SH,False,True,59,1194849435.7499995,-293428787.87999916,False,False,True,False,True,20240812
688571.SH,True,True,26,195657200.76,151319408.02,False,False,False,False,True,20240812
002017.SZ,False,True,59,371053487.36,221464926.81,False,False,False,False,True,20240812
600499.SH,False,True,59,1036606472.74,597527180.48,False,False,False,False,True,20240812
688575.SH,True,True,21,612937772.91,419183896.61,False,False,False,False,True,20240812
002019.SZ,False,True,59,338920460.54999995,441693116.1,False,False,False,False,True,20240812
600500.SH,False,True,59,1358905734.0900002,2920680087.8900003,False,False,False,False,True,20240812
688577.SH,True,True,31,109986737.2,71962723.37,False,False,False,False,True,20240812
002020.SZ,False,True,59,855829656.9099998,994925537.6200001,False,False,False,False,True,20240812
600501.SH,False,True,59,239776844.12,45574732.129999995,False,False,False,False,True,20240812
688578.SH,True,True,22,1219441257.47,271139298.57,False,False,False,False,True,20240812
002021.SZ,False,True,59,-374058634.78,189191934.54,False,False,False,True,True,20240812
600502.SH,False,True,59,-1841906911.0,4196148919.6400003,False,False,False,True,True,20240812
688579.SH,True,True,38,16831825.5,39277617.660000004,False,False,False,False,True,20240812
002022.SZ,False,True,59,-4012997.8899999857,1520620664.9400003,False,False,False,True,True,20240812
600503.SH,True,True,59,-617028544.4799999,-265072354.19,False,False,True,True,True,20240812
688580.SH,True,True,30,125338358.26000002,126320941.32,False,False,False,False,True,20240812
002023.SZ,False,True,59,363965474.71000004,398382735.31999993,False,False,False,False,True,20240812
600505.SH,False,True,59,143824092.65,401644194.93,False,False,False,False,True,20240812
688585.SH,True,True,24,292002987.26,105407029.61,False,False,False,False,True,20240812
002024.SZ,False,True,59,3206331000.0,416743000.0,False,False,False,False,True,20240812
600506.SH,True,True,59,410092458.38,180594474.9,False,False,False,False,True,20240812
688586.SH,True,True,25,44182311.73,255462585.44,False,False,False,False,True,20240812
002025.SZ,False,True,59,794581974.8799999,979489683.34,False,False,False,False,True,20240812
600507.SH,True,True,59,1181465756.28,3090179933.54,False,False,False,False,True,20240812
688588.SH,True,True,39,144122726.17999998,148737899.7,False,False,False,False,True,20240812
002026.SZ,False,True,59,281295181.29,344012265.90999997,False,False,False,False,True,20240812
600508.SH,True,True,59,1690834109.2099998,2575422611.11,False,False,False,False,True,20240812
688589.SH,True,True,29,216033520.31,54027689.18000001,False,False,False,False,True,20240812
002027.SZ,False,True,59,7190318434.92,7454135979.959999,False,False,False,False,True,20240812
600509.SH,True,True,59,2076019692.0199995,1072712223.9600002,False,False,False,False,True,20240812
688590.SH,True,True,28,-41378942.109999985,104606979.06,False,False,False,True,True,20240812
002028.SZ,False,True,59,2392390678.79,1434874185.9,False,False,False,False,True,20240812
600510.SH,True,True,59,-1959840510.04,237700359.88999987,False,False,False,True,True,20240812
688595.SH,True,True,31,-47240843.0,-69374930.6,False,False,True,True,True,20240812
002029.SZ,False,True,59,460052828.15999997,308562390.69000006,False,False,False,False,True,20240812
600511.SH,True,True,59,1826735893.6700003,2194126493.37,False,False,False,False,True,20240812
688596.SH,True,True,31,-171654002.54000002,95054070.91000003,False,False,False,True,True,20240812
002030.SZ,False,True,59,838444043.14,2408061283.2599998,False,False,False,False,True,20240812
600512.SH,True,True,59,-723963262.34,263784482.46999994,False,False,False,True,True,20240812
688597.SH,True,True,24,81758993.84,139387061.36,False,False,False,False,True,20240812
002031.SZ,False,True,59,-376988099.12,-30164859.880000006,False,False,True,True,True,20240812
600513.SH,True,True,59,127826161.93000002,158165455.29999998,False,False,False,False,True,20240812
688598.SH,True,True,25,-92791824.32,364763487.22999996,False,False,False,True,True,20240812
002032.SZ,False,True,59,2028393289.8900003,2406150890.63,False,False,False,False,True,20240812
600515.SH,True,True,59,137847816.76,-1670428490.9299996,False,False,True,False,True,20240812
688599.SH,True,True,24,21035064404.01,10496931446.769999,False,False,False,False,True,20240812
002033.SZ,False,True,59,331228301.82,345448097.74,False,False,False,False,True,20240812
600516.SH,True,True,59,837856054.52,315419340.09,False,False,False,False,True,20240812
688600.SH,True,True,25,48768734.449999996,75868208.85,False,False,False,False,True,20240812
002034.SZ,False,True,59,1385642240.29,1613429428.77,False,False,False,False,True,20240812
600517.SH,True,True,59,2522072720.7400002,-430782777.71000004,False,False,True,False,True,20240812
688601.SH,True,True,25,241398465.37,77647236.48,False,False,False,False,True,20240812
002035.SZ,False,True,59,990586883.1499999,691784329.0699999,False,False,False,False,True,20240812
600518.SH,True,True,59,-446202413.66,-623394019.21,False,False,True,True,True,20240812
688606.SH,True,True,23,247099501.97,266512013.57999992,False,False,False,False,True,20240812
002036.SZ,False,True,59,210677409.51999998,766787733.77,False,False,False,False,True,20240812
600519.SH,False,True,59,72827903338.76001,67096937966.29,False,False,False,False,True,20240812
688607.SH,True,True,22,27578137.02,-16693098.580000002,False,False,True,False,True,20240812
002037.SZ,False,True,59,-495915468.69,58318129.879999995,False,False,False,True,True,20240812
600520.SH,True,True,59,87125049.99000001,99806046.75,False,False,False,False,True,20240812
688608.SH,True,True,22,403096517.83000004,190996720.30999997,False,False,False,False,True,20240812
002038.SZ,False,True,59,405749547.5,404410725.9,False,False,False,False,True,20240812
600521.SH,True,True,59,2624211394.0600004,1642584158.03,False,False,False,False,True,20240812
688609.SH,True,True,21,115031400.53000003,-477919285.78000003,False,False,True,False,True,20240812
002039.SZ,False,True,59,1453965235.4099998,1447155876.75,False,False,False,False,True,20240812
600522.SH,True,True,59,3898676814.25,3901909533.8600006,False,False,False,False,True,20240812
688611.SH,True,True,27,56750147.359999985,2879934.0700000077,False,False,False,False,True,20240812
002040.SZ,False,True,59,353981465.96999997,251905998.89,False,False,False,False,True,20240812
600523.SH,True,True,59,159809087.86,65089406.66,False,False,False,False,True,20240812
688613.SH,True,True,21,11359637.719999995,108473538.46,False,False,False,False,True,20240812
002041.SZ,False,True,59,326779375.14,6005040.960000008,False,False,False,False,True,20240812
600525.SH,True,True,58,,538633617.72,False,False,False,False,False,20240812
688616.SH,True,True,24,87597831.45,84706988.09,False,False,False,False,True,20240812
002042.SZ,False,True,59,426223876.9000001,1652247628.3899996,False,False,False,False,True,20240812
600526.SH,True,True,59,852152586.8700001,943854202.1199999,False,False,False,False,True,20240812
688617.SH,True,True,22,701222049.93,518871927.27,False,False,False,False,True,20240812
002043.SZ,False,True,59,1690440220.67,1444003023.8899999,False,False,False,False,True,20240812
600527.SH,True,True,59,-40262172.55000001,84525104.71000001,False,False,False,True,True,20240812
688618.SH,True,True,22,105305132.59,25668763.610000007,False,False,False,False,True,20240812
002044.SZ,False,True,59,1542548641.67,1794807618.64,False,False,False,False,True,20240812
600528.SH,True,True,59,-58525370.26999974,1592559668.58,False,False,False,True,True,20240812
688619.SH,True,True,22,-10249575.47999999,-201484565.45999998,False,False,True,True,True,20240812
002045.SZ,False,True,59,399990083.23,507730523.9699999,False,False,False,False,True,20240812
600529.SH,True,True,59,1220709867.6799998,555973169.34,False,False,False,False,True,20240812
688621.SH,True,True,21,69942962.63,23820868.479999997,False,False,False,False,True,20240812
002046.SZ,False,True,59,299193190.66,124642461.63999996,False,False,False,False,True,20240812
600530.SH,False,True,59,48896220.75,85115719.55000001,False,False,False,False,True,20240812
688622.SH,True,True,26,34788352.89,-115140701.75999999,False,False,True,False,True,20240812
002047.SZ,False,True,59,-379643433.03,-81092890.41000003,False,False,True,True,True,20240812
600531.SH,True,True,59,791308240.51,237042289.32999998,False,False,False,False,True,20240812
688625.SH,True,True,27,176514140.15,275691900.31000006,False,False,False,False,True,20240812
002048.SZ,False,True,59,2392939516.05,2193446279.63,False,False,False,False,True,20240812
600533.SH,True,True,59,-550966623.1899999,-1810170979.42,False,False,True,True,True,20240812
688626.SH,True,True,21,159922304.53000003,268973535.66999996,False,False,False,False,True,20240812
002049.SZ,False,True,59,1255416270.5100002,2510609976.1099997,False,False,False,False,True,20240812
600535.SH,True,True,59,2621074728.64,2504925149.0600004,False,False,False,False,True,20240812
688628.SH,True,True,22,156629950.14,270467615.39,False,False,False,False,True,20240812
002050.SZ,False,True,59,3166920637.1900005,3467326955.01,False,False,False,False,True,20240812
600536.SH,True,True,59,-174091364.68000007,125192821.12000036,False,False,False,True,True,20240812
688630.SH,True,True,21,-67902824.04000002,-76332702.27,False,False,True,True,True,20240812
002051.SZ,False,True,59,-157860014.74999976,-630358412.5500001,False,False,True,True,True,20240812
600537.SH,True,True,59,85601003.92999999,548166253.5699999,False,False,False,False,True,20240812
688633.SH,True,True,21,204806068.04000002,-136370104.57000002,False,False,True,False,True,20240812
002052.SZ,False,True,59,8106446.479999997,-45050574.11,False,False,True,False,True,20240812
600538.SH,True,True,59,-3261007.66,-14607065.450000003,False,False,True,True,True,20240812
688636.SH,True,True,22,54634684.75,-72938716.61,False,False,True,False,True,20240812
002053.SZ,False,True,59,1261608964.77,857375982.04,False,False,False,False,True,20240812
600539.SH,True,True,59,24418769.02000001,-52698466.480000004,False,False,True,False,True,20240812
688639.SH,True,True,32,124874851.96000004,451174529.06,False,False,False,False,True,20240812
002054.SZ,False,True,59,100959033.34000002,140228097.18,False,False,False,False,True,20240812
600540.SH,True,True,59,-314497345.9,529495609.86,False,False,False,True,True,20240812
688655.SH,True,True,21,50117937.82,79201042.61999999,False,False,False,False,True,20240812
002055.SZ,False,True,59,-15003020.579999998,-197780754.74,False,False,True,True,True,20240812
600543.SH,True,True,59,-70326667.69,8343125.709999999,False,False,False,True,True,20240812
688656.SH,True,True,23,104507608.91,71548013.28999999,False,False,False,False,True,20240812
002056.SZ,False,True,59,3094201561.160001,3948863215.96,False,False,False,False,True,20240812
600545.SH,True,True,59,260173000.0,183156000.0,False,False,False,False,True,20240812
688658.SH,True,True,22,539773739.3399999,493817027.6,False,False,False,False,True,20240812
002057.SZ,False,True,59,296938471.04,14176255.489999995,False,False,False,False,True,20240812
600546.SH,True,True,59,5477166437.51,11818490141.400002,False,False,False,False,True,20240812
688659.SH,True,True,22,47767457.68,-47497893.60999999,False,False,True,False,True,20240812
002058.SZ,False,True,59,6945895.73,9119295.76,False,False,False,False,True,20240812
600547.SH,True,True,59,11505357753.04,2595017134.58,False,False,False,False,True,20240812
688660.SH,True,True,21,-4841088805.03,1136690515.5900002,False,False,False,True,True,20240812
002059.SZ,False,True,59,-146436824.42000002,62765378.770000026,False,False,False,True,True,20240812
600548.SH,True,True,59,3952282526.21,3680327286.26,False,False,False,False,True,20240812
688661.SH,True,True,21,16018576.259999998,22498833.49000001,False,False,False,False,True,20240812
002060.SZ,False,True,59,2434514126.1800003,2415635875.9,False,False,False,False,True,20240812
600549.SH,True,True,59,5118020572.7,437213480.57000005,False,False,False,False,True,20240812
688662.SH,True,True,21,103740742.66,9863703.030000001,False,False,False,False,True,20240812
002061.SZ,False,True,59,848873274.4499998,1008698715.6299999,False,False,False,False,True,20240812
600550.SH,True,True,59,346719621.02,-241714767.17000008,False,False,True,False,True,20240812
688663.SH,True,True,29,234092662.24,-6067796.799999997,False,False,True,False,True,20240812
002062.SZ,False,True,59,256856120.94000006,1530477805.67,False,False,False,False,True,20240812
600551.SH,True,True,59,657437871.66,705985263.5200001,False,False,False,False,True,20240812
688665.SH,True,True,22,21695171.669999994,99989082.17,False,False,False,False,True,20240812
002063.SZ,False,True,59,-32456375.47000003,-96871786.49000001,False,False,True,True,True,20240812
600552.SH,True,True,59,-48890608.49000001,571397474.59,False,False,False,True,True,20240812
688667.SH,True,True,21,-34908620.7,-105201819.13,False,False,True,True,True,20240812
002064.SZ,False,True,59,2030899956.87,2223776789.69,False,False,False,False,True,20240812
600556.SH,True,True,59,161411884.48999998,169862486.33,False,False,False,False,True,20240812
688668.SH,True,True,21,27813884.11999999,112567429.43999998,False,False,False,False,True,20240812
002065.SZ,False,True,59,-400825559.9900001,823850063.5600002,False,False,False,True,True,20240812
600557.SH,False,True,59,975382799.3499999,1077754655.31,False,False,False,False,True,20240812
688669.SH,True,True,30,243150938.99000004,336890052.79,False,False,False,False,True,20240812
002066.SZ,False,True,59,342423464.14,162699754.28000003,False,False,False,False,True,20240812
600558.SH,True,True,59,257644667.79999998,208039447.89,False,False,False,False,True,20240812
688670.SH,True,True,21,-68915466.92,75432264.93,False,False,False,True,True,20240812
002067.SZ,False,True,59,-182104713.26999998,675935625.57,False,False,False,True,True,20240812
600559.SH,True,True,59,849103685.78,613085968.41,False,False,False,False,True,20240812
688676.SH,True,True,21,423046600.79999995,-59446855.839999974,False,False,True,False,True,20240812
002068.SZ,False,True,59,53337840.48000002,298351970.23,False,False,False,False,True,20240812
600560.SH,True,True,59,-7262715.240000002,-36983431.239999995,False,False,True,True,True,20240812
688677.SH,True,True,32,141213258.48000002,118183899.54000002,False,False,False,False,True,20240812
002069.SZ,False,True,59,126004933.69,58385118.78000003,False,False,False,False,True,20240812
600561.SH,True,True,59,350195569.96000004,255133976.98999998,False,False,False,False,True,20240812
688678.SH,True,True,29,149941841.81,246256070.20999998,False,False,False,False,True,20240812
002072.SZ,False,True,59,14580877.43,-16283230.400000006,False,False,True,False,True,20240812
600562.SH,True,True,59,277746071.40999997,109328973.16999999,False,False,False,False,True,20240812
688679.SH,True,True,28,-41939020.360000014,-40774531.039999984,False,False,True,True,True,20240812
002073.SZ,False,True,59,275461371.94,495585204.93,False,False,False,False,True,20240812
600563.SH,True,True,59,1266636884.1200001,1156425548.54,False,False,False,False,True,20240812
688680.SH,True,True,38,-367315617.6099999,-1894615596.64,False,False,True,True,True,20240812
002074.SZ,False,True,59,2433820617.39,874654938.6,False,False,False,False,True,20240812
600566.SH,True,True,59,2832704265.7,3353958345.7699995,False,False,False,False,True,20240812
688681.SH,True,True,31,70899735.56,-6466914.0200000005,False,False,True,False,True,20240812
002075.SZ,False,True,59,-37103096.57000001,699711330.7,False,False,False,True,True,20240812
600567.SH,True,True,59,4966128599.54,894758703.8499999,False,False,False,False,True,20240812
688682.SH,True,True,22,4713555.859999999,-1307569.009999998,False,False,True,False,True,20240812
002076.SZ,False,True,59,-139846494.78,-54228886.569999985,False,False,True,True,True,20240812
600568.SH,True,True,59,-8409187.799999999,13502693.219999997,False,False,False,True,True,20240812
688683.SH,True,True,21,45327902.03,84107548.95,False,False,False,False,True,20240812
002077.SZ,False,True,59,209306086.33999997,134029502.42999998,False,False,False,False,True,20240812
600569.SH,True,True,59,166910414.64000034,1103656006.3299997,False,False,False,False,True,20240812
688685.SH,True,True,21,72213023.32999998,93580124.67,False,False,False,False,True,20240812
002078.SZ,False,True,59,5579293353.140001,5135038946.83,False,False,False,False,True,20240812
600570.SH,True,True,59,970257262.74,1332460529.78,False,False,False,False,True,20240812
688686.SH,True,True,22,155539164.16,99617199.72,False,False,False,False,True,20240812
002079.SZ,False,True,59,-209799835.57000002,234158020.76,False,False,False,True,True,20240812
600571.SH,True,True,59,30374885.050000012,-90713412.07,False,False,True,False,True,20240812
688687.SH,True,True,40,133190043.53999999,19436327.659999996,False,False,False,False,True,20240812
002080.SZ,False,True,59,4436369228.389999,3096250359.93,False,False,False,False,True,20240812
600572.SH,True,True,59,764833999.3899999,1236682727.5500002,False,False,False,False,True,20240812
688689.SH,True,True,25,81060986.25999999,86037651.21999998,False,False,False,False,True,20240812
002081.SZ,False,True,59,-508991459.45999986,349903811.94,False,False,False,True,True,20240812
600573.SH,True,True,59,78923332.40000002,137888298.85999995,False,False,False,False,True,20240812
688690.SH,True,True,21,148035541.82999998,75196950.72999999,False,False,False,False,True,20240812
002082.SZ,False,True,59,191823192.41000003,-138482601.56000003,False,False,True,False,True,20240812
600575.SH,True,True,59,2190793946.92,1222003114.4199998,False,False,False,False,True,20240812
688696.SH,True,True,21,492548168.97999996,107213573.78,False,False,False,False,True,20240812
002083.SZ,False,True,59,600627237.6700001,744382593.3500001,False,False,False,False,True,20240812
600576.SH,True,True,59,218720981.22999996,211591204.2,False,False,False,False,True,20240812
688697.SH,True,True,20,180972310.99000004,297710760.78,False,False,False,False,True,20240812
002084.SZ,False,True,59,366546580.62,300508714.22,False,False,False,False,True,20240812
600577.SH,True,True,59,-768771450.18,1174666942.6599998,False,False,False,True,True,20240812
688698.SH,True,True,22,73841912.86000001,134615285.45999998,False,False,False,False,True,20240812
002085.SZ,False,True,59,1278958370.01,2186361895.7799997,False,False,False,False,True,20240812
600578.SH,True,True,59,6204795753.2300005,3287339121.729999,False,False,False,False,True,20240812
688699.SH,True,True,26,69169186.44999999,66409265.45,False,False,False,False,True,20240812
002086.SZ,False,True,59,-98195421.8,-80276608.09,False,False,True,True,True,20240812
600579.SH,True,True,59,77077644.82000005,-682243721.54,False,False,True,False,True,20240812
688700.SH,True,True,21,-96848841.6,172836181.7,False,False,False,True,True,20240812
002088.SZ,False,True,59,425547132.71,474437880.81000006,False,False,False,False,True,20240812
600580.SH,True,True,59,1359107078.15,1375289776.6100001,False,False,False,False,True,20240812
688701.SH,True,True,29,32952.95999999344,-79465750.12,False,False,True,False,True,20240812
002090.SZ,False,True,59,367416321.4,110935908.48,False,False,False,False,True,20240812
600581.SH,True,True,59,240527955.14,911259025.5200001,False,False,False,False,True,20240812
688707.SH,True,True,25,116803634.02000013,1146979258.72,False,False,False,False,True,20240812
002091.SZ,False,True,59,765751409.45,3730931832.98,False,False,False,False,True,20240812
600582.SH,True,True,59,3374054581.1100006,4183695537.8199997,False,False,False,False,True,20240812
688711.SH,True,True,31,25729766.209999993,-158961986.35,False,False,True,False,True,20240812
002092.SZ,False,True,59,6594033596.03,3202593598.6700006,False,False,False,False,True,20240812
600583.SH,True,True,59,4809742400.0,3476201500.0,False,False,False,False,True,20240812
688718.SH,True,True,21,29490708.080000002,19121829.440000005,False,False,False,False,True,20240812
002093.SZ,False,True,59,138288899.35000002,66851262.230000004,False,False,False,False,True,20240812
600584.SH,True,True,59,5042909611.46,5748812514.68,False,False,False,False,True,20240812
688722.SH,True,True,20,74447853.09,145037259.16000003,False,False,False,False,True,20240812
002094.SZ,False,True,59,-73373991.87,-41193930.86000001,False,False,True,True,True,20240812
600585.SH,True,True,59,21898814539.0,10258347901.0,False,False,False,False,True,20240812
688728.SH,True,True,21,240109218.0,515180499.0,False,False,False,False,True,20240812
002095.SZ,False,True,59,-177975264.37,26099066.500000015,False,False,False,True,True,20240812
600586.SH,True,True,59,720210423.1399999,731467101.2900002,False,False,False,False,True,20240812
688733.SH,True,True,31,-57516978.61000001,1191198.4499999993,False,False,False,True,True,20240812
002096.SZ,False,True,59,569189203.9699999,436244989.6,False,False,False,False,True,20240812
600587.SH,True,True,59,865232970.67,756809250.34,False,False,False,False,True,20240812
688737.SH,True,True,27,-21708859.22000003,-294923183.82000005,False,False,True,True,True,20240812
002097.SZ,False,True,59,376034672.56999993,-882217780.6999998,False,False,True,False,True,20240812
600588.SH,True,True,59,-277996539.0,74913364.0,False,False,False,True,True,20240812
688739.SH,True,True,40,547261743.1700001,658743494.2199999,False,False,False,False,True,20240812
002098.SZ,False,True,59,256156318.49,311227484.75,False,False,False,False,True,20240812
600589.SH,True,True,59,106178325.37,-251475972.96,False,False,True,False,True,20240812
688766.SH,True,True,21,13596368.909999996,-49720881.22999999,False,False,True,False,True,20240812
002099.SZ,False,True,59,277657290.73999995,15440752.699999988,False,False,False,False,True,20240812
600590.SH,True,True,59,-320246756.24,-1140064573.05,False,False,True,True,True,20240812
688767.SH,True,True,20,243029217.98,-140148478.9000001,False,False,True,False,True,20240812
002100.SZ,False,True,59,966483287.03,1496888890.55,False,False,False,False,True,20240812
600592.SH,True,True,59,-23564242.299999997,194741691.83,False,False,False,True,True,20240812
688768.SH,True,True,21,-31775514.489999995,-64083867.02,False,False,True,True,True,20240812
002101.SZ,False,True,59,754307082.6100001,681343172.4100001,False,False,False,False,True,20240812
600593.SH,True,True,59,203501507.94,117707944.29,False,False,False,False,True,20240812
688772.SH,True,True,20,2565151999.02,1958943015.0900002,False,False,False,False,True,20240812
002102.SZ,False,True,59,1411459059.47,-992082610.03,False,False,True,False,True,20240812
600594.SH,True,True,59,378403536.33000004,432893794.85,False,False,False,False,True,20240812
688776.SH,True,True,20,144009669.84,55522858.019999996,False,False,False,False,True,20240812
002103.SZ,False,True,59,362607979.41999996,308675995.19,False,False,False,False,True,20240812
600595.SH,True,True,59,1617826234.15,1928981159.4299998,False,False,False,False,True,20240812
688777.SH,True,True,23,754912653.56,-64400213.399999976,False,False,True,False,True,20240812
002104.SZ,False,True,59,250169056.05,82855524.11000001,False,False,False,False,True,20240812
600596.SH,True,True,59,314809295.83,623050331.6400003,False,False,False,False,True,20240812
688778.SH,True,True,21,2432271703.4,-625933308.8100001,False,False,True,False,True,20240812
002105.SZ,False,True,59,133775822.9,442690363.44000006,False,False,False,False,True,20240812
600597.SH,True,True,59,1077689749.0,910353242.0,False,False,False,False,True,20240812
688779.SH,True,True,20,1711011105.33,-1545218640.02,False,False,True,False,True,20240812
002106.SZ,False,True,59,690396966.3499999,1338116858.33,False,False,False,False,True,20240812
600598.SH,True,True,59,1722089296.0399995,1974062151.23,False,False,False,False,True,20240812
688786.SH,True,True,20,73553231.32000001,51221634.30000001,False,False,False,False,True,20240812
002107.SZ,False,True,59,127905930.05000001,148776220.73000002,False,False,False,False,True,20240812
600600.SH,True,True,59,3890946211.0,4760252533.0,False,False,False,False,True,20240812
688787.SH,True,True,23,8504403.190000001,10220533.12,False,False,False,False,True,20240812
002108.SZ,False,True,59,151436398.78000003,339975016.69,False,False,False,False,True,20240812
600601.SH,True,True,59,744732833.28,682687777.3599999,False,False,False,False,True,20240812
688788.SH,True,True,23,-100196984.80999999,-98805444.77,False,False,True,True,True,20240812
002109.SZ,False,True,59,484160049.38000005,212414229.28000003,False,False,False,False,True,20240812
600602.SH,True,True,59,517234674.11,412542832.0500001,False,False,False,False,True,20240812
688789.SH,True,True,24,129485416.52999999,206772915.56,False,False,False,False,True,20240812
002110.SZ,False,True,59,748583319.8199999,-1370821684.71,False,False,True,False,True,20240812
600603.SH,True,True,59,1215777984.5600002,1478529883.02,False,False,False,False,True,20240812
688793.SH,True,True,27,67861608.75,129903801.68,False,False,False,False,True,20240812
002111.SZ,False,True,59,98421163.38,-54915996.859999985,False,False,True,False,True,20240812
600604.SH,True,True,59,-715893354.07,1938967682.1,False,False,False,True,True,20240812
688798.SH,True,True,31,430985159.01,-454541808.02000004,False,False,True,False,True,20240812
002112.SZ,False,True,59,-147859055.32999998,-105727232.71,False,False,True,True,True,20240812
600605.SH,True,True,59,149365975.85999998,462841994.65999997,False,False,False,False,True,20240812
688799.SH,True,True,25,151236583.39999998,245713071.25,False,False,False,False,True,20240812
002114.SZ,False,True,59,196219948.27999997,62387110.95000001,False,False,False,False,True,20240812
600606.SH,True,True,59,-7608560556.78,14662024700.490002,False,False,False,True,True,20240812
688800.SH,True,True,37,112517440.78,105098220.27,False,False,False,False,True,20240812
002115.SZ,False,True,59,256162009.27000004,-49567677.35999999,False,False,True,False,True,20240812
600609.SH,True,True,59,1097274776.67,1084488679.03,False,False,False,False,True,20240812
688819.SH,True,True,44,2679373448.25,4987111772.27,False,False,False,False,True,20240812
002116.SZ,False,True,59,17475268.47,346654295.34000003,False,False,False,False,True,20240812
600610.SH,True,True,59,70703506.94000001,-63469182.39999999,False,False,True,False,True,20240812
688981.SH,True,True,56,15340779000.0,23053018000.0,False,False,False,False,True,20240812
002117.SZ,False,True,59,246667441.26000002,196679558.11,False,False,False,False,True,20240812
600611.SH,True,True,59,341074892.03,-658625637.82,False,False,True,False,True,20240812
689009.SH,True,False,0,,,True,False,False,False,False,20240812
002119.SZ,False,True,59,-25218440.15,238366380.09000003,False,False,False,True,True,20240812
600612.SH,True,True,59,3166785935.8600006,3734982316.1399994,False,False,False,False,True,20240812
920000.BJ,True,False,0,,,True,False,False,False,False,20240812
002120.SZ,False,True,59,4256208880.7,3201654292.98,False,False,False,False,True,20240812
600613.SH,True,True,59,196149977.04,350996765.91,False,False,False,False,True,20240812
920010.BJ,True,False,0,,,True,False,False,False,False,20240812
002121.SZ,False,True,59,240932596.85999998,643542641.48,False,False,False,False,True,20240812
600615.SH,True,True,59,-9984399.780000001,-8556883.870000001,False,False,True,True,True,20240812
920017.BJ,True,False,0,,,True,False,False,False,False,20240812
002122.SZ,False,True,59,-88448918.43,-50330988.67,False,False,True,True,True,20240812
600616.SH,True,True,59,34919446.230000004,51912628.29000001,False,False,False,False,True,20240812
920021.BJ,True,False,0,,,True,False,False,False,False,20240812
002123.SZ,False,True,59,327767707.29,57887149.12,False,False,False,False,True,20240812
600617.SH,True,True,59,1849941440.9700003,2186066655.3199997,False,False,False,False,True,20240812
920030.BJ,True,False,0,,,True,False,False,False,False,20240812
002124.SZ,False,True,59,-1497126468.0900002,439721542.02,False,False,False,True,True,20240812
600618.SH,False,True,59,828010410.4699999,702809977.1700001,False,False,False,False,True,20240812
920039.BJ,True,False,0,,,True,False,False,False,False,20240812
002125.SZ,False,True,59,499360203.82000005,287531037.15,False,False,False,False,True,20240812
600619.SH,True,True,59,1788344602.93,520686460.48,False,False,False,False,True,20240812
920047.BJ,True,False,0,,,True,False,False,False,False,20240812
002126.SZ,False,True,59,1110006776.89,596523794.8800001,False,False,False,False,True,20240812
600620.SH,True,True,59,-97880048.53999999,24463629.329999983,False,False,False,True,True,20240812
920077.BJ,True,False,0,,,True,False,False,False,False,20240812
002127.SZ,False,True,59,267926482.29000002,516161198.19,False,False,False,False,True,20240812
600621.SH,True,True,59,-163344383.9700001,-502266834.65999985,False,False,True,True,True,20240812
920089.BJ,True,False,0,,,True,False,False,False,False,20240812
002128.SZ,False,True,59,7369426288.23,7521319522.34,False,False,False,False,True,20240812
600622.SH,True,True,59,551884557.8899999,121813604.65,False,False,False,False,True,20240812
920090.BJ,True,False,0,,,True,False,False,False,False,20240812
002129.SZ,False,True,59,2449148083.03,5107057168.449999,False,False,False,False,True,20240812
600623.SH,True,True,59,5269909351.18,7676385.080000401,False,False,False,False,True,20240812
920092.BJ,True,False,0,,,True,False,False,False,False,20240812
002130.SZ,False,True,59,789071164.1299999,892480362.07,False,False,False,False,True,20240812
600624.SH,True,True,59,-55438085.720000006,-5445958.43,False,False,True,True,True,20240812
920145.BJ,True,False,0,,,True,False,False,False,False,20240812
002131.SZ,False,True,59,-1034445654.18,-189918420.41000003,False,False,True,True,True,20240812
600626.SH,True,True,59,490949885.54,70933064.24999997,False,False,False,False,True,20240812
920146.BJ,True,False,0,,,True,False,False,False,False,20240812
002132.SZ,False,True,59,796922292.24,51370088.410000026,False,False,False,False,True,20240812
600628.SH,True,True,59,241971926.45999998,332190105.07,False,False,False,False,True,20240812
920149.BJ,True,False,0,,,True,False,False,False,False,20240812
002133.SZ,False,True,59,632072771.1899999,291970018.21000004,False,False,False,False,True,20240812
600629.SH,True,True,59,368801995.43000007,805326746.56,False,False,False,False,True,20240812
920163.BJ,True,False,0,,,True,False,False,False,False,20240812
002134.SZ,False,True,59,69542301.72,38164267.949999996,False,False,False,False,True,20240812
600630.SH,True,True,59,174105710.21000004,258667374.46,False,False,False,False,True,20240812
920167.BJ,True,False,0,,,True,False,False,False,False,20240812
002135.SZ,False,True,59,-1098486375.32,-989599526.3,False,False,True,True,True,20240812
600633.SH,False,True,59,405040761.23999995,887709724.6600001,False,False,False,False,True,20240812
920169.BJ,True,False,0,,,True,False,False,False,False,20240812
002136.SZ,False,True,59,-68036021.09999998,45246362.32999998,False,False,False,True,True,20240812
600635.SH,True,True,59,645441266.05,187275173.19999993,False,False,False,False,True,20240812
920171.BJ,True,False,0,,,True,False,False,False,False,20240812
002137.SZ,False,True,59,74583851.94,38867815.86,False,False,False,False,True,20240812
600637.SH,True,True,59,767219375.5799999,2815184754.98,False,False,False,False,True,20240812
920174.BJ,True,False,0,,,True,False,False,False,False,20240812
002138.SZ,False,True,59,1436555964.29,908185787.81,False,False,False,False,True,20240812
600638.SH,True,True,59,-133072918.19,2941570132.17,False,False,False,True,True,20240812
920179.BJ,True,False,0,,,True,False,False,False,False,20240812
002139.SZ,False,True,59,1408420202.67,944011292.12,False,False,False,False,True,20240812
600639.SH,True,True,59,-1108901652.2199993,-7393402514.5,False,False,True,True,True,20240812
920184.BJ,True,False,0,,,True,False,False,False,False,20240812
002140.SZ,False,True,59,549303946.3,-32134069.569999933,False,False,True,False,True,20240812
600640.SH,True,True,59,377742782.81,174967637.67,False,False,False,False,True,20240812
920185.BJ,True,False,0,,,True,False,False,False,False,20240812
002141.SZ,False,True,59,-31899970.35,9195456.2,False,False,False,True,True,20240812
600641.SH,True,True,59,-266977559.38,-383464551.6199999,False,False,True,True,True,20240812
920198.BJ,True,False,0,,,True,False,False,False,False,20240812
002142.SZ,False,True,59,246960000000.0,49914000000.0,False,False,False,False,True,20240812
600642.SH,True,True,59,8143633530.700001,5461073634.789999,False,False,False,False,True,20240812
920204.BJ,True,False,0,,,True,False,False,False,False,20240812
002144.SZ,False,True,59,56870350.75,104230127.36999999,False,False,False,False,True,20240812
600643.SH,True,True,59,843176935.7300001,2884105057.46,False,False,False,False,True,20240812
920212.BJ,True,False,0,,,True,False,False,False,False,20240812
002145.SZ,False,True,59,-471783180.92,90074828.67000008,False,False,False,True,True,20240812
600644.SH,True,True,59,32080683.949999988,124160817.12,False,False,False,False,True,20240812
920225.BJ,True,False,0,,,True,False,False,False,False,20240812
002146.SZ,False,True,59,-1731759844.1600003,-2238820447.75,False,False,True,True,True,20240812
600645.SH,True,True,59,284713361.47,269050597.18999994,False,False,False,False,True,20240812
920239.BJ,True,False,0,,,True,False,False,False,False,20240812
002148.SZ,False,True,59,23847354.94,39571910.75,False,False,False,False,True,20240812
600648.SH,True,True,59,-1803098183.1899996,-3002052895.3700004,False,False,True,True,True,20240812
920242.BJ,True,False,0,,,True,False,False,False,False,20240812
002149.SZ,False,True,59,481747731.84000003,34478347.370000005,False,False,False,False,True,20240812
600649.SH,True,True,59,8422082359.940001,-7257823425.83,False,False,True,False,True,20240812
920249.BJ,True,False,0,,,True,False,False,False,False,20240812
002150.SZ,False,True,59,116157329.39999998,382518775.81,False,False,False,False,True,20240812
600650.SH,True,True,59,107523914.56,126994096.79,False,False,False,False,True,20240812
920252.BJ,True,False,0,,,True,False,False,False,False,20240812
002151.SZ,False,True,59,-57356435.58000001,-234138222.14999998,False,False,True,True,True,20240812
600651.SH,True,True,59,98247384.91,11171965.560000002,False,False,False,False,True,20240812
920260.BJ,True,False,0,,,True,False,False,False,False,20240812
002152.SZ,False,True,59,1344636776.36,1596729400.4299998,False,False,False,False,True,20240812
600653.SH,True,True,59,80609146.83,66162593.04000001,False,False,False,False,True,20240812
920263.BJ,True,False,0,,,True,False,False,False,False,20240812
002153.SZ,False,True,59,153517713.14000002,-18903591.96999997,False,False,True,False,True,20240812
600654.SH,True,True,59,107822438.06,-341896559.65000004,False,False,True,False,True,20240812
920266.BJ,True,False,0,,,True,False,False,False,False,20240812
002154.SZ,False,True,59,953183811.33,872835816.51,False,False,False,False,True,20240812
600655.SH,True,True,59,1790894668.75,5858042775.65,False,False,False,False,True,20240812
920275.BJ,True,False,0,,,True,False,False,False,False,20240812
002155.SZ,False,True,59,807283867.94,977178554.98,False,False,False,False,True,20240812
600657.SH,True,True,59,-932202148.5899999,1351822873.4399998,False,False,False,True,True,20240812
920278.BJ,True,False,0,,,True,False,False,False,False,20240812
002156.SZ,False,True,59,4655624337.38,1731100700.0300002,False,False,False,False,True,20240812
600658.SH,True,True,59,163777904.94000006,-1314678427.57,False,False,True,False,True,20240812
920344.BJ,True,False,0,,,True,False,False,False,False,20240812
002157.SZ,False,True,59,-1667074779.66,-4526333578.59,False,False,True,True,True,20240812
600660.SH,False,True,59,7824995731.0,6028604203.0,False,False,False,False,True,20240812
920346.BJ,True,False,0,,,True,False,False,False,False,20240812
002158.SZ,False,True,59,835146610.5300001,606982129.8199999,False,False,False,False,True,20240812
600661.SH,True,True,59,273928110.46000004,171595448.95,False,False,False,False,True,20240812
920368.BJ,True,False,0,,,True,False,False,False,False,20240812
002159.SZ,False,True,59,282845977.21000004,295357981.02000004,False,False,False,False,True,20240812
600662.SH,True,True,59,730575037.41,770622811.95,False,False,False,False,True,20240812
920370.BJ,True,False,0,,,True,False,False,False,False,20240812
002160.SZ,False,True,59,-169606349.41,-171639582.38999996,False,False,True,True,True,20240812
600663.SH,True,True,59,13840406452.67,836256000.09,False,False,False,False,True,20240812
920396.BJ,True,False,0,,,True,False,False,False,False,20240812
002161.SZ,False,True,59,31680397.209999993,43959171.95,False,False,False,False,True,20240812
600664.SH,True,True,59,491831769.65,988385876.4499999,False,False,False,False,True,20240812
920405.BJ,True,False,0,,,True,False,False,False,False,20240812
002162.SZ,False,True,59,90394299.0,61104383.52000001,False,False,False,False,True,20240812
600665.SH,True,True,59,1604943492.31,-884326601.98,False,False,True,False,True,20240812
920407.BJ,True,False,0,,,True,False,False,False,False,20240812
002163.SZ,False,True,59,135080543.48999995,-3201716.120000005,False,False,True,False,True,20240812
600666.SH,False,True,59,-233179573.45,-172556430.63,False,False,True,True,True,20240812
920415.BJ,True,False,0,,,True,False,False,False,False,20240812
002164.SZ,False,True,59,112988269.07,59592781.29000001,False,False,False,False,True,20240812
600667.SH,True,True,59,2299759838.5699997,1976162803.74,False,False,False,False,True,20240812
920418.BJ,True,False,0,,,True,False,False,False,False,20240812
002165.SZ,False,True,59,196115675.81,164319481.95999998,False,False,False,False,True,20240812
600668.SH,True,True,59,76073056.53999999,226627471.25999996,False,False,False,False,True,20240812
920419.BJ,True,False,0,,,True,False,False,False,False,20240812
002166.SZ,False,True,59,84343369.57,-278669691.32,False,False,True,False,True,20240812
600671.SH,True,True,59,-18306195.98,-45600256.22,False,False,True,True,True,20240812
920427.BJ,True,False,0,,,True,False,False,False,False,20240812
002167.SZ,False,True,59,466069432.12,-256839754.60000002,False,False,True,False,True,20240812
600673.SH,True,True,59,527568525.99,523078228.1400001,False,False,False,False,True,20240812
920433.BJ,True,False,0,,,True,False,False,False,False,20240812
002168.SZ,False,True,59,23283538.900000002,-9503999.030000003,False,False,True,False,True,20240812
600674.SH,True,True,59,726789663.1499999,615096029.24,False,False,False,False,True,20240812
920436.BJ,True,False,0,,,True,False,False,False,False,20240812
002169.SZ,False,True,59,3032933.7999999933,247900634.24,False,False,False,False,True,20240812
600675.SH,True,True,59,1722294206.3400002,-4557829831.210001,False,False,True,False,True,20240812
920445.BJ,True,False,0,,,True,False,False,False,False,20240812
002170.SZ,False,True,59,270416104.77,447057865.22,False,False,False,False,True,20240812
600676.SH,True,True,59,374036476.54,364451588.34,False,False,False,False,True,20240812
920454.BJ,True,False,0,,,True,False,False,False,False,20240812
002171.SZ,False,True,59,-468037498.7800001,167880022.06000006,False,False,False,True,True,20240812
600678.SH,True,True,59,20842486.519999996,66265622.81,False,False,False,False,True,20240812
920475.BJ,True,False,0,,,True,False,False,False,False,20240812
002172.SZ,False,True,59,-338540323.76,306677805.25,False,False,False,True,True,20240812
600679.SH,True,True,59,-22142109.65,229729471.87,False,False,False,True,True,20240812
920489.BJ,True,False,0,,,True,False,False,False,False,20240812
002173.SZ,False,True,59,-9007495.22,77834092.47999999,False,False,False,True,True,20240812
600681.SH,True,True,59,622348002.78,607926960.02,False,False,False,False,True,20240812
920508.BJ,True,False,0,,,True,False,False,False,False,20240812
002174.SZ,False,True,59,239800212.63,-310222888.28999996,False,False,True,False,True,20240812
600682.SH,True,True,59,813816718.54,1270821960.5500002,False,False,False,False,True,20240812
920509.BJ,True,False,0,,,True,False,False,False,False,20240812
002175.SZ,False,True,59,28407568.27,23581173.5,False,False,False,False,True,20240812
600683.SH,True,True,59,-10640103975.72,-4136079671.6799994,False,False,True,True,True,20240812
920510.BJ,True,False,0,,,True,False,False,False,False,20240812
002176.SZ,False,True,59,51793189.859999955,1417068998.21,False,False,False,False,True,20240812
600684.SH,True,True,59,-154552601.96,-1890283.1899999976,False,False,True,True,True,20240812
920523.BJ,True,False,0,,,True,False,False,False,False,20240812
002177.SZ,False,True,59,31008330.05,31345433.879999995,False,False,False,False,True,20240812
600685.SH,True,True,59,357779055.9200001,-1867932873.0200002,False,False,True,False,True,20240812
920553.BJ,True,False,0,,,True,False,False,False,False,20240812
002178.SZ,False,True,59,32313294.049999997,16821564.299999997,False,False,False,False,True,20240812
600686.SH,False,True,59,1336234458.5900002,1164998310.25,False,False,False,False,True,20240812
920566.BJ,True,False,0,,,True,False,False,False,False,20240812
002179.SZ,False,True,59,3631391181.4000006,2255679108.99,False,False,False,False,True,20240812
600688.SH,True,True,59,1375848000.0,-1159259000.0,False,False,True,False,True,20240812
920571.BJ,True,False,0,,,True,False,False,False,False,20240812
002180.SZ,False,True,59,2594063884.21,1822070369.92,False,False,False,False,True,20240812
600689.SH,True,True,59,30572402.900000006,13100064.350000001,False,False,False,False,True,20240812
920640.BJ,True,False,0,,,True,False,False,False,False,20240812
002181.SZ,False,True,59,-15088915.49000001,-400793355.0400001,False,False,True,True,True,20240812
600690.SH,True,True,59,26290103703.019997,20979788588.67,False,False,False,False,True,20240812
920642.BJ,True,False,0,,,True,False,False,False,False,20240812
002182.SZ,False,True,59,176325348.03000003,1218912032.31,False,False,False,False,True,20240812
600691.SH,True,True,59,1158937128.5299997,1294997986.0,False,False,False,False,True,20240812
920675.BJ,True,False,0,,,True,False,False,False,False,20240812
002183.SZ,False,True,59,-293524577.0,1391822285.0,False,False,False,True,True,20240812
600692.SH,True,True,59,939918891.61,-901107388.2700001,False,False,True,False,True,20240812
920682.BJ,True,False,0,,,True,False,False,False,False,20240812
002184.SZ,False,True,59,76460573.79000002,68095422.31,False,False,False,False,True,20240812
600693.SH,True,True,59,772199171.65,185709680.64999992,False,False,False,False,True,20240812
920689.BJ,True,False,0,,,True,False,False,False,False,20240812
002185.SZ,False,True,59,2878215063.4,2310086528.45,False,False,False,False,True,20240812
600694.SH,True,True,59,735015296.1899998,1178054505.1000004,False,False,False,False,True,20240812
920726.BJ,True,False,0,,,True,False,False,False,False,20240812
002186.SZ,False,True,59,99894259.99,10539113.440000013,False,False,False,False,True,20240812
600697.SH,True,True,59,965567453.6800001,1961242838.73,False,False,False,False,True,20240812
920729.BJ,True,False,0,,,True,False,False,False,False,20240812
002187.SZ,False,True,59,484197749.03,353203124.68999994,False,False,False,False,True,20240812
600698.SH,True,True,59,-44135619.339999996,182523.96999999136,False,False,False,True,True,20240812
920735.BJ,True,False,0,,,True,False,False,False,False,20240812
002188.SZ,False,True,59,7105021.9200000055,15766776.130000003,False,False,False,False,True,20240812
600699.SH,True,True,59,4187574553.0600004,3490649036.1400003,False,False,False,False,True,20240812
920765.BJ,True,False,0,,,True,False,False,False,False,20240812
002189.SZ,False,True,59,-458972909.93,137509930.89000002,False,False,False,True,True,20240812
600702.SH,True,True,59,55295949.90999997,1269927992.2000003,False,False,False,False,True,20240812
920799.BJ,True,False,0,,,True,False,False,False,False,20240812
002190.SZ,False,True,59,268300571.34,-64858924.14,False,False,True,False,True,20240812
600703.SH,True,True,59,4234133650.84,1382024433.2799997,False,False,False,False,True,20240812
920819.BJ,True,False,0,,,True,False,False,False,False,20240812
002191.SZ,False,True,59,-235147899.42999998,453650855.25999993,False,False,False,True,True,20240812
600704.SH,True,True,59,-2203412568.1300006,8521993267.9,False,False,False,True,True,20240812
920826.BJ,True,False,0,,,True,False,False,False,False,20240812
002192.SZ,False,True,59,405541447.4,1135195189.89,False,False,False,False,True,20240812
600706.SH,True,True,59,217330018.20000002,22241974.25999999,False,False,False,False,True,20240812
920832.BJ,True,False,0,,,True,False,False,False,False,20240812
002193.SZ,False,True,59,-4761944.119999997,63063631.67999999,False,False,False,True,True,20240812
600707.SH,True,True,59,4293698168.7900004,1700952253.39,False,False,False,False,True,20240812
920873.BJ,True,False,0,,,True,False,False,False,False,20240812
002194.SZ,False,True,59,332148642.89,458205826.61,False,False,False,False,True,20240812
600708.SH,True,True,59,-802297774.23,1370487243.2599998,False,False,False,True,True,20240812
920885.BJ,True,False,0,,,True,False,False,False,False,20240812
002195.SZ,False,True,59,179582119.74,447441672.14,False,False,False,False,True,20240812
600710.SH,True,True,59,1770018963.2,7368422798.04,False,False,False,False,True,20240812
920892.BJ,True,False,0,,,True,False,False,False,False,20240812
002196.SZ,False,True,59,88539490.97,162323941.0,False,False,False,False,True,20240812
600711.SH,True,True,59,1101701580.49,485589606.19000006,False,False,False,False,True,20240812
920924.BJ,True,False,0,,,True,False,False,False,False,20240812
002197.SZ,False,True,59,543447271.86,461542517.01,False,False,False,False,True,20240812
600712.SH,False,True,59,-35979215.669999994,11441302.94,False,False,False,True,True,20240812
920946.BJ,True,False,0,,,True,False,False,False,False,20240812
002198.SZ,False,True,59,79274549.58,47047932.150000006,False,False,False,False,True,20240812
600713.SH,True,True,59,2274728498.12,-1013032453.3800001,False,False,True,False,True,20240812
920961.BJ,True,False,0,,,True,False,False,False,False,20240812
002199.SZ,False,True,59,-6901660.53,-22271632.47,False,False,True,True,True,20240812
600714.SH,True,True,59,30847762.07,17407136.569999993,False,False,False,False,True,20240812
920964.BJ,True,False,0,,,True,False,False,False,False,20240812
002200.SZ,False,True,59,541218038.73,-46414316.59000001,False,False,True,False,True,20240812
600715.SH,True,True,59,99640651.08999999,24839634.33,False,False,False,False,True,20240812
920974.BJ,True,False,0,,,True,False,False,False,False,20240812
002201.SZ,False,True,59,172427006.19,53379949.35,False,False,False,False,True,20240812
002508.SZ,False,True,59,1846194550.87,2581664034.92,False,False,False,False,True,20240812
600716.SH,True,True,59,232208002.95,-2452938019.2799997,False,False,True,False,True,20240812
002202.SZ,False,True,59,1774505622.54,1637338062.0699997,False,False,False,False,True,20240812
002510.SZ,False,True,59,277898212.05,-6989737.460000001,False,False,True,False,True,20240812
600717.SH,True,True,59,2403144616.42,2452617472.66,False,False,False,False,True,20240812
002203.SZ,False,True,59,-2475113147.5299997,-1888257848.4099998,False,False,True,True,True,20240812
002511.SZ,False,True,59,97915925.04999995,465589544.6799998,False,False,False,False,True,20240812
600718.SH,True,True,59,1137443125.0,683678768.0,False,False,False,False,True,20240812
002204.SZ,False,True,59,91161149.15,273796515.07,False,False,False,False,True,20240812
002512.SZ,False,True,59,8499632.75,-362817480.19,False,False,True,False,True,20240812
600719.SH,True,True,59,23129874.21000001,-209931460.26999995,False,False,True,False,True,20240812
002205.SZ,False,True,59,-25005558.190000027,-86525754.75,False,False,True,True,True,20240812
002513.SZ,False,True,59,-312728902.75,-23775741.409999996,False,False,True,True,True,20240812
600720.SH,True,True,59,-2251162438.7799997,401060115.74,False,False,False,True,True,20240812
002206.SZ,False,True,59,473621057.21,1200742036.33,False,False,False,False,True,20240812
002514.SZ,False,True,58,,-109123312.05,False,False,True,False,False,20240812
600721.SH,True,True,59,109700704.29,49532532.32,False,False,False,False,True,20240812
002207.SZ,False,True,59,-27706701.3,27349482.63,False,False,False,True,True,20240812
002515.SZ,False,True,59,182364650.51,169814002.56,False,False,False,False,True,20240812
600722.SH,True,True,59,75968212.53999999,167008337.95999998,False,False,False,False,True,20240812
002208.SZ,False,True,59,-1258708434.84,1769208415.0500002,False,False,False,True,True,20240812
002516.SZ,False,True,59,181541420.52999997,410423707.27,False,False,False,False,True,20240812
600724.SH,True,True,59,446005895.46,185154034.22000003,False,False,False,False,True,20240812
002209.SZ,False,True,59,207580974.50000003,258235761.51,False,False,False,False,True,20240812
002517.SZ,False,True,59,2063957833.52,1165732189.5499997,False,False,False,False,True,20240812
600725.SH,True,True,59,-81950638.81,63156372.15999999,False,False,False,True,True,20240812
002210.SZ,False,True,59,41515909.809999995,38556701.11,False,False,False,False,True,20240812
002518.SZ,False,True,59,-474222176.60999995,1857515315.6,False,False,False,True,True,20240812
600726.SH,True,True,59,3559601152.2,5880463672.129999,False,False,False,False,True,20240812
002211.SZ,False,True,59,-25078367.07,7299751.5599999875,False,False,False,True,True,20240812
002519.SZ,False,True,59,624781737.28,88991876.95,False,False,False,False,True,20240812
600727.SH,False,True,59,122083176.50999999,410838839.92,False,False,False,False,True,20240812
002212.SZ,False,True,59,562922989.48,-34527758.93000001,False,False,True,False,True,20240812
002520.SZ,False,True,59,385698469.51,336916706.15000004,False,False,False,False,True,20240812
600728.SH,True,True,59,230787556.4,126160901.13999999,False,False,False,False,True,20240812
002213.SZ,False,True,59,-73756334.02000001,1570905.42,False,False,False,True,True,20240812
002521.SZ,False,True,59,452815862.62,-76870224.95999998,False,False,True,False,True,20240812
600729.SH,True,True,59,1310053896.11,1172567006.0400002,False,False,False,False,True,20240812
002214.SZ,False,True,59,-201274225.47,-58187237.97,False,False,True,True,True,20240812
002522.SZ,False,True,59,218756436.81000003,231878145.94999993,False,False,False,False,True,20240812
600730.SH,True,True,59,-688411.5899999961,-76658629.34000002,False,False,True,True,True,20240812
002215.SZ,False,True,59,1303506857.55,694586746.3199999,False,False,False,False,True,20240812
002523.SZ,False,True,59,294897154.65000004,314333178.37,False,False,False,False,True,20240812
600731.SH,True,True,59,22839691.03000003,600781280.79,False,False,False,False,True,20240812
002216.SZ,False,True,59,862052536.19,990539434.8600001,False,False,False,False,True,20240812
002524.SZ,False,True,59,76386487.41999999,111901205.02,False,False,False,False,True,20240812
600732.SH,True,True,59,-4366712432.37,5561326735.5,False,False,False,True,True,20240812
002217.SZ,False,True,59,66525103.42000002,1051723460.8299999,False,False,False,False,True,20240812
002526.SZ,False,True,59,-240607951.59,-116681924.03999999,False,False,True,True,True,20240812
600733.SH,True,True,59,-942328682.4199998,-108464650.94000006,False,False,True,True,True,20240812
002218.SZ,False,True,59,86395810.80000001,165914778.26,False,False,False,False,True,20240812
002527.SZ,False,True,59,360341337.71,14477539.040000021,False,False,False,False,True,20240812
600734.SH,True,True,59,-31050138.929999992,53880889.47999999,False,False,False,True,True,20240812
002219.SZ,False,True,59,310353276.96,366322058.75,False,False,False,False,True,20240812
002528.SZ,False,True,59,82458588.03,-1425361.2199999988,False,False,True,False,True,20240812
600735.SH,True,True,59,178868253.54999998,135580923.7,False,False,False,False,True,20240812
002221.SZ,False,True,59,1814212647.0199997,128337134.21000016,False,False,False,False,True,20240812
002529.SZ,False,True,58,,42180872.17,False,False,False,False,False,20240812
600736.SH,True,True,59,-2929711987.58,-294012611.72000027,False,False,True,True,True,20240812
002222.SZ,False,True,59,217280152.2,292727099.44,False,False,False,False,True,20240812
002530.SZ,False,True,59,-3655039.8900000006,71243489.57,False,False,False,True,True,20240812
600737.SH,True,True,59,4703783787.45,-2566005238.69,False,False,True,False,True,20240812
002223.SZ,False,True,59,1640795382.84,2877336258.63,False,False,False,False,True,20240812
002531.SZ,False,True,59,1633254791.8500004,1303798289.0099998,False,False,False,False,True,20240812
600738.SH,True,True,59,292915466.2,244465949.72,False,False,False,False,True,20240812
002224.SZ,False,True,59,163085356.71,250051076.31,False,False,False,False,True,20240812
002532.SZ,False,True,59,5389242226.37,1813994563.7099998,False,False,False,False,True,20240812
600739.SH,True,True,59,-72395018.99999999,1475800072.86,False,False,False,True,True,20240812
002225.SZ,False,True,59,496697630.63000005,284047295.6,False,False,False,False,True,20240812
002533.SZ,False,True,59,116297742.38,120874385.88000001,False,False,False,False,True,20240812
600740.SH,True,True,59,-2829258339.62,-1097954023.24,False,False,True,True,True,20240812
002226.SZ,False,True,59,1271923167.19,1457132326.24,False,False,False,False,True,20240812
002534.SZ,False,True,59,477962841.82000005,288225420.44,False,False,False,False,True,20240812
600741.SH,True,True,59,11491061985.21,7772853125.629998,False,False,False,False,True,20240812
002227.SZ,False,True,59,-53308820.769999996,-12453657.639999999,False,False,True,True,True,20240812
002535.SZ,False,True,59,480580345.61,223175918.42999998,False,False,False,False,True,20240812
600742.SH,True,True,59,2227137156.61,1652921438.3799999,False,False,False,False,True,20240812
002228.SZ,False,True,59,722222367.43,445927045.8600001,False,False,False,False,True,20240812
002536.SZ,False,True,59,323854935.6,304987949.46999997,False,False,False,False,True,20240812
600743.SH,True,True,59,-1839852399.01,1069969996.6700001,False,False,False,True,True,20240812
002229.SZ,False,True,59,-57273274.260000005,32911640.61,False,False,False,True,True,20240812
002537.SZ,False,True,59,-17119469.98000002,429592526.78999996,False,False,False,True,True,20240812
600744.SH,True,True,59,1914535275.38,840277039.98,False,False,False,False,True,20240812
002230.SZ,False,True,59,342943389.14999986,719166635.4000001,False,False,False,False,True,20240812
002538.SZ,False,True,59,395241082.98,388383914.18,False,False,False,False,True,20240812
600745.SH,True,True,59,5425680544.550001,3626236123.37,False,False,False,False,True,20240812
002232.SZ,False,True,59,57879806.11999999,18077490.230000015,False,False,False,False,True,20240812
002539.SZ,False,True,59,1247224128.53,-276321891.56999993,False,False,True,False,True,20240812
600746.SH,True,True,59,784193243.78,80359302.55999994,False,False,False,False,True,20240812
002233.SZ,False,True,59,699576162.4100001,1602612973.51,False,False,False,False,True,20240812
002540.SZ,False,True,59,273207496.1899999,436088204.32000005,False,False,False,False,True,20240812
600748.SH,True,True,59,-3682066388.29,2079998958.37,False,False,False,True,True,20240812
002234.SZ,False,True,59,-193908798.81,23437195.22999996,False,False,False,True,True,20240812
002541.SZ,False,True,59,398968533.70000005,1020778960.29,False,False,False,False,True,20240812
600749.SH,True,True,59,92376220.91999999,18030481.349999998,False,False,False,False,True,20240812
002235.SZ,False,True,59,-10259900.64,35153667.9,False,False,False,True,True,20240812
002542.SZ,False,True,59,-27567050.709999993,381616443.65999997,False,False,False,True,True,20240812
600750.SH,True,True,59,981492516.7,1067411325.05,False,False,False,False,True,20240812
002236.SZ,False,True,59,3828896288.05,3044079041.9300003,False,False,False,False,True,20240812
002543.SZ,False,True,59,1029408927.4,1360329835.5500002,False,False,False,False,True,20240812
600751.SH,True,True,59,-1299485113.7800002,-1027826000.0,False,False,True,True,True,20240812
002237.SZ,False,True,59,1184049045.2199998,208711128.60000014,False,False,False,False,True,20240812
002544.SZ,False,True,59,512255110.35,154438048.38999993,False,False,False,False,True,20240812
600753.SH,True,True,59,-55064418.38999999,43858819.309999995,False,False,False,True,True,20240812
002238.SZ,False,True,59,437328870.7199999,395567704.27000004,False,False,False,False,True,20240812
002545.SZ,False,True,59,1258556279.45,474319545.79999995,False,False,False,False,True,20240812
600754.SH,True,True,59,4530690275.91,4114315713.6200004,False,False,False,False,True,20240812
002239.SZ,False,True,59,184171802.28,443371664.03,False,False,False,False,True,20240812
002546.SZ,False,True,59,117345242.51000002,137513415.39999998,False,False,False,False,True,20240812
600755.SH,True,True,59,2832142281.549999,12926793129.35,False,False,False,False,True,20240812
002240.SZ,False,True,59,325957535.8900001,2606720971.82,False,False,False,False,True,20240812
002547.SZ,False,True,59,223658129.91000003,311779625.84,False,False,False,False,True,20240812
600756.SH,True,True,59,-87946993.92999995,-32718499.159999996,False,False,True,True,True,20240812
002241.SZ,False,True,59,8523811317.470001,5830466507.66,False,False,False,False,True,20240812
002548.SZ,False,True,59,49356782.72,3903648.8400000036,False,False,False,False,True,20240812
600757.SH,True,True,59,583474113.9,1485197571.4399998,False,False,False,False,True,20240812
002242.SZ,False,True,59,654033820.77,482957224.71999997,False,False,False,False,True,20240812
002549.SZ,False,True,59,127713734.06,199747203.5,False,False,False,False,True,20240812
600758.SH,True,True,59,237215893.03000003,954918064.34,False,False,False,False,True,20240812
002243.SZ,False,True,59,-545200829.8000001,-155512618.67,False,False,True,True,True,20240812
002550.SZ,False,True,59,710137609.5699999,55630799.63000001,False,False,False,False,True,20240812
600759.SH,True,True,59,582747669.06,569278081.08,False,False,False,False,True,20240812
002244.SZ,False,True,59,476635948.95000076,32321207442.71,False,False,False,False,True,20240812
002551.SZ,False,True,59,58724456.57000001,115460272.44999997,False,False,False,False,True,20240812
600760.SH,True,True,59,-813306712.9699993,695130855.9299994,False,False,False,True,True,20240812
002245.SZ,False,True,59,882266562.69,524064599.57000005,False,False,False,False,True,20240812
002552.SZ,False,True,59,132100037.72,63212525.82,False,False,False,False,True,20240812
600761.SH,True,True,59,1219031466.51,814357916.6,False,False,False,False,True,20240812
002246.SZ,False,True,59,66415411.28,3695181.700000003,False,False,False,False,True,20240812
002553.SZ,False,True,59,76306034.75,101729605.56,False,False,False,False,True,20240812
600763.SH,True,True,59,869879843.8600001,703789505.13,False,False,False,False,True,20240812
002247.SZ,False,True,59,85208688.37,76838508.3,False,False,False,False,True,20240812
002554.SZ,False,True,59,62007660.380000025,-190984787.35999998,False,False,True,False,True,20240812
600764.SH,True,True,59,388078027.06,464296439.4,False,False,False,False,True,20240812
002248.SZ,False,True,59,73681621.84,-5668910.819999999,False,False,True,False,True,20240812
002555.SZ,False,True,59,2956263675.04,4073046489.13,False,False,False,False,True,20240812
600765.SH,True,True,59,-117335810.92999998,1314426631.67,False,False,False,True,True,20240812
002249.SZ,False,True,59,2308692089.67,1675719485.8100002,False,False,False,False,True,20240812
002556.SZ,False,True,59,84316647.74999988,-617957722.32,False,False,True,False,True,20240812
600768.SH,True,True,59,-16451635.260000004,7520376.359999999,False,False,False,True,True,20240812
002250.SZ,False,True,59,1099768391.85,819752314.3999999,False,False,False,False,True,20240812
002557.SZ,False,True,59,833145105.79,1590547475.78,False,False,False,False,True,20240812
600769.SH,True,True,59,58701844.24999999,49214868.46,False,False,False,False,True,20240812
002251.SZ,False,True,59,-445052586.04999983,-1471530332.0900002,False,False,True,True,True,20240812
002558.SZ,False,True,59,1053053276.98,912848655.59,False,False,False,False,True,20240812
600770.SH,True,True,59,112458444.32000001,136636187.3,False,False,False,False,True,20240812
002252.SZ,False,True,59,796890427.69,2394087600.3100004,False,False,False,False,True,20240812
002559.SZ,False,True,59,98562826.74999997,273546308.31000006,False,False,False,False,True,20240812
600771.SH,True,True,59,99228135.63,478247152.11,False,False,False,False,True,20240812
002253.SZ,False,True,59,39880862.199999996,79614607.62,False,False,False,False,True,20240812
002560.SZ,False,True,59,-60925454.609999985,-389762562.78,False,False,True,True,True,20240812
600773.SH,True,True,59,-430095565.4999999,-172491723.19000006,False,False,True,True,True,20240812
002254.SZ,False,True,59,270484493.85,436387502.09,False,False,False,False,True,20240812
002561.SZ,False,True,59,32947365.58,237181949.61,False,False,False,False,True,20240812
600774.SH,True,True,59,199085474.48000002,299701195.22,False,False,False,False,True,20240812
002255.SZ,False,True,59,499866219.6999999,411993668.19000006,False,False,False,False,True,20240812
002562.SZ,False,True,59,101018551.03999999,-62487390.860000014,False,False,True,False,True,20240812
600775.SH,True,True,59,-69588359.89999999,-72267852.64,False,False,True,True,True,20240812
002256.SZ,False,True,59,18239664.060000002,55383709.69,False,False,False,False,True,20240812
002563.SZ,False,True,59,1100867414.9100003,2303194104.42,False,False,False,False,True,20240812
600776.SH,True,True,59,-7647402.330000013,144423233.94,False,False,False,True,True,20240812
002258.SZ,False,True,59,121385698.60000002,1617116126.79,False,False,False,False,True,20240812
002564.SZ,False,True,59,244917691.95999998,392839257.46000004,False,False,False,False,True,20240812
600777.SH,True,True,59,7458228483.21,7521558742.64,False,False,False,False,True,20240812
002259.SZ,False,True,59,75784649.67,161014161.03,False,False,False,False,True,20240812
002565.SZ,False,True,59,122131176.36999999,194411874.56,False,False,False,False,True,20240812
600778.SH,True,True,59,11918369.349999994,249486761.54999998,False,False,False,False,True,20240812
002261.SZ,False,True,59,-957076634.72,-816882508.74,False,False,True,True,True,20240812
002566.SZ,False,True,59,136770049.86,189709040.25,False,False,False,False,True,20240812
600779.SH,False,True,59,1426431370.29,1325336362.91,False,False,False,False,True,20240812
002262.SZ,False,True,59,1184392674.11,911309839.0,False,False,False,False,True,20240812
002567.SZ,False,True,59,493525369.05,119351957.47999999,False,False,False,False,True,20240812
600780.SH,True,True,59,1061622876.0399998,1148709461.7399998,False,False,False,False,True,20240812
002263.SZ,False,True,59,254820720.46,-146154123.83,False,False,True,False,True,20240812
002568.SZ,False,True,59,458982394.02,1198955645.76,False,False,False,False,True,20240812
600782.SH,True,True,59,239403844.66,-432333618.1,False,False,True,False,True,20240812
002264.SZ,False,True,59,-114124350.02,245726497.42000002,False,False,False,True,True,20240812
002569.SZ,False,True,59,-9651230.969999999,-19889839.499999993,False,False,True,True,True,20240812
600783.SH,True,True,59,-50168509.69999997,-154156876.72,False,False,True,True,True,20240812
002265.SZ,False,True,59,257520841.56000006,-1107124658.58,False,False,True,False,True,20240812
002570.SZ,False,True,59,438126126.63,368251064.19,False,False,False,False,True,20240812
600784.SH,True,True,59,537590844.3,275343284.87,False,False,False,False,True,20240812
002266.SZ,False,True,59,868863479.5400002,704215299.08,False,False,False,False,True,20240812
002571.SZ,False,True,59,168352356.29999998,121411995.69,False,False,False,False,True,20240812
600785.SH,True,True,59,780233723.3799999,781073070.0999999,False,False,False,False,True,20240812
002267.SZ,False,True,59,919583688.7,268760981.4200001,False,False,False,False,True,20240812
002572.SZ,False,True,59,932997965.6800001,2634732413.1600003,False,False,False,False,True,20240812
600787.SH,True,True,59,1059045613.5699999,1754591788.52,False,False,False,False,True,20240812
002268.SZ,False,True,59,357157462.91,571369658.6800001,False,False,False,False,True,20240812
002573.SZ,False,True,59,959925257.22,1052152795.6500001,False,False,False,False,True,20240812
600789.SH,True,True,59,402411641.94,811758111.46,False,False,False,False,True,20240812
002269.SZ,False,True,59,-411398022.82,-275199200.71,False,False,True,True,True,20240812
002574.SZ,False,True,59,243354533.56000003,-122898558.74000001,False,False,True,False,True,20240812
600790.SH,True,True,59,476961120.86,-119861994.16000001,False,False,True,False,True,20240812
002270.SZ,False,True,59,646918315.8899999,715442658.1600001,False,False,False,False,True,20240812
002575.SZ,False,True,59,-58506884.44,32593569.81,False,False,False,True,True,20240812
600791.SH,True,True,59,-2621681536.3799996,2799897915.85,False,False,False,True,True,20240812
002271.SZ,False,True,59,4718533061.03,3691305345.23,False,False,False,False,True,20240812
002576.SZ,False,True,59,356723525.33,-76481894.82,False,False,True,False,True,20240812
600792.SH,True,True,59,-447505922.14,389669929.82000005,False,False,False,True,True,20240812
002272.SZ,False,True,59,7702000.079999998,-53220452.33000001,False,False,True,False,True,20240812
002577.SZ,False,True,59,48601969.0,41471578.769999996,False,False,False,False,True,20240812
600793.SH,True,True,59,251959614.11,179358775.74,False,False,False,False,True,20240812
002273.SZ,False,True,59,1647627318.5500002,903983920.71,False,False,False,False,True,20240812
002578.SZ,False,True,59,-124981923.72,120163801.47999999,False,False,False,True,True,20240812
600794.SH,True,True,59,663775031.61,755766622.3000001,False,False,False,False,True,20240812
002274.SZ,False,True,59,930399300.8300002,833168367.32,False,False,False,False,True,20240812
002579.SZ,False,True,59,320096849.2,140473602.51999998,False,False,False,False,True,20240812
600795.SH,True,True,59,49478510814.22,33073612462.01,False,False,False,False,True,20240812
002275.SZ,False,True,59,562823564.4,509018353.07000005,False,False,False,False,True,20240812
002580.SZ,False,True,59,57159130.760000005,1168216.4100000039,False,False,False,False,True,20240812
600796.SH,True,True,59,353708578.95000005,361796488.84,False,False,False,False,True,20240812
002276.SZ,False,True,59,1465570803.39,1009894507.72,False,False,False,False,True,20240812
002581.SZ,False,True,59,-29295998.74000001,-94047814.72000001,False,False,True,True,True,20240812
600797.SH,True,True,59,244307894.08000004,356396083.18000007,False,False,False,False,True,20240812
002277.SZ,False,True,59,430375697.28000003,71839196.88000005,False,False,False,False,True,20240812
002582.SZ,False,True,59,281850769.74999994,2034688.6900000013,False,False,False,False,True,20240812
600798.SH,True,True,59,636188396.5799999,592843973.76,False,False,False,False,True,20240812
002278.SZ,False,True,59,-68161628.42,-50647915.19,False,False,True,True,True,20240812
002583.SZ,False,True,59,612420668.79,633097053.09,False,False,False,False,True,20240812
600800.SH,True,True,59,255707727.36999997,205374005.6,False,False,False,False,True,20240812
002279.SZ,False,True,59,-44940584.04999998,151349513.93000004,False,False,False,True,True,20240812
002584.SZ,False,True,59,27567572.46000004,-354163744.82,False,False,True,False,True,20240812
600801.SH,True,True,59,5838971853.0,5427852883.0,False,False,False,False,True,20240812
002281.SZ,False,True,59,773388540.9200001,723851575.7199999,False,False,False,False,True,20240812
002585.SZ,False,True,59,312064423.1999999,-44246346.57000005,False,False,True,False,True,20240812
600802.SH,True,True,59,-135720117.57,-137791035.73,False,False,True,True,True,20240812
002282.SZ,False,True,59,148070061.75,194059031.74999997,False,False,False,False,True,20240812
002586.SZ,False,True,59,-68030245.97999999,-196006517.48000002,False,False,True,True,True,20240812
600803.SH,True,True,59,12265680000.0,14554250000.0,False,False,False,False,True,20240812
002283.SZ,False,True,59,999275654.06,785168528.99,False,False,False,False,True,20240812
002587.SZ,False,True,59,29831179.84000001,11606859.079999998,False,False,False,False,True,20240812
600805.SH,False,True,59,-155662471.62,-97697112.23,False,False,True,True,True,20240812
002284.SZ,False,True,59,639554048.1700001,667410526.43,False,False,False,False,True,20240812
002588.SZ,False,True,59,1541659234.3400002,794098392.9800001,False,False,False,False,True,20240812
600807.SH,True,True,59,-233931674.42000002,-532338404.4499999,False,False,True,True,True,20240812
002285.SZ,False,True,59,102723489.18000007,661571056.29,False,False,False,False,True,20240812
002589.SZ,False,True,59,-86880346.83000001,424827630.99,False,False,False,True,True,20240812
600808.SH,True,True,59,1309165709.0,5173567234.0,False,False,False,False,True,20240812
002286.SZ,False,True,59,239292773.57999998,159444702.74,False,False,False,False,True,20240812
002590.SZ,False,True,59,247634402.11999997,14172010.939999998,False,False,False,False,True,20240812
600809.SH,True,True,59,9947488010.310001,10835402794.620003,False,False,False,False,True,20240812
002287.SZ,False,True,59,512165730.0400001,272578810.18999994,False,False,False,False,True,20240812
002591.SZ,False,True,59,86499117.15,90582947.45000002,False,False,False,False,True,20240812
600810.SH,True,True,59,817012936.01,-446625970.3399999,False,False,True,False,True,20240812
002289.SZ,False,True,59,-32619519.07,4152372.3699999996,False,False,False,True,True,20240812
002592.SZ,False,True,57,15665597.879999995,124952036.95,False,False,False,False,True,20240812
600812.SH,True,True,59,1642464354.67,1038448916.71,False,False,False,False,True,20240812
002290.SZ,False,True,59,180623560.73000002,225262299.45,False,False,False,False,True,20240812
002593.SZ,False,True,59,215077811.51999998,332081124.71999997,False,False,False,False,True,20240812
600814.SH,True,True,59,1551538475.75,184156409.49999994,False,False,False,False,True,20240812
002291.SZ,False,True,59,175160496.9,-501137005.52000004,False,False,True,False,True,20240812
002594.SZ,False,True,59,101932158000.0,179623667000.0,False,False,False,False,True,20240812
600815.SH,True,True,59,149896401.04,-56940398.72,False,False,True,False,True,20240812
002292.SZ,False,True,59,356472770.17,269940802.78,False,False,False,False,True,20240812
002595.SZ,False,True,59,1358412528.8700001,812920988.5899999,False,False,False,False,True,20240812
600816.SH,False,True,59,-618429351.8,-1010380815.59,False,False,True,True,True,20240812
002293.SZ,False,True,59,926756958.63,706632034.8599999,False,False,False,False,True,20240812
002596.SZ,False,True,59,127648088.58,68569555.04,False,False,False,False,True,20240812
600817.SH,True,True,59,-1076225.0499999821,221814705.22,False,False,False,True,True,20240812
002294.SZ,False,True,59,1019042343.2199999,915812878.48,False,False,False,False,True,20240812
002597.SZ,False,True,58,780961918.6499999,1832120286.08,False,False,False,False,True,20240812
600818.SH,True,True,59,-29182268.6,13545187.36,False,False,False,True,True,20240812
002295.SZ,False,True,59,-66405476.019999996,120619515.64000005,False,False,False,True,True,20240812
002598.SZ,False,True,59,-2969617.85,64413887.86999999,False,False,False,True,True,20240812
600819.SH,True,True,59,806621933.81,323767037.53,False,False,False,False,True,20240812
002296.SZ,False,True,59,148051745.15,161842824.57,False,False,False,False,True,20240812
002599.SZ,False,True,58,204097663.63,150599991.19,False,False,False,False,True,20240812
600820.SH,True,True,59,-66680220.71999991,4689068597.98,False,False,False,True,True,20240812
002297.SZ,False,True,59,110307643.94,489293.33000000566,False,False,False,False,True,20240812
002600.SZ,False,True,59,3398976882.84,5925035644.799999,False,False,False,False,True,20240812
600821.SH,True,True,59,1737027569.14,1935607457.24,False,False,False,False,True,20240812
002298.SZ,False,True,59,123031165.85,13136387.010000005,False,False,False,False,True,20240812
002601.SZ,False,True,59,3955347393.1,2337194825.59,False,False,False,False,True,20240812
600822.SH,True,True,59,364990357.97,831059.4300000072,False,False,False,False,True,20240812
002299.SZ,False,True,59,2463405742.2799997,2451088096.2400002,False,False,False,False,True,20240812
002602.SZ,False,True,59,3316423713.2299995,1961950148.64,False,False,False,False,True,20240812
600824.SH,True,True,59,94011806.08,297996722.79,False,False,False,False,True,20240812
002300.SZ,False,True,59,426756893.02,258335689.04000008,False,False,False,False,True,20240812
002603.SZ,False,True,58,-260913534.52000004,2734974986.41,False,False,False,True,True,20240812
600825.SH,True,True,59,60889441.40000002,230693708.75,False,False,False,False,True,20240812
002301.SZ,False,True,59,655725554.3399999,363823353.52,False,False,False,False,True,20240812
002605.SZ,False,True,58,415679894.7900001,617364988.18,False,False,False,False,True,20240812
600826.SH,True,True,59,110529550.39,624836037.48,False,False,False,False,True,20240812
002302.SZ,False,True,59,1030303869.97,690757830.3999999,False,False,False,False,True,20240812
002606.SZ,False,True,58,-177157859.27,332840919.70000005,False,False,False,True,True,20240812
600827.SH,True,True,59,2925930664.9700003,3703261666.6899996,False,False,False,False,True,20240812
002303.SZ,False,True,59,474443729.64,412126889.4099999,False,False,False,False,True,20240812
002607.SZ,False,True,58,178606050.32,-774602635.71,False,False,True,False,True,20240812
600828.SH,True,True,59,960760577.83,810356475.1700001,False,False,False,False,True,20240812
002304.SZ,False,True,59,7908517105.63,8366411400.799999,False,False,False,False,True,20240812
002608.SZ,False,True,58,4266572496.9399996,851543002.0700006,False,False,False,False,True,20240812
600829.SH,False,True,59,-137847450.58,447533497.5,False,False,False,True,True,20240812
002305.SZ,False,True,59,-247212955.92999977,-299753424.35000014,False,False,True,True,True,20240812
002609.SZ,False,True,58,326535771.92999995,459276987.19000006,False,False,False,False,True,20240812
600830.SH,True,True,59,-1539608870.9400003,500985715.1,False,False,False,True,True,20240812
002306.SZ,False,True,59,12259438.540000003,-46119835.02,False,False,True,False,True,20240812
002611.SZ,False,True,57,414315135.7900001,545479820.74,False,False,False,False,True,20240812
600831.SH,True,True,59,88822757.24999997,352300841.97,False,False,False,False,True,20240812
002307.SZ,False,True,59,-614101123.18,765432905.18,False,False,False,True,True,20240812
002612.SZ,False,True,57,717621038.6099999,530795704.0900001,False,False,False,False,True,20240812
600833.SH,True,True,59,-178521708.99,648283493.21,False,False,False,True,True,20240812
002309.SZ,False,True,59,274749511.13,425948005.51,False,False,False,False,True,20240812
002613.SZ,False,True,57,171287328.61,117886354.33,False,False,False,False,True,20240812
600834.SH,True,True,59,407345473.83000004,-255742139.9,False,False,True,False,True,20240812
002310.SZ,False,True,59,-948190.25,-566079583.5,False,False,True,True,True,20240812
002614.SZ,False,True,57,475939675.2700001,857682955.49,False,False,False,False,True,20240812
600835.SH,True,True,59,1182479581.9499998,1255653878.45,False,False,False,False,True,20240812
002311.SZ,False,True,59,9053082268.59,9985778587.369999,False,False,False,False,True,20240812
002615.SZ,False,True,58,408378541.85,125912364.83000001,False,False,False,False,True,20240812
600838.SH,True,True,59,2003244.1900000004,7280566.109999999,False,False,False,False,True,20240812
002312.SZ,False,True,59,1027365083.13,983566272.3499999,False,False,False,False,True,20240812
002616.SZ,False,True,57,283504163.17,394522796.69000006,False,False,False,False,True,20240812
600839.SH,True,True,59,2111716465.44,5295970775.68,False,False,False,False,True,20240812
002313.SZ,False,True,59,-318042688.59,666378637.97,False,False,False,True,True,20240812
002617.SZ,False,True,57,-246034196.60999998,562296083.42,False,False,False,True,True,20240812
600841.SH,True,True,59,540729010.44,165620247.01999998,False,False,False,False,True,20240812
002314.SZ,False,True,59,1598141770.8099995,1711312118.02,False,False,False,False,True,20240812
002620.SZ,False,True,57,82799054.27,152081489.07999998,False,False,False,False,True,20240812
600843.SH,True,True,59,121661104.51999998,35164092.760000005,False,False,False,False,True,20240812
002315.SZ,False,True,59,644834451.14,528128005.27,False,False,False,False,True,20240812
002622.SZ,False,True,57,126213729.44000001,86226749.0,False,False,False,False,True,20240812
600844.SH,True,True,59,-149669828.95999998,-13934792.060000002,False,False,True,True,True,20240812
002316.SZ,False,True,59,-4376717.520000001,43420685.980000004,False,False,False,True,True,20240812
002623.SZ,False,True,57,322808731.62000006,232644262.64999998,False,False,False,False,True,20240812
600845.SH,True,True,59,2976802514.9999995,2010249977.24,False,False,False,False,True,20240812
002317.SZ,False,True,59,339882417.45,-36687824.75999999,False,False,True,False,True,20240812
002624.SZ,False,True,57,285886656.34,1057558888.1399999,False,False,False,False,True,20240812
600846.SH,True,True,59,-2517890014.17,260939928.19000006,False,False,False,True,True,20240812
002318.SZ,False,True,59,2100915790.55,642906876.48,False,False,False,False,True,20240812
002625.SZ,False,True,57,369875775.71999997,46935838.36000001,False,False,False,False,True,20240812
600847.SH,True,True,59,9784094.299999997,-11296239.619999997,False,False,True,False,True,20240812
002319.SZ,False,True,59,22743774.660000004,26436582.89,False,False,False,False,True,20240812
002626.SZ,False,True,57,356981007.09999996,869836518.07,False,False,False,False,True,20240812
600848.SH,True,True,58,,-1051094568.1200004,False,False,True,False,False,20240812
002320.SZ,False,True,59,1644484957.3199997,1684193880.56,False,False,False,False,True,20240812
002627.SZ,False,True,57,364445778.48999995,259882128.63999993,False,False,False,False,True,20240812
600850.SH,True,True,59,80982175.05000019,450914058.55999994,False,False,False,False,True,20240812
002321.SZ,False,True,59,164680136.79999998,-235423842.92000008,False,False,True,False,True,20240812
002628.SZ,False,True,57,7232129.120000005,99136743.33000001,False,False,False,False,True,20240812
600851.SH,True,True,59,27016620.06,66895702.07000001,False,False,False,False,True,20240812
002322.SZ,False,True,59,451651142.02,275349145.05,False,False,False,False,True,20240812
002629.SZ,False,True,57,-17216081.04,-102406197.93,False,False,True,True,True,20240812
600853.SH,True,True,59,1765399557.47,-92783123.52999973,False,False,True,False,True,20240812
002323.SZ,False,True,59,-92504499.75,-72364813.61000001,False,False,True,True,True,20240812
002630.SZ,False,True,57,-558351071.8199999,280126080.25,False,False,False,True,True,20240812
600854.SH,True,True,59,34557028.29000001,-45553570.65000001,False,False,True,False,True,20240812
002324.SZ,False,True,59,467357138.62000006,44291211.339999974,False,False,False,False,True,20240812
002631.SZ,False,True,57,87337894.72,534716601.85999995,False,False,False,False,True,20240812
600855.SH,True,True,59,78976067.94000001,64670804.81999999,False,False,False,False,True,20240812
002326.SZ,False,True,59,-312215068.47,-446266479.51,False,False,True,True,True,20240812
002632.SZ,False,True,57,211397598.97000003,140188895.76999998,False,False,False,False,True,20240812
600857.SH,True,True,59,23103543.28,24094403.59,False,False,False,False,True,20240812
002327.SZ,False,True,59,574368561.9,795593050.3100001,False,False,False,False,True,20240812
002633.SZ,False,True,57,-18212362.68,-15453459.010000002,False,False,True,True,True,20240812
600858.SH,True,True,59,1084443540.19,394488518.19000006,False,False,False,False,True,20240812
002328.SZ,False,True,59,968743372.81,68763456.50000001,False,False,False,False,True,20240812
002634.SZ,False,True,57,-1385811282.09,28986938.380000003,False,False,False,True,True,20240812
600859.SH,True,True,59,2615158871.4,2945325843.23,False,False,False,False,True,20240812
002329.SZ,False,True,59,294912913.0,259603337.45000002,False,False,False,False,True,20240812
002635.SZ,False,True,57,929142587.3800001,747725932.95,False,False,False,False,True,20240812
600860.SH,True,True,59,-70520673.47999999,17672451.28,False,False,False,True,True,20240812
002330.SZ,False,True,59,-114989970.41,22382698.619999975,False,False,False,True,True,20240812
002636.SZ,False,True,57,224047057.49,311441518.48,False,False,False,False,True,20240812
600861.SH,True,True,59,41744668.27999994,198039275.89000002,False,False,False,False,True,20240812
002331.SZ,False,True,59,-68444088.53,-150906485.76999998,False,False,True,True,True,20240812
002637.SZ,False,True,57,479166191.36,206293236.51999995,False,False,False,False,True,20240812
600862.SH,True,True,59,360123415.68000007,588809041.73,False,False,False,False,True,20240812
002332.SZ,False,True,59,447963375.38,723481498.92,False,False,False,False,True,20240812
002638.SZ,False,True,57,-56714220.78,117770576.63000001,False,False,False,True,True,20240812
600863.SH,True,True,59,5197417879.990001,5471076792.94,False,False,False,False,True,20240812
002333.SZ,False,True,59,-151540988.82999998,-83310107.35,False,False,True,True,True,20240812
002639.SZ,False,True,57,-5798098.590000004,120403640.68,False,False,False,True,True,20240812
600864.SH,True,True,59,2384919925.3399997,266852502.8399999,False,False,False,False,True,20240812
002334.SZ,False,True,59,386822640.78999996,560050133.96,False,False,False,False,True,20240812
002640.SZ,False,True,57,-161383233.17999998,-94839840.72,False,False,True,True,True,20240812
600865.SH,True,True,59,100543062.46000001,92631073.62,False,False,False,False,True,20240812
002335.SZ,False,True,59,1062870285.4900001,1207483479.8400002,False,False,False,False,True,20240812
002641.SZ,False,True,57,1038236794.1099999,933649364.4200001,False,False,False,False,True,20240812
600866.SH,True,True,59,2008682262.52,2095232533.8700001,False,False,False,False,True,20240812
002337.SZ,False,True,59,-6742488.6499999985,-77776038.97000001,False,False,True,True,True,20240812
002642.SZ,False,True,57,156591403.72000003,-32260658.75999999,False,False,True,False,True,20240812
600867.SH,True,True,59,667480577.79,611028914.8599999,False,False,False,False,True,20240812
002338.SZ,False,True,59,22163030.950000003,75977352.47999999,False,False,False,False,True,20240812
002643.SZ,False,True,58,1239100260.7300003,892933546.0999999,False,False,False,False,True,20240812
600868.SH,True,True,59,131712347.45,64052787.40999999,False,False,False,False,True,20240812
002339.SZ,False,True,59,142247283.57,178728425.56,False,False,False,False,True,20240812
002644.SZ,False,True,57,109186071.42,-25832779.35,False,False,True,False,True,20240812
600869.SH,True,True,59,73612587.79000002,587242955.67,False,False,False,False,True,20240812
002340.SZ,False,True,59,2859676066.1800003,2116784654.8999999,False,False,False,False,True,20240812
002645.SZ,False,True,57,390955147.4299999,-132842086.88999999,False,False,True,False,True,20240812
600871.SH,True,True,59,4965235000.0,5157407000.0,False,False,False,False,True,20240812
002342.SZ,False,True,58,,121285367.9,False,False,False,False,False,20240812
002646.SZ,False,True,57,62233098.10000001,59357563.2,False,False,False,False,True,20240812
600872.SH,False,True,59,974003421.4300001,695098357.8499999,False,False,False,False,True,20240812
002343.SZ,False,True,59,-119632300.24,87647333.9,False,False,False,True,True,20240812
002647.SZ,False,True,57,127178115.47,196454413.12,False,False,False,False,True,20240812
600873.SH,False,True,59,5194262914.68,4458220695.14,False,False,False,False,True,20240812
002344.SZ,False,True,59,145703085.35999998,127488839.22,False,False,False,False,True,20240812
002648.SZ,False,True,57,7181761911.870001,5219745954.610001,False,False,False,False,True,20240812
600874.SH,True,True,59,715261000.0,1305399000.0,False,False,False,False,True,20240812
002345.SZ,False,True,59,584109622.77,380449614.38,False,False,False,False,True,20240812
002649.SZ,False,True,57,145624004.71000004,352353628.15999997,False,False,False,False,True,20240812
600875.SH,True,True,59,2780815964.27,3798829638.2100005,False,False,False,False,True,20240812
002346.SZ,False,True,59,16409646.16,-6489974.669999994,False,False,True,False,True,20240812
002650.SZ,False,True,57,-29301873.68999999,-40276920.33,False,False,True,True,True,20240812
600876.SH,True,True,59,509578554.65999997,-590609025.02,False,False,True,False,True,20240812
002347.SZ,False,True,59,93680495.78,65204831.58,False,False,False,False,True,20240812
002651.SZ,False,True,57,240084453.67999998,316293671.96000004,False,False,False,False,True,20240812
600877.SH,False,True,59,40345383.82,167708929.78,False,False,False,False,True,20240812
002348.SZ,False,True,59,15865721.91,-14384737.099999998,False,False,True,False,True,20240812
002652.SZ,False,True,56,67432502.76999998,46940470.28,False,False,False,False,True,20240812
600879.SH,True,True,59,-2185309806.97,-913626850.6400003,False,False,True,True,True,20240812
002349.SZ,False,True,59,288376987.42,315599202.2,False,False,False,False,True,20240812
002653.SZ,False,True,57,504736612.49999994,203715737.39,False,False,False,False,True,20240812
600880.SH,True,True,59,390641.4199999869,-106510130.12,False,False,True,False,True,20240812
002350.SZ,False,True,59,-35239142.47,154119124.91000003,False,False,False,True,True,20240812
002654.SZ,False,True,56,-95195868.35,131321963.51999998,False,False,False,True,True,20240812
600881.SH,True,True,59,1396794232.7599998,956097122.82,False,False,False,False,True,20240812
002351.SZ,False,True,59,574630363.03,611112350.28,False,False,False,False,True,20240812
002655.SZ,False,True,56,136089713.37,83265876.26,False,False,False,False,True,20240812
600882.SH,True,True,59,474819527.92999995,14698270.800000012,False,False,False,False,True,20240812
002352.SZ,False,True,59,26467261000.0,29814960000.0,False,False,False,False,True,20240812
002656.SZ,False,True,56,-21748557.149999995,36884315.55,False,False,False,True,True,20240812
600883.SH,True,True,59,-22463668.490000002,-21938876.989999995,False,False,True,True,True,20240812
002353.SZ,False,True,59,2620460886.08,516084552.38000005,False,False,False,False,True,20240812
002657.SZ,False,True,56,4808672.6400000155,233087962.23000002,False,False,False,False,True,20240812
600884.SH,True,True,59,1957465427.3100002,-2518076431.62,False,False,True,False,True,20240812
002354.SZ,False,True,59,-73915330.64,21587638.189999998,False,False,False,True,True,20240812
002658.SZ,False,True,56,303875892.04999995,258366379.1,False,False,False,False,True,20240812
600885.SH,False,True,59,2587408702.1099997,1657863657.0900002,False,False,False,False,True,20240812
002355.SZ,False,True,59,101924215.13999999,-76242503.11,False,False,True,False,True,20240812
002659.SZ,False,True,56,44911517.11000001,128005330.94999999,False,False,False,False,True,20240812
600886.SH,True,True,59,24624326203.660004,22431868710.700005,False,False,False,False,True,20240812
002356.SZ,False,True,59,-26661881.28,6883195.8999999985,False,False,False,True,True,20240812
002660.SZ,False,True,56,-136075555.48,167311305.35,False,False,False,True,True,20240812
600887.SH,True,True,59,17604095985.96,13902215084.54,False,False,False,False,True,20240812
002357.SZ,False,True,59,172079131.82999998,152075958.53,False,False,False,False,True,20240812
002661.SZ,False,True,56,510170270.83,547008436.97,False,False,False,False,True,20240812
600888.SH,True,True,59,566043158.41,696329825.3900001,False,False,False,False,True,20240812
002358.SZ,False,True,59,137955033.98999998,-46290428.389999986,False,False,True,False,True,20240812
002662.SZ,False,True,56,798852141.23,605935659.8,False,False,False,False,True,20240812
600889.SH,True,True,59,-211724075.42,-122198286.32000002,False,False,True,True,True,20240812
002360.SZ,False,True,59,54910831.95000002,328190463.73999995,False,False,False,False,True,20240812
002663.SZ,False,True,59,44470173.93999999,133793145.93,False,False,False,False,True,20240812
600892.SH,True,True,59,-40491600.17000001,-11286855.65,False,False,True,True,True,20240812
002361.SZ,False,True,59,230174841.45999998,-41170810.47,False,False,True,False,True,20240812
002664.SZ,False,True,56,582471697.13,180581347.81000003,False,False,False,False,True,20240812
600893.SH,True,True,59,-6672944890.75,-12257249680.38,False,False,True,True,True,20240812
002362.SZ,False,True,59,7058171.860000014,-10654805.0,False,False,True,False,True,20240812
002666.SZ,False,True,56,280908714.33000004,57229364.67,False,False,False,False,True,20240812
600894.SH,True,True,59,163663646.77,547247708.36,False,False,False,False,True,20240812
002363.SZ,False,True,59,303856404.54,199412140.63,False,False,False,False,True,20240812
002667.SZ,False,True,56,9113333.169999987,-105602002.6,False,False,True,False,True,20240812
600895.SH,True,True,59,-3319997292.6400003,-915789985.3000001,False,False,True,True,True,20240812
002364.SZ,False,True,59,319908305.67999995,222054867.06,False,False,False,False,True,20240812
002668.SZ,False,True,56,2713184324.7500005,889045973.73,False,False,False,False,True,20240812
600897.SH,True,True,59,740479128.8,338217200.57,False,False,False,False,True,20240812
002365.SZ,False,True,59,93565584.39999998,412212148.5,False,False,False,False,True,20240812
002669.SZ,False,True,56,408264016.84000003,-215116421.79,False,False,True,False,True,20240812
600900.SH,True,True,59,62616763526.46001,44009888931.03,False,False,False,False,True,20240812
002366.SZ,False,True,59,-346805970.79,-539549980.51,False,False,True,True,True,20240812
002670.SZ,False,True,56,-1236159226.98,378405279.51999974,False,False,False,True,True,20240812
600901.SH,True,True,40,3994674412.99,887447974.39,False,False,False,False,True,20240812
002367.SZ,False,True,59,335769546.3399999,725640311.46,False,False,False,False,True,20240812
002671.SZ,False,True,56,35065495.11999999,277865659.73,False,False,False,False,True,20240812
600903.SH,True,True,36,671967924.93,979111694.25,False,False,False,False,True,20240812
002368.SZ,False,True,58,,354780342.1400001,False,False,False,False,False,20240812
002672.SZ,False,True,55,155629053.13000003,-30734570.359999985,False,False,True,False,True,20240812
600905.SH,True,True,26,15509950266.39,18111971508.68,False,False,False,False,True,20240812
002369.SZ,False,True,59,6535223.570000004,183220274.89,False,False,False,False,True,20240812
002673.SZ,False,True,56,3740991570.94,-1026088072.3900003,False,False,True,False,True,20240812
600906.SH,True,True,36,827526233.81,-160471998.55999994,False,False,True,False,True,20240812
002370.SZ,False,True,59,66806687.45999999,12951654.53,False,False,False,False,True,20240812
002674.SZ,False,True,56,268922350.24,-196424770.25,False,False,True,False,True,20240812
600908.SH,True,True,41,7750017000.0,3864409000.0,False,False,False,False,True,20240812
002371.SZ,False,True,59,2433846101.77,447211635.53999996,False,False,False,False,True,20240812
002675.SZ,False,True,56,246929201.45000005,663691878.48,False,False,False,False,True,20240812
600909.SH,True,True,45,-1611463578.8099995,-5044309731.55,False,False,True,True,True,20240812
002372.SZ,False,True,59,1259138390.73,1849007739.53,False,False,False,False,True,20240812
002676.SZ,False,True,56,66943114.190000005,76713136.96000001,False,False,False,False,True,20240812
600916.SH,True,True,23,3743174918.46,101242567.20000005,False,False,False,False,True,20240812
002373.SZ,False,True,59,570803305.1199999,859388712.7900001,False,False,False,False,True,20240812
002677.SZ,False,True,56,305958714.26,506245439.87999994,False,False,False,False,True,20240812
600917.SH,True,True,49,455331167.5100001,162547356.02999997,False,False,False,False,True,20240812
002374.SZ,False,True,59,14961139.809999999,54023842.73,False,False,False,False,True,20240812
002678.SZ,False,True,56,-298660418.31000006,-177204729.31000003,False,False,True,True,True,20240812
600918.SH,True,True,45,5607707537.67,2172426432.4800014,False,False,False,False,True,20240812
002375.SZ,False,True,59,347926664.36000013,201100711.20000005,False,False,False,False,True,20240812
002679.SZ,False,True,56,25077461.020000003,38122042.650000006,False,False,False,False,True,20240812
600919.SH,True,True,43,189381530000.0,78335416000.0,False,False,False,False,True,20240812
002376.SZ,False,True,59,390248289.76,505120893.14000005,False,False,False,False,True,20240812
002681.SZ,False,True,56,265405908.94,107958661.60999998,False,False,False,False,True,20240812
600926.SH,True,True,45,98334126000.0,53782762000.0,False,False,False,False,True,20240812
002377.SZ,False,True,59,-40272487.300000004,-75705935.88999999,False,False,True,True,True,20240812
002682.SZ,False,True,56,392972182.63,208530330.82999998,False,False,False,False,True,20240812
600927.SH,True,True,36,-15257757309.6,-3311727320.76,False,False,True,True,True,20240812
002378.SZ,False,True,59,146379305.92,318071684.84,False,False,False,False,True,20240812
002683.SZ,False,True,56,1537270767.85,988756218.51,False,False,False,False,True,20240812
600928.SH,True,True,36,9125555000.0,30186848000.0,False,False,False,False,True,20240812
002379.SZ,False,True,59,-88364318.32,234332235.82,False,False,False,True,True,20240812
002685.SZ,False,True,56,449078415.81,264719780.56,False,False,False,False,True,20240812
600929.SH,True,True,33,936820147.5,1303772703.21,False,False,False,False,True,20240812
002380.SZ,False,True,59,193418529.33,67763927.61,False,False,False,False,True,20240812
002686.SZ,False,True,56,133630415.57,163275039.65,False,False,False,False,True,20240812
600933.SH,True,True,38,1633703272.8500001,822783214.1399999,False,False,False,False,True,20240812
002381.SZ,False,True,59,49420109.360000014,234282572.08999997,False,False,False,False,True,20240812
002687.SZ,False,True,56,238436445.14000002,272517218.17,False,False,False,False,True,20240812
600935.SH,False,True,24,407833627.39000005,410497514.15999997,False,False,False,False,True,20240812
002382.SZ,False,True,59,-71922396.60999998,159147387.18,False,False,False,True,True,20240812
002688.SZ,False,True,55,279306912.14,140360832.63,False,False,False,False,True,20240812
600936.SH,True,True,42,133538756.64000003,339907605.17,False,False,False,False,True,20240812
002383.SZ,False,True,59,51763238.370000035,334126099.98,False,False,False,False,True,20240812
002689.SZ,False,True,55,-998312.7800000012,-17688074.450000003,False,False,True,True,True,20240812
600938.SH,True,True,17,228679000000.0,202965000000.0,False,False,False,False,True,20240812
002384.SZ,False,True,59,4647488033.459999,5925661169.57,False,False,False,False,True,20240812
002690.SZ,False,True,55,656645236.7700001,539085625.51,False,False,False,False,True,20240812
600939.SH,True,True,59,-504904933.89,1118986874.19,False,False,False,True,True,20240812
002385.SZ,False,True,59,711564282.61,1424214975.4,False,False,False,False,True,20240812
002691.SZ,False,True,55,153031535.86999997,-1706554.25,False,False,True,False,True,20240812
600941.SH,False,True,19,274632000000.0,294003000000.0,False,False,False,False,True,20240812
002386.SZ,False,True,59,295414757.38,-302408424.25,False,False,True,False,True,20240812
002692.SZ,False,True,55,58890039.56999999,-28474302.599999994,False,False,True,False,True,20240812
600955.SH,True,True,20,1141243806.06,906902417.47,False,False,False,False,True,20240812
002387.SZ,False,True,59,3873191895.45,2012227362.9099998,False,False,False,False,True,20240812
002693.SZ,False,True,55,7837880.850000003,11448128.169999998,False,False,False,False,True,20240812
600956.SH,True,True,45,5119224907.18,7202138378.31,False,False,False,False,True,20240812
002388.SZ,False,True,59,-104686527.75999999,-139822989.57999998,False,False,True,True,True,20240812
002694.SZ,False,True,55,-73185326.15,53079394.95,False,False,False,True,True,20240812
600958.SH,True,True,49,20008242973.79,3077889066.620001,False,False,False,False,True,20240812
002389.SZ,False,True,59,402334061.84,284618457.53999996,False,False,False,False,True,20240812
002695.SZ,False,True,54,191422015.51999998,294919687.23,False,False,False,False,True,20240812
600959.SH,True,True,55,2049037063.8999999,1989441781.68,False,False,False,False,True,20240812
002390.SZ,False,True,59,791397379.1700001,321597247.96999997,False,False,False,False,True,20240812
002696.SZ,False,True,54,178693330.79,350978812.71,False,False,False,False,True,20240812
600960.SH,True,True,59,137992738.95,410462321.60999995,False,False,False,False,True,20240812
002391.SZ,False,True,59,121093468.81000002,585003606.77,False,False,False,False,True,20240812
002697.SZ,False,True,54,1135015827.9,1396972169.5,False,False,False,False,True,20240812
600961.SH,True,True,59,1219588000.3,421986385.20000005,False,False,False,False,True,20240812
002392.SZ,False,True,59,-45218766.41999999,217799515.04000002,False,False,False,True,True,20240812
002698.SZ,False,True,54,377273119.61,166081183.20999998,False,False,False,False,True,20240812
600962.SH,True,True,59,-293165133.37,328317982.87,False,False,False,True,True,20240812
002393.SZ,False,True,59,163472075.64999998,298045790.92999995,False,False,False,False,True,20240812
002700.SZ,False,True,54,117020059.10000001,176828129.07999998,False,False,False,False,True,20240812
600963.SH,True,True,59,1161581270.8100002,720526093.5800002,False,False,False,False,True,20240812
002394.SZ,False,True,59,-58349205.79999998,360883446.68000007,False,False,False,True,True,20240812
002701.SZ,False,True,54,2764234459.0,1529434540.0,False,False,False,False,True,20240812
600965.SH,True,True,59,95438770.23,36370571.47,False,False,False,False,True,20240812
002395.SZ,False,True,59,-32301963.929999992,61687322.949999996,False,False,False,True,True,20240812
002702.SZ,False,True,55,17260065.049999997,58199901.02999999,False,False,False,False,True,20240812
600966.SH,True,True,59,1738882355.0700002,12488881.840000033,False,False,False,False,True,20240812
002396.SZ,False,True,59,262236680.49999982,1247933721.8799999,False,False,False,False,True,20240812
002703.SZ,False,True,54,80721496.83,-1262561.299999997,False,False,True,False,True,20240812
600967.SH,True,True,59,1320448794.01,-1130560373.67,False,False,True,False,True,20240812
002397.SZ,False,True,58,,300432026.51,False,False,False,False,False,20240812
002705.SZ,False,True,51,1569266316.68,1518751590.9699998,False,False,False,False,True,20240812
600968.SH,True,True,31,6569888152.43,4384209817.11,False,False,False,False,True,20240812
002398.SZ,False,True,59,300971015.87,337861242.95,False,False,False,False,True,20240812
002706.SZ,False,True,52,604422992.8299999,481630330.99,False,False,False,False,True,20240812
600969.SH,True,True,59,775762287.23,504074462.95000005,False,False,False,False,True,20240812
002399.SZ,False,True,59,2235809448.83,-1058622010.7599999,False,False,True,False,True,20240812
002707.SZ,False,True,51,586627353.12,-66493532.599999994,False,False,True,False,True,20240812
600970.SH,True,True,59,5361209042.2300005,73674537.8400001,False,False,False,False,True,20240812
002400.SZ,False,True,59,-603070810.59,-464917449.09000003,False,False,True,True,True,20240812
002708.SZ,False,True,51,-15812877.75999999,-189411710.51,False,False,True,True,True,20240812
600971.SH,True,True,59,2468189899.4000006,4102228351.3099995,False,False,False,False,True,20240812
002401.SZ,False,True,59,114933222.82,38973782.859999985,False,False,False,False,True,20240812
002709.SZ,False,True,58,1977487420.8600001,2398528235.74,False,False,False,False,True,20240812
600973.SH,True,True,59,957365641.9599999,61843575.03999996,False,False,False,False,True,20240812
002402.SZ,False,True,59,79184584.35999998,27262555.809999987,False,False,False,False,True,20240812
002712.SZ,False,True,51,-157489212.69000006,-403339647.06,False,False,True,True,True,20240812
600975.SH,False,True,59,-101933262.44999993,185298879.41,False,False,False,True,True,20240812
002403.SZ,False,True,59,-166904.8999999985,268469435.25,False,False,False,True,True,20240812
002713.SZ,False,True,51,-147485189.5,-291999527.01,False,False,True,True,True,20240812
600976.SH,True,True,59,244726890.52999997,210789760.26,False,False,False,False,True,20240812
002404.SZ,False,True,59,368451251.61,471501606.91999996,False,False,False,False,True,20240812
002714.SZ,False,True,51,26410689131.74,21776090228.12,False,False,False,False,True,20240812
600977.SH,True,True,41,255557248.24,1523007425.19,False,False,False,False,True,20240812
002405.SZ,False,True,59,63694562.67000002,-497306111.24999994,False,False,True,False,True,20240812
002715.SZ,False,True,51,76324070.27000001,38548331.010000005,False,False,False,False,True,20240812
600979.SH,True,True,59,701113556.72,667751606.67,False,False,False,False,True,20240812
002406.SZ,False,True,59,-12911981.34,125273190.45000005,False,False,False,True,True,20240812
002716.SZ,False,True,51,167719862.63,353705982.93,False,False,False,False,True,20240812
600980.SH,True,True,59,205659366.1,59244019.17,False,False,False,False,True,20240812
002407.SZ,False,True,59,-1600698266.2199998,2127851874.83,False,False,False,True,True,20240812
002717.SZ,False,True,51,-251681721.78000003,-699444191.1999999,False,False,True,True,True,20240812
600981.SH,True,True,59,-633037027.3100001,1363522289.4099998,False,False,False,True,True,20240812
002408.SZ,False,True,59,1022996862.0999999,936518663.9000001,False,False,False,False,True,20240812
002718.SZ,False,True,51,58809537.62,190236621.36,False,False,False,False,True,20240812
600982.SH,True,True,59,320591795.9,546719118.0299999,False,False,False,False,True,20240812
002409.SZ,False,True,59,395266504.11999995,768078931.8,False,False,False,False,True,20240812
002719.SZ,False,True,51,16097614.850000001,-106091497.31,False,False,True,False,True,20240812
600983.SH,True,True,59,311595203.69,-57301126.01000005,False,False,True,False,True,20240812
002410.SZ,False,True,59,664389928.1899999,1014567041.22,False,False,False,False,True,20240812
002721.SZ,False,True,51,-81498146.82000001,-68159237.03,False,False,True,True,True,20240812
600984.SH,True,True,59,421317066.76,394356568.40999997,False,False,False,False,True,20240812
002412.SZ,False,True,59,129349929.18999997,163746072.48000002,False,False,False,False,True,20240812
002722.SZ,False,True,51,283991507.54,453314603.15,False,False,False,False,True,20240812
600985.SH,True,True,59,12283446682.54,15896988498.470001,False,False,False,False,True,20240812
002413.SZ,False,True,59,138932073.45000002,-18600190.409999996,False,False,True,False,True,20240812
002723.SZ,False,True,51,201728842.76,-71974238.3,False,False,True,False,True,20240812
600986.SH,True,True,59,-106614654.83999997,596667400.8799999,False,False,False,True,True,20240812
002414.SZ,False,True,59,145893055.35000002,206709359.71000004,False,False,False,False,True,20240812
002724.SZ,False,True,48,161564371.18,143417450.42000002,False,False,False,False,True,20240812
600987.SH,True,True,59,1079070942.67,875291993.75,False,False,False,False,True,20240812
002415.SZ,False,True,59,15407227402.220001,13349018454.259998,False,False,False,False,True,20240812
002725.SZ,False,True,51,47391234.55,10159299.720000003,False,False,False,False,True,20240812
600988.SH,True,True,59,2765511780.09,1872709452.65,False,False,False,False,True,20240812
002416.SZ,False,True,59,1249324746.9899998,1217656557.0,False,False,False,False,True,20240812
002726.SZ,False,True,50,,-153010176.3399999,False,False,True,False,False,20240812
600989.SH,True,True,55,8752513631.25,6713796503.950001,False,False,False,False,True,20240812
002418.SZ,False,True,59,25130803.140000015,279494078.83,False,False,False,False,True,20240812
002727.SZ,False,True,50,2354620093.2,2553371397.62,False,False,False,False,True,20240812
600990.SH,True,True,59,51554609.58,461569989.16,False,False,False,False,True,20240812
002419.SZ,False,True,59,2439764765.6500006,2674490428.27,False,False,False,False,True,20240812
002728.SZ,False,True,50,97522130.03,362705408.94,False,False,False,False,True,20240812
600992.SH,True,True,59,-18190717.71,-6309389.609999996,False,False,True,True,True,20240812
002420.SZ,False,True,59,23469981.03000001,136424925.85,False,False,False,False,True,20240812
002729.SZ,False,True,46,45822409.43,-33391757.889999997,False,False,True,False,True,20240812
600993.SH,True,True,59,863880492.8399999,396409114.59000003,False,False,False,False,True,20240812
002421.SZ,False,True,59,-45484068.80000001,628849672.44,False,False,False,True,True,20240812
002730.SZ,False,True,46,18971094.950000003,262781464.17000002,False,False,False,False,True,20240812
600995.SH,True,True,59,3407706857.93,6349343007.8,False,False,False,False,True,20240812
002422.SZ,False,True,59,4455451845.0,5262886369.0,False,False,False,False,True,20240812
002731.SZ,False,True,46,328675511.90000004,-58226439.870000005,False,False,True,False,True,20240812
600996.SH,True,True,38,595212826.6399999,399995236.25,False,False,False,False,True,20240812
002423.SZ,False,True,59,8654403311.68,7487637347.95,False,False,False,False,True,20240812
002732.SZ,False,True,47,185214044.97000003,363658504.83,False,False,False,False,True,20240812
600997.SH,True,True,59,399101827.65999997,2305702589.7699995,False,False,False,False,True,20240812
002424.SZ,False,True,58,,530133506.87,False,False,False,False,False,20240812
002733.SZ,False,True,46,300778987.78999996,156757935.26000002,False,False,False,False,True,20240812
600998.SH,True,True,59,1028698235.4800003,6559373865.82,False,False,False,False,True,20240812
002425.SZ,False,True,59,-43738878.07,80187040.33000001,False,False,False,True,True,20240812
002734.SZ,False,True,47,352213144.18,395243510.03999996,False,False,False,False,True,20240812
600999.SH,True,True,59,25571605571.35,23163951110.020004,False,False,False,False,True,20240812
002426.SZ,False,True,59,235490094.25,381626338.5,False,False,False,False,True,20240812
002735.SZ,False,True,45,49576734.07,115763612.26000002,False,False,False,False,True,20240812
601000.SH,True,True,59,2421241852.1800003,2552380808.84,False,False,False,False,True,20240812
002427.SZ,False,True,59,-143857927.27,-64378872.05,False,False,True,True,True,20240812
002736.SZ,False,True,48,-26718470219.16,9513605763.55,False,False,False,True,True,20240812
601001.SH,True,True,59,5157210658.74,6634434079.970001,False,False,False,False,True,20240812
002428.SZ,False,True,59,-177831142.40999997,23636802.05,False,False,False,True,True,20240812
002737.SZ,False,True,45,371751455.53999996,1854200502.35,False,False,False,False,True,20240812
601002.SH,True,True,59,280603151.87999994,249243322.73,False,False,False,False,True,20240812
002429.SZ,False,True,59,1070412984.1299999,3354322500.91,False,False,False,False,True,20240812
002738.SZ,False,True,48,874679586.7900002,3295973105.08,False,False,False,False,True,20240812
601003.SH,True,True,59,1087648660.78,1579549062.040001,False,False,False,False,True,20240812
002430.SZ,False,True,59,2885367891.65,865055347.1700002,False,False,False,False,True,20240812
002739.SZ,False,True,45,2563973367.0399995,2481543874.56,False,False,False,False,True,20240812
601005.SH,True,True,59,1430267565.54,948096712.8699999,False,False,False,False,True,20240812
002431.SZ,False,True,59,98716834.04000002,331085699.81,False,False,False,False,True,20240812
002741.SZ,False,True,45,-43691191.25000001,171241088.8,False,False,False,True,True,20240812
601006.SH,True,True,59,12076311995.0,16150474070.0,False,False,False,False,True,20240812
002432.SZ,False,True,59,495572366.03999996,2975232818.569998,False,False,False,False,True,20240812
002742.SZ,False,True,45,-130343644.25999999,49372554.63,False,False,False,True,True,20240812
601007.SH,True,True,59,258383913.54000005,212659988.67999998,False,False,False,False,True,20240812
002434.SZ,False,True,59,126870351.52000004,472549509.51,False,False,False,False,True,20240812
002743.SZ,False,True,48,-250332875.12,-730944421.1000001,False,False,True,True,True,20240812
601008.SH,True,True,59,1295449886.31,-551403738.3999999,False,False,True,False,True,20240812
002436.SZ,False,True,59,247714930.96999997,626523405.21,False,False,False,False,True,20240812
002745.SZ,False,True,47,1921869585.76,1607242329.6499999,False,False,False,False,True,20240812
601009.SH,False,True,59,-82762593000.0,167137398000.0,False,False,False,True,True,20240812
002437.SZ,False,True,59,273596482.65,312512064.19000006,False,False,False,False,True,20240812
002746.SZ,False,True,47,-545634452.69,733726991.3000001,False,False,False,True,True,20240812
601010.SH,False,True,57,,762843130.0400001,False,False,False,False,False,20240812
002438.SZ,False,True,59,161706036.95,209057839.57,False,False,False,False,True,20240812
002747.SZ,False,True,45,-220214427.4,39072733.89,False,False,False,True,True,20240812
601011.SH,True,True,58,621856305.89,300815637.24000007,False,False,False,False,True,20240812
002439.SZ,False,True,59,-385826523.71,-161734612.86,False,False,True,True,True,20240812
002748.SZ,False,True,48,112727470.39999998,89336300.36000001,False,False,False,False,True,20240812
601012.SH,True,True,58,-3492700865.500001,18868718679.14,False,False,False,True,True,20240812
002440.SZ,False,True,59,-269089020.1,-97693621.8900001,False,False,True,True,True,20240812
002749.SZ,False,True,45,424056507.19,336875643.33,False,False,False,False,True,20240812
601015.SH,True,True,45,-361130578.57,1251650452.97,False,False,False,True,True,20240812
002441.SZ,False,True,59,731999963.1800001,311044298.48,False,False,False,False,True,20240812
002752.SZ,False,True,47,1323885147.8200002,1015297978.93,False,False,False,False,True,20240812
601016.SH,True,True,49,3312122730.5699997,4684054293.75,False,False,False,False,True,20240812
002442.SZ,False,True,59,288662831.13,-148252470.78,False,False,True,False,True,20240812
002753.SZ,False,True,44,160282725.05,-64046918.71000001,False,False,True,False,True,20240812
601018.SH,True,True,59,7805435000.0,5263827000.0,False,False,False,False,True,20240812
002443.SZ,False,True,59,615869066.9,856418818.6800001,False,False,False,False,True,20240812
002755.SZ,False,True,45,366288244.1,-113735544.66,False,False,True,False,True,20240812
601019.SH,True,True,37,1823681899.1299996,2429908460.0699997,False,False,False,False,True,20240812
002444.SZ,False,True,59,1747169563.0600002,2284458287.9700003,False,False,False,False,True,20240812
002756.SZ,False,True,47,2117945005.0199995,7122625248.909999,False,False,False,False,True,20240812
601020.SH,True,True,43,251842404.18,242798589.51,False,False,False,False,True,20240812
002445.SZ,False,True,59,175126354.51999998,-4787823.710000005,False,False,True,False,True,20240812
002757.SZ,False,True,45,453913449.88000005,453472842.29999995,False,False,False,False,True,20240812
601021.SH,True,True,46,6497474309.0,4036303428.0,False,False,False,False,True,20240812
002446.SZ,False,True,59,174746662.75000003,168380748.33,False,False,False,False,True,20240812
002758.SZ,False,True,45,438042678.16,1352789324.4799998,False,False,False,False,True,20240812
601038.SH,True,True,55,1016534717.95,1280568206.1400003,False,False,False,False,True,20240812
002448.SZ,False,True,59,229273447.72000003,356433434.9799999,False,False,False,False,True,20240812
002759.SZ,False,True,43,,-236544587.41999996,False,False,True,False,False,20240812
601058.SH,True,True,58,3742227291.2,3629835090.33,False,False,False,False,True,20240812
002449.SZ,False,True,59,427197207.24,500761207.52,False,False,False,False,True,20240812
002760.SZ,False,True,44,-3616163.66,37334256.95,False,False,False,True,True,20240812
601066.SH,True,True,45,-27076264323.3,15078245319.269997,False,False,False,True,True,20240812
002451.SZ,False,True,59,157934963.75,45752819.74000001,False,False,False,False,True,20240812
002761.SZ,False,True,44,806042064.9999998,4910119278.29,False,False,False,False,True,20240812
601068.SH,True,True,46,-449314747.12,769120850.4100001,False,False,False,True,True,20240812
002452.SZ,False,True,59,255901098.82,190309520.05,False,False,False,False,True,20240812
002762.SZ,False,True,44,6941153.190000001,53163072.769999996,False,False,False,False,True,20240812
601069.SH,True,True,46,-157226816.72,677888921.51,False,False,False,True,True,20240812
002453.SZ,False,True,59,-69494291.59,-216077699.66000003,False,False,True,True,True,20240812
002763.SZ,False,True,45,319163443.77000004,374640625.8399999,False,False,False,False,True,20240812
601077.SH,True,True,58,64411688000.0,26450711000.0,False,False,False,False,True,20240812
002454.SZ,False,True,59,390577417.45000005,168286446.95000005,False,False,False,False,True,20240812
002765.SZ,False,True,44,163361720.70000002,208124579.06999996,False,False,False,False,True,20240812
601086.SH,True,True,39,231197532.99,277931812.14,False,False,False,False,True,20240812
002455.SZ,False,True,59,616134974.28,395976756.82,False,False,False,False,True,20240812
002766.SZ,False,True,45,259608060.44000003,11306439.379999995,False,False,False,False,True,20240812
601088.SH,True,True,59,96006000000.0,97720000000.0,False,False,False,False,True,20240812
002456.SZ,False,True,59,-72095120.26,1308194043.8600001,False,False,False,True,True,20240812
002767.SZ,False,True,44,96098112.05000001,-20098889.409999996,False,False,True,False,True,20240812
601098.SH,True,True,59,1863103900.1299999,1495341257.0300002,False,False,False,False,True,20240812
002457.SZ,False,True,59,336791512.75,124738735.57,False,False,False,False,True,20240812
002768.SZ,False,True,44,409704767.4,506458669.16,False,False,False,False,True,20240812
601099.SH,True,True,59,-161554119.52999997,666497660.3299999,False,False,False,True,True,20240812
002458.SZ,False,True,59,424951669.9499999,1063083100.71,False,False,False,False,True,20240812
002769.SZ,False,True,46,43568479.830000006,-34647637.70999998,False,False,True,False,True,20240812
601100.SH,True,True,57,2232405636.1600003,2011859970.3600001,False,False,False,False,True,20240812
002459.SZ,False,True,59,5722794264.19,12521045002.12,False,False,False,False,True,20240812
002771.SZ,False,True,44,-33140386.22999999,10911331.039999992,False,False,False,True,True,20240812
601101.SH,True,True,59,4459552071.77,3575165344.1699996,False,False,False,False,True,20240812
002460.SZ,False,True,59,6780136789.15,7702950775.35,False,False,False,False,True,20240812
002772.SZ,False,True,44,357742379.12999994,685706737.98,False,False,False,False,True,20240812
601106.SH,True,True,59,1543963751.86,-2412158283.21,False,False,True,False,True,20240812
002461.SZ,False,True,59,866638266.9500002,728063834.3100001,False,False,False,False,True,20240812
002773.SZ,False,True,46,1467635733.92,1037995400.9800001,False,False,False,False,True,20240812
601107.SH,True,True,59,2954467890.0499997,2720647832.69,False,False,False,False,True,20240812
002462.SZ,False,True,59,532814863.48,1845456149.63,False,False,False,False,True,20240812
002774.SZ,False,True,38,127999690.08000001,179392034.8,False,False,False,False,True,20240812
601108.SH,True,True,49,-1329287102.2799993,-9449882804.77,False,False,True,True,True,20240812
002463.SZ,False,True,59,2356510803.0,1906436677.0,False,False,False,False,True,20240812
002775.SZ,False,True,44,-459441525.91,-379115114.83,False,False,True,True,True,20240812
601111.SH,True,True,59,33043111000.0,9919623000.0,False,False,False,False,True,20240812
002465.SZ,False,True,59,-455278776.9200001,-40871398.51999998,False,False,True,True,True,20240812
002777.SZ,False,True,43,193394008.32999998,104590227.79,False,False,False,False,True,20240812
601113.SH,True,True,58,822085038.4100001,496937939.72,False,False,False,False,True,20240812
002466.SZ,False,True,59,12822630215.43,25335081073.42,False,False,False,False,True,20240812
002778.SZ,False,True,46,39935339.18000001,-57263687.86000001,False,False,True,False,True,20240812
601116.SH,True,True,59,276515425.7,373971663.18000007,False,False,False,False,True,20240812
002467.SZ,False,True,59,164162021.48999998,138825643.79,False,False,False,False,True,20240812
002779.SZ,False,True,44,71356147.75999999,57140508.260000005,False,False,False,False,True,20240812
601117.SH,True,True,59,4336672740.0,6204755188.53,False,False,False,False,True,20240812
002468.SZ,False,True,59,4004992695.36,2452251365.8199997,False,False,False,False,True,20240812
002780.SZ,False,True,42,22206322.079999994,-20323979.060000002,False,False,True,False,True,20240812
601118.SH,True,True,58,,966869068.6,False,False,False,False,False,20240812
002469.SZ,False,True,59,711297965.9599999,238897380.23,False,False,False,False,True,20240812
002782.SZ,False,True,45,481376699.73,287692188.01,False,False,False,False,True,20240812
601126.SH,True,True,59,1248758962.83,883922594.5000001,False,False,False,False,True,20240812
002470.SZ,False,True,59,745710134.7,370993194.49,False,False,False,False,True,20240812
002783.SZ,False,True,44,551416669.13,314044362.33000004,False,False,False,False,True,20240812
601127.SH,True,True,50,25802929602.82,-4528269897.48,False,False,True,False,True,20240812
002471.SZ,False,True,59,385033225.72999996,38298259.620000005,False,False,False,False,True,20240812
002785.SZ,False,True,44,-60060471.870000005,70253649.69,False,False,False,True,True,20240812
601128.SH,True,True,43,32011514000.0,8097485000.0,False,False,False,False,True,20240812
002472.SZ,False,True,59,1573962734.5100002,1700431670.69,False,False,False,False,True,20240812
002786.SZ,False,True,43,-19979798.340000004,142667739.76,False,False,False,True,True,20240812
601137.SH,True,True,59,667309522.1200001,1519147340.08,False,False,False,False,True,20240812
002474.SZ,False,True,59,166363148.26,-21649372.32,False,False,True,False,True,20240812
002787.SZ,False,True,44,202973943.79,38914287.23000002,False,False,False,False,True,20240812
601138.SH,True,True,32,21309802000.0,47351760000.0,False,False,False,False,True,20240812
002475.SZ,False,True,59,21191810693.589996,19118492318.51,False,False,False,False,True,20240812
002788.SZ,False,True,42,1182947921.95,635728152.43,False,False,False,False,True,20240812
601139.SH,True,True,59,2841756862.28,3700254707.09,False,False,False,False,True,20240812
002476.SZ,False,True,59,40650838.870000005,120584247.64000002,False,False,False,False,True,20240812
002789.SZ,False,True,42,-404687510.02,30765229.320000008,False,False,False,True,True,20240812
601155.SH,True,True,41,4811811542.0,10466234285.0,False,False,False,False,True,20240812
002478.SZ,False,True,59,76584027.16000003,1281788060.6899998,False,False,False,False,True,20240812
002790.SZ,False,True,42,327955341.65999997,400413030.32000005,False,False,False,False,True,20240812
601156.SH,True,True,23,4072783705.7099996,4564123939.75,False,False,False,False,True,20240812
002479.SZ,False,True,59,884422432.1899999,587771806.0699999,False,False,False,False,True,20240812
002791.SZ,False,True,42,737125164.96,1153108285.95,False,False,False,False,True,20240812
601158.SH,True,True,59,1766080654.14,2919994049.54,False,False,False,False,True,20240812
002480.SZ,False,True,59,772407945.8000001,866814063.4200001,False,False,False,False,True,20240812
002792.SZ,False,True,44,-27966394.36,48698813.440000005,False,False,False,True,True,20240812
601162.SH,True,True,43,4482667909.59,-1916280094.08,False,False,True,False,True,20240812
002481.SZ,False,True,59,254878470.69,593009030.22,False,False,False,False,True,20240812
002793.SZ,False,True,42,188839374.06999993,36770046.82000005,False,False,False,False,True,20240812
601163.SH,True,True,56,1322073391.15,1944954829.7900002,False,False,False,False,True,20240812
002482.SZ,False,True,59,-282643321.57000005,-23145507.190000057,False,False,True,True,True,20240812
002795.SZ,False,True,42,643861.3600000031,81034309.25999999,False,False,False,False,True,20240812
601166.SH,True,True,59,-97028000000.0,291635000000.0,False,False,False,True,True,20240812
002483.SZ,False,True,59,-269858320.5,1422701656.6700003,False,False,False,True,True,20240812
002796.SZ,False,True,42,73179342.46000001,61049580.339999996,False,False,False,False,True,20240812
601168.SH,False,True,59,8811855408.0,6796626211.0,False,False,False,False,True,20240812
002484.SZ,False,True,59,554778025.68,626663338.5600001,False,False,False,False,True,20240812
002797.SZ,False,True,46,2206112542.53,-1565990040.48,False,False,True,False,True,20240812
601169.SH,True,True,59,-8676000000.0,149268000000.0,False,False,False,True,True,20240812
002485.SZ,False,True,59,-282695850.62,-208143522.38,False,False,True,True,True,20240812
002798.SZ,False,True,42,202991078.88,753774236.29,False,False,False,False,True,20240812
601177.SH,True,True,59,46669512.92,82038502.27,False,False,False,False,True,20240812
002486.SZ,False,True,59,59681442.889999986,224643543.37,False,False,False,False,True,20240812
002799.SZ,False,True,44,132014237.97999999,4579221.839999996,False,False,False,False,True,20240812
601179.SH,True,True,59,4261832641.94,-1703631944.22,False,False,True,False,True,20240812
002487.SZ,False,True,59,1303938072.36,224046961.10999998,False,False,False,False,True,20240812
002800.SZ,False,True,42,-169746882.89,72839997.21000001,False,False,False,True,True,20240812
601186.SH,True,True,59,-41921258000.0,56396357000.0,False,False,False,True,True,20240812
002488.SZ,False,True,59,-65938465.24000001,65906400.44000001,False,False,False,True,True,20240812
002801.SZ,False,True,42,263091967.71999997,260651117.54000002,False,False,False,False,True,20240812
601187.SH,True,True,36,23140364601.719997,-18615036702.79,False,False,True,False,True,20240812
002489.SZ,False,True,59,301493896.6699996,969167673.72,False,False,False,False,True,20240812
002802.SZ,False,True,42,60798902.1,153415788.84999996,False,False,False,False,True,20240812
601188.SH,True,True,58,299790568.8,-135898312.05,False,False,True,False,True,20240812
002490.SZ,False,True,59,280104522.61,-92187230.17,False,False,True,False,True,20240812
002803.SZ,False,True,42,495347890.6000001,428115781.5400001,False,False,False,False,True,20240812
601198.SH,True,True,48,-12370091453.489998,5362306364.319999,False,False,False,True,True,20240812
002491.SZ,False,True,59,282830912.0,245657751.19,False,False,False,False,True,20240812
002805.SZ,False,True,44,-170910709.29999995,-2067803918.3700001,False,False,True,True,True,20240812
601199.SH,True,True,59,414250625.13,494423237.78,False,False,False,False,True,20240812
002492.SZ,False,True,59,84884931.78,317243115.06,False,False,False,False,True,20240812
002806.SZ,False,True,42,51264835.89,-53328321.67,False,False,True,False,True,20240812
601200.SH,True,True,57,1227168076.52,1861941564.5,False,False,False,False,True,20240812
002493.SZ,False,True,59,38750539291.590004,-14299712405.139997,False,False,True,False,True,20240812
002807.SZ,False,True,44,2916686000.0,-4206256000.0,False,False,True,False,True,20240812
601208.SH,True,True,58,122343819.89000002,-758855279.4000001,False,False,True,False,True,20240812
002494.SZ,False,True,59,-45198081.31,56033692.81,False,False,False,True,True,20240812
002809.SZ,False,True,41,216755192.84999996,75460582.61,False,False,False,False,True,20240812
601211.SH,True,True,47,196973146.0,28260734983.0,False,False,False,False,True,20240812
002495.SZ,False,True,59,18900186.82,65604607.06999999,False,False,False,False,True,20240812
002810.SZ,False,True,41,272932736.13,239076090.66000003,False,False,False,False,True,20240812
601212.SH,True,True,40,3351337979.12,2054309934.2,False,False,False,False,True,20240812
002496.SZ,False,True,59,-24279478.97,31512948.07,False,False,False,True,True,20240812
002811.SZ,False,True,41,344387877.43999994,256582884.07000002,False,False,False,False,True,20240812
601216.SH,True,True,59,1372751863.04,2653010206.37,False,False,False,False,True,20240812
002497.SZ,False,True,59,1348453512.53,1165519553.1,False,False,False,False,True,20240812
002812.SZ,False,True,41,2949674099.2400002,1221564921.23,False,False,False,False,True,20240812
601218.SH,True,True,58,361563805.87,441385197.42,False,False,False,False,True,20240812
002498.SZ,False,True,59,632032019.6599998,571681975.39,False,False,False,False,True,20240812
002813.SZ,False,True,41,-24643795.36,19342760.270000003,False,False,False,True,True,20240812
601222.SH,True,True,58,1012243659.31,704544820.67,False,False,False,False,True,20240812
002500.SZ,False,True,59,2641148459.0,-1144606639.0,False,False,True,False,True,20240812
002815.SZ,False,True,44,881821055.69,1377455793.81,False,False,False,False,True,20240812
601225.SH,True,True,52,41586530298.32,54923889386.979996,False,False,False,False,True,20240812
002501.SZ,False,True,59,-199128985.59,-341852484.59000003,False,False,True,True,True,20240812
002816.SZ,False,True,41,-25812902.36,-39106860.120000005,False,False,True,True,True,20240812
601226.SH,True,True,46,55845906.31000018,101336138.31999993,False,False,False,False,True,20240812
002506.SZ,False,True,59,484755047.7400001,810637979.8499999,False,False,False,False,True,20240812
002817.SZ,False,True,39,85423993.56,62756683.21999999,False,False,False,False,True,20240812
601228.SH,True,True,49,2769441921.0099993,1548734398.0400002,False,False,False,False,True,20240812
002507.SZ,False,True,59,586382956.67,554701541.08,False,False,False,False,True,20240812
002818.SZ,False,True,41,960439562.3699999,792459497.7400001,False,False,False,False,True,20240812
601229.SH,True,True,49,5305430000.0,-17730922000.0,False,False,True,False,True,20240812
002819.SZ,False,True,41,-12848271.599999964,-436719850.53,False,False,True,True,True,20240812
601231.SH,True,True,56,4540744614.65,7148664122.44,False,False,False,False,True,20240812
002820.SZ,False,True,40,77569436.08000001,67779248.28,False,False,False,False,True,20240812
601233.SH,True,True,58,-1486769748.9199998,8263111837.83,False,False,False,True,True,20240812
002821.SZ,False,True,40,2170105163.5800004,4908310800.65,False,False,False,False,True,20240812
601236.SH,True,True,35,1199672457.3599997,-433871404.8699999,False,False,True,False,True,20240812
002822.SZ,False,True,40,33751538.75,-12873917.48000002,False,False,True,False,True,20240812
601238.SH,True,True,59,9335834293.0,87754141.0,False,False,False,False,True,20240812
002823.SZ,False,True,39,282190225.23,315061277.83,False,False,False,False,True,20240812
601279.SH,True,True,23,677884622.28,218214449.0,False,False,False,False,True,20240812
002824.SZ,False,True,40,274925344.64,347721136.41,False,False,False,False,True,20240812
601288.SH,True,True,59,763163000000.0,1766717000000.0,False,False,False,False,True,20240812
002825.SZ,False,True,40,96310908.15999998,145963830.73,False,False,False,False,True,20240812
601298.SH,True,True,36,4827908809.0,6086234509.0,False,False,False,False,True,20240812
002826.SZ,False,True,37,134949202.39,105150740.99,False,False,False,False,True,20240812
601311.SH,True,True,58,124490373.28,602177678.98,False,False,False,False,True,20240812
002827.SZ,False,True,40,-759278.2100000065,-27353244.759999998,False,False,True,True,True,20240812
601318.SH,True,True,59,502989000000.0,330102000000.0,False,False,False,False,True,20240812
002828.SZ,False,True,40,-4808710.569999997,47863040.38000001,False,False,False,True,True,20240812
601319.SH,True,True,36,80672000000.0,81867000000.0,False,False,False,False,True,20240812
002829.SZ,False,True,40,17469658.00999999,-245819221.85000002,False,False,True,False,True,20240812
601326.SH,True,True,42,2293431442.3999996,2538259367.37,False,False,False,False,True,20240812
002830.SZ,False,True,42,25716324.620000005,39333495.12,False,False,False,False,True,20240812
601328.SH,True,True,59,-79996000000.0,273989000000.0,False,False,False,True,True,20240812
002831.SZ,False,True,51,2649502665.7,3701745335.590001,False,False,False,False,True,20240812
601330.SH,True,True,34,1233330282.85,1222468376.8,False,False,False,False,True,20240812
002832.SZ,False,True,39,1213632294.2199998,1039962509.47,False,False,False,False,True,20240812
601333.SH,True,True,59,1415493863.0,1313267985.0,False,False,False,False,True,20240812
002833.SZ,False,True,41,731860757.48,651891069.34,False,False,False,False,True,20240812
601336.SH,True,True,57,87147000000.0,97622000000.0,False,False,False,False,True,20240812
002835.SZ,False,True,39,228208644.11,282321881.69,False,False,False,False,True,20240812
601339.SH,True,True,55,1539651623.53,-763800718.9199998,False,False,True,False,True,20240812
002836.SZ,False,True,39,110967212.93,-15243084.790000001,False,False,True,False,True,20240812
601360.SH,True,True,56,324152000.0,959671000.0,False,False,False,False,True,20240812
002837.SZ,False,True,40,432677877.46,203404651.29,False,False,False,False,True,20240812
601366.SH,True,True,39,873751317.1399999,1114804410.51,False,False,False,False,True,20240812
002838.SZ,False,True,43,-102875442.91,16944814.37,False,False,False,True,True,20240812
601368.SH,True,True,49,422290540.24999994,599025922.8199999,False,False,False,False,True,20240812
002839.SZ,False,True,41,323533051.72,7047752474.22,False,False,False,False,True,20240812
601369.SH,True,True,59,1438539772.0800002,742611159.4099998,False,False,False,False,True,20240812
002840.SZ,False,True,41,362608427.97999996,633430616.11,False,False,False,False,True,20240812
601375.SH,True,True,46,953669911.03,-1187751371.0099998,False,False,True,False,True,20240812
002841.SZ,False,True,41,704840401.12,2485537104.81,False,False,False,False,True,20240812
601377.SH,True,True,59,-17462879149.83,20681906467.52,False,False,False,True,True,20240812
002842.SZ,False,True,39,-9120133.829999998,75553821.41,False,False,False,True,True,20240812
601388.SH,True,True,55,93374159.48999995,889317505.1600001,False,False,False,False,True,20240812
002843.SZ,False,True,42,271674017.0,90805952.85999998,False,False,False,False,True,20240812
601390.SH,True,True,59,-1001633000.0,51300531000.0,False,False,False,True,True,20240812
002845.SZ,False,True,41,569838440.5699999,834706180.3400002,False,False,False,False,True,20240812
601398.SH,True,True,59,146716000000.0,1291521000000.0,False,False,False,False,True,20240812
002846.SZ,False,True,39,119500250.78,219166901.26,False,False,False,False,True,20240812
601399.SH,True,True,59,1308494432.26,1586096966.15,False,False,False,False,True,20240812
002847.SZ,False,True,39,1030287377.0199999,446341186.89,False,False,False,False,True,20240812
601456.SH,True,True,37,3026023742.3600006,4735798702.110001,False,False,False,False,True,20240812
002848.SZ,False,True,41,-15020036.34,-30936298.89,False,False,True,True,True,20240812
601500.SH,True,True,40,858398765.2299999,570950923.04,False,False,False,False,True,20240812
002849.SZ,False,True,38,26281633.650000006,244230646.45999998,False,False,False,False,True,20240812
601512.SH,True,True,29,1980293996.76,1065566256.3599999,False,False,False,False,True,20240812
002850.SZ,False,True,40,2094698010.33,969492529.8900001,False,False,False,False,True,20240812
601515.SH,True,True,56,-445952444.6699999,429805013.8800001,False,False,False,True,True,20240812
002851.SZ,False,True,41,108914780.1,352966530.01,False,False,False,False,True,20240812
601518.SH,True,True,58,831139975.1099999,784702843.16,False,False,False,False,True,20240812
002852.SZ,False,True,38,3402382319.3599997,2773329917.7100005,False,False,False,False,True,20240812
601519.SH,False,True,59,-17705973.600000005,111050713.66,False,False,False,True,True,20240812
002853.SZ,False,True,38,142223188.57999998,175291916.60000002,False,False,False,False,True,20240812
601528.SH,True,True,32,7688012000.0,20256820000.0,False,False,False,False,True,20240812
002855.SZ,False,True,40,-50892041.45,17408230.720000006,False,False,False,True,True,20240812
601555.SH,True,True,56,17261958522.54,-13588512226.96,False,False,True,False,True,20240812
002856.SZ,False,True,39,-143917279.09000003,191061807.21,False,False,False,True,True,20240812
601566.SH,True,True,58,393424887.53999996,495429040.05,False,False,False,False,True,20240812
002857.SZ,False,True,40,31690424.67,5674903.669999999,False,False,False,False,True,20240812
601567.SH,True,True,58,1983257375.3200002,1472128774.02,False,False,False,False,True,20240812
002858.SZ,False,True,40,118569708.98,18556490.310000002,False,False,False,False,True,20240812
601568.SH,True,True,24,947051565.51,403472223.89999986,False,False,False,False,True,20240812
002859.SZ,False,True,38,296202289.45000005,237346314.09000003,False,False,False,False,True,20240812
601577.SH,True,True,40,4513390000.0,18167544000.0,False,False,False,False,True,20240812
002860.SZ,False,True,38,365003886.7,167946077.20999998,False,False,False,False,True,20240812
601579.SH,True,True,52,373914278.47,269372068.08,False,False,False,False,True,20240812
002861.SZ,False,True,40,-12347578.050000004,97516048.5,False,False,False,True,True,20240812
601588.SH,True,True,59,-7913502.0,3665127828.0,False,False,False,True,True,20240812
002862.SZ,False,True,38,22973311.01,25493866.58,False,False,False,False,True,20240812
601595.SH,True,True,41,153800291.03999996,125164021.32999998,False,False,False,False,True,20240812
002863.SZ,False,True,38,-132067817.50999999,446123042.87,False,False,False,True,True,20240812
601598.SH,True,True,57,1463096442.0200005,5170870581.84,False,False,False,False,True,20240812
002864.SZ,False,True,36,155516930.88,112588631.86,False,False,False,False,True,20240812
601599.SH,True,True,58,320309218.38,70885821.87000003,False,False,False,False,True,20240812
002865.SZ,False,True,39,2776292009.16,-57829649.14999999,False,False,True,False,True,20240812
601600.SH,True,True,59,30282381000.0,23118362000.0,False,False,False,False,True,20240812
002866.SZ,False,True,39,159289152.01999998,412416213.0,False,False,False,False,True,20240812
601601.SH,True,True,59,142529000000.0,144315000000.0,False,False,False,False,True,20240812
002867.SZ,False,True,40,716025509.03,998791865.5600002,False,False,False,False,True,20240812
601606.SH,True,True,35,11479242.120000005,-155881974.17,False,False,True,False,True,20240812
002868.SZ,False,True,38,-22659999.97,-116831740.3,False,False,True,True,True,20240812
601607.SH,True,True,59,4108399162.21,6937966190.28,False,False,False,False,True,20240812
002869.SZ,False,True,37,-98459103.99000001,100705639.66,False,False,False,True,True,20240812
601608.SH,True,True,55,954060206.55,945638939.2599999,False,False,False,False,True,20240812
002870.SZ,False,True,38,798399956.6099999,583724423.86,False,False,False,False,True,20240812
601609.SH,True,True,36,-1184649892.29,107481095.10999966,False,False,False,True,True,20240812
002871.SZ,False,True,38,144335794.20999998,115695566.43,False,False,False,False,True,20240812
601611.SH,True,True,51,-129052694.10000038,-3983030032.1800003,False,False,True,True,True,20240812
002872.SZ,False,True,37,22601321.499999996,100196775.23,False,False,False,False,True,20240812
601615.SH,True,True,53,-3806153714.2799997,-1719465027.6,False,False,True,True,True,20240812
002873.SZ,False,True,40,124757973.66999999,17344778.43,False,False,False,False,True,20240812
601616.SH,True,True,59,151657244.23,143705279.56,False,False,False,False,True,20240812
002875.SZ,False,True,37,18361212.45,-34023234.629999995,False,False,True,False,True,20240812
601618.SH,True,True,59,-7997940000.0,3468934000.0,False,False,False,True,True,20240812
002876.SZ,False,True,37,-76644744.04999998,242454815.7,False,False,False,True,True,20240812
601619.SH,True,True,38,1350762438.46,1712832585.8400002,False,False,False,False,True,20240812
002877.SZ,False,True,38,-75773516.76,-99347715.81,False,False,True,True,True,20240812
601628.SH,True,True,59,410577000000.0,367491000000.0,False,False,False,False,True,20240812
002878.SZ,False,True,36,,-139095134.27999997,False,False,True,False,False,20240812
601633.SH,True,True,57,29596004692.05,1710846010.1000013,False,False,False,False,True,20240812
002879.SZ,False,True,39,254619382.36999997,97822590.67,False,False,False,False,True,20240812
601636.SH,True,True,58,1140014024.27,332989048.83000004,False,False,False,False,True,20240812
002880.SZ,False,True,38,251212814.1,238580084.07000002,False,False,False,False,True,20240812
601658.SH,True,True,41,310772000000.0,411497000000.0,False,False,False,False,True,20240812
002881.SZ,False,True,37,-63726410.57,-110613010.32000001,False,False,True,True,True,20240812
601665.SH,True,True,44,16143296000.0,33670974000.0,False,False,False,False,True,20240812
002882.SZ,False,True,38,41680483.28999999,495773960.61,False,False,False,False,True,20240812
601666.SH,True,True,59,4271980286.8999996,12719485630.89,False,False,False,False,True,20240812
002883.SZ,False,True,37,,-5762589.009999998,False,False,True,False,False,20240812
601668.SH,True,True,59,-87179038000.0,62140894000.0,False,False,False,True,True,20240812
002884.SZ,False,True,38,404855290.5500001,510856573.7499999,False,False,False,False,True,20240812
601669.SH,True,True,59,14898257294.760002,13865039743.889996,False,False,False,False,True,20240812
002885.SZ,False,True,37,-103353889.19999999,209038445.5,False,False,False,True,True,20240812
601677.SH,True,True,57,210765567.88000023,-541554452.08,False,False,True,False,True,20240812
002886.SZ,False,True,38,54548133.86999999,94610571.87,False,False,False,False,True,20240812
601678.SH,True,True,59,868726008.3399999,1094967867.3899999,False,False,False,False,True,20240812
002887.SZ,False,True,39,134088342.29,-21454558.740000006,False,False,True,False,True,20240812
601686.SH,True,True,23,1374540042.1,2451363637.12,False,False,False,False,True,20240812
002888.SZ,False,True,39,53957139.900000006,-10974115.909999996,False,False,True,False,True,20240812
601688.SH,True,True,59,10504198877.04,31694875483.61,False,False,False,False,True,20240812
002889.SZ,False,True,40,-122151239.78000003,234385422.51999998,False,False,False,True,True,20240812
601689.SH,True,True,45,3177905863.6799994,2391027077.67,False,False,False,False,True,20240812
002890.SZ,False,True,38,21826836.44,45136823.83,False,False,False,False,True,20240812
601696.SH,True,True,41,-906243475.8699999,-1413303665.0500002,False,False,True,True,True,20240812
002891.SZ,False,True,36,417706337.21000004,211498642.34999996,False,False,False,False,True,20240812
601698.SH,True,True,30,1742535025.87,1859087441.0200002,False,False,False,False,True,20240812
002892.SZ,False,True,36,178318095.39,135741964.16,False,False,False,False,True,20240812
601699.SH,True,True,59,8620010296.240002,24492920744.480003,False,False,False,False,True,20240812
002893.SZ,False,True,38,66299965.03,333658601.39,False,False,False,False,True,20240812
601700.SH,True,True,59,-222641839.15,713799681.5699999,False,False,False,True,True,20240812
002895.SZ,False,True,36,503327413.56999993,713483132.48,False,False,False,False,True,20240812
601702.SH,False,True,26,270900222.94000006,1053284696.6699998,False,False,False,False,True,20240812
002896.SZ,False,True,35,234721816.20000002,134454690.11,False,False,False,False,True,20240812
601717.SH,True,True,59,2525781046.54,3184868135.33,False,False,False,False,True,20240812
002897.SZ,False,True,35,153064345.17,412398660.21000004,False,False,False,False,True,20240812
601718.SH,True,True,59,-555198129.8599999,1215262930.6100001,False,False,False,True,True,20240812
002899.SZ,False,True,35,148463140.95999998,263518470.08999997,False,False,False,False,True,20240812
601727.SH,True,True,59,11923927000.0,10776152000.0,False,False,False,False,True,20240812
002900.SZ,False,True,37,-66482917.160000004,153445919.5,False,False,False,True,True,20240812
601728.SH,True,True,59,131300345584.91,137630885964.3,False,False,False,False,True,20240812
002901.SZ,False,True,35,264832596.51,61944368.57000001,False,False,False,False,True,20240812
601766.SH,True,True,59,31346778000.0,11102280000.0,False,False,False,False,True,20240812
002902.SZ,False,True,36,-219503889.12,217959148.3,False,False,False,True,True,20240812
601777.SH,True,True,59,619015397.93,-1620866077.63,False,False,True,False,True,20240812
002903.SZ,False,True,35,103115477.66999999,-91414854.78,False,False,True,False,True,20240812
601778.SH,True,True,27,25922962.950000048,-328199924.13000023,False,False,True,False,True,20240812
002905.SZ,False,True,40,327255258.39000005,393995829.16,False,False,False,False,True,20240812
601788.SH,True,True,59,31551496027.25,3008239929.499998,False,False,False,False,True,20240812
002906.SZ,False,True,36,427777977.19,483623185.7700001,False,False,False,False,True,20240812
601789.SH,True,True,58,-78368365.92000008,1152304182.08,False,False,False,True,True,20240812
002907.SZ,False,True,36,130599429.05000001,101069523.41999999,False,False,False,False,True,20240812
601798.SH,True,True,58,134272206.18,1402750.2300000042,False,False,False,False,True,20240812
002908.SZ,False,True,35,195868156.48000002,109233899.84000002,False,False,False,False,True,20240812
601799.SH,True,True,59,981098886.0699999,531415122.29999995,False,False,False,False,True,20240812
002909.SZ,False,True,37,101537571.87,153624422.43,False,False,False,False,True,20240812
601800.SH,True,True,59,-12708304150.0,-3211356594.0,False,False,True,True,True,20240812
002910.SZ,False,True,36,88393974.74000002,235413126.74999997,False,False,False,False,True,20240812
601801.SH,True,True,59,1628499036.38,1331265567.4100003,False,False,False,False,True,20240812
002911.SZ,False,True,37,1107407685.6599998,1545905775.95,False,False,False,False,True,20240812
601808.SH,True,True,59,13656939655.0,10141400378.0,False,False,False,False,True,20240812
002912.SZ,False,True,34,317488489.47,-105662798.59,False,False,True,False,True,20240812
601811.SH,True,True,41,2150712586.9700003,2185809669.1899996,False,False,False,False,True,20240812
002913.SZ,False,True,36,944682706.88,753487899.47,False,False,False,False,True,20240812
601816.SH,True,True,25,21959452351.61,15282472174.36,False,False,False,False,True,20240812
002915.SZ,False,True,39,-108788255.08999997,-78932875.84,False,False,True,True,True,20240812
601818.SH,True,True,59,-221510000000.0,193148000000.0,False,False,False,True,True,20240812
002916.SZ,False,True,46,2768215918.21,2767396629.5600004,False,False,False,False,True,20240812
601825.SH,True,True,32,50500168000.0,93524267000.0,False,False,False,False,True,20240812
002917.SZ,False,True,36,99061990.54999998,-7644079.93,False,False,True,False,True,20240812
601827.SH,True,True,27,2611878849.41,2240652056.41,False,False,False,False,True,20240812
002918.SZ,False,True,35,1141471364.45,568161207.58,False,False,False,False,True,20240812
601828.SH,True,True,55,-525864360.8200002,3945964541.93,False,False,False,True,True,20240812
002919.SZ,False,True,34,139427971.9,78075200.57,False,False,False,False,True,20240812
601838.SH,True,True,40,7119390000.0,-31508621000.0,False,False,True,False,True,20240812
002920.SZ,False,True,35,1453794129.1899998,855786393.3499999,False,False,False,False,True,20240812
601857.SH,True,True,59,452219000000.0,419413000000.0,False,False,False,False,True,20240812
002921.SZ,False,True,35,139198082.14,145177893.10000002,False,False,False,False,True,20240812
601858.SH,True,True,40,383729187.74,513707207.79999995,False,False,False,False,True,20240812
002922.SZ,False,True,35,299555093.08,207074594.42000002,False,False,False,False,True,20240812
601860.SH,True,True,37,8496157000.0,2951635000.0,False,False,False,False,True,20240812
002923.SZ,False,True,37,219764164.31,173884772.09,False,False,False,False,True,20240812
601865.SH,True,True,33,4558396528.24,-1574717927.23,False,False,True,False,True,20240812
002925.SZ,False,True,36,633978433.3,953576270.22,False,False,False,False,True,20240812
601866.SH,True,True,59,2206441217.1399994,9952363547.330002,False,False,False,False,True,20240812
002926.SZ,False,True,38,2781672327.59,-6626304893.93,False,False,True,False,True,20240812
601868.SH,True,True,42,8602784000.0,8095511000.0,False,False,False,False,True,20240812
002927.SZ,False,True,33,167894858.56,11358102.829999998,False,False,False,False,True,20240812
601869.SH,True,True,33,1383989748.0,1607401293.0,False,False,False,False,True,20240812
002928.SZ,False,True,35,1603192656.7399998,501879019.7099999,False,False,False,False,True,20240812
601872.SH,True,True,59,8570766176.07,8351643596.07,False,False,False,False,True,20240812
002929.SZ,False,True,36,-789535416.4600003,935805379.0999999,False,False,False,True,True,20240812
601877.SH,True,True,59,9402138158.54,5967767738.370001,False,False,False,False,True,20240812
002930.SZ,False,True,37,982400730.31,961281465.81,False,False,False,False,True,20240812
601878.SH,True,True,44,-4596797906.400001,3568569835.8899994,False,False,False,True,True,20240812
002931.SZ,False,True,33,43342517.80999999,151300541.80000004,False,False,False,False,True,20240812
601880.SH,True,True,59,3259059828.12,3332538477.3700004,False,False,False,False,True,20240812
002932.SZ,False,True,39,448834917.2,2747433097.2400002,False,False,False,False,True,20240812
601881.SH,True,True,44,27073184735.25,-23294064895.089996,False,False,True,False,True,20240812
002933.SZ,False,True,30,82181887.88000001,29594889.710000005,False,False,False,False,True,20240812
601882.SH,True,True,41,545479126.34,528648100.46000004,False,False,False,False,True,20240812
002935.SZ,False,True,35,-159437406.83999997,272394687.57,False,False,False,True,True,20240812
601886.SH,True,True,58,1660313315.4299998,604868429.9100001,False,False,False,False,True,20240812
002936.SZ,False,True,43,-2289377000.0,-13688066000.0,False,False,True,True,True,20240812
601888.SH,True,True,59,10862341468.7,8593619149.65,False,False,False,False,True,20240812
002937.SZ,False,True,31,406342262.15,371676442.05999994,False,False,False,False,True,20240812
601890.SH,True,True,59,243451825.90999997,46060067.489999995,False,False,False,False,True,20240812
002938.SZ,False,True,32,6295991756.56,10117445508.470001,False,False,False,False,True,20240812
601898.SH,True,True,59,40820118000.0,40547193000.0,False,False,False,False,True,20240812
002939.SZ,False,True,37,2030079732.8099995,-10751031529.640001,False,False,True,False,True,20240812
601899.SH,True,True,59,41279188572.0,29130440112.0,False,False,False,False,True,20240812
002940.SZ,False,True,31,266305895.47,178634332.51999998,False,False,False,False,True,20240812
601900.SH,True,True,43,1117203577.93,1844270757.3400002,False,False,False,False,True,20240812
002941.SZ,False,True,49,-1063410752.26,122216515.31999993,False,False,False,True,True,20240812
601901.SH,True,True,58,-27847776164.829998,1237062575.4099998,False,False,False,True,True,20240812
002942.SZ,False,True,37,200613618.12,25076011.24000001,False,False,False,False,True,20240812
601908.SH,True,True,58,62776355.23999995,243769352.40000004,False,False,False,False,True,20240812
002943.SZ,False,True,35,-101848834.54000002,-61062036.71,False,False,True,True,True,20240812
601916.SH,True,True,48,96260000000.0,40428000000.0,False,False,False,False,True,20240812
002945.SZ,False,True,39,-7237208256.3,-4754314456.910001,False,False,True,True,True,20240812
601918.SH,False,True,59,3595754080.9400005,3426503944.4499993,False,False,False,False,True,20240812
002946.SZ,False,True,32,1348973621.8600001,1312300802.63,False,False,False,False,True,20240812
601919.SH,True,True,59,31988944295.84,97521668200.84999,False,False,False,False,True,20240812
002947.SZ,False,True,32,338128370.6,227342236.34,False,False,False,False,True,20240812
601921.SH,True,True,21,973918082.7100002,2178339191.48,False,False,False,False,True,20240812
002948.SZ,False,True,41,10010551000.0,10111400000.0,False,False,False,False,True,20240812
601928.SH,True,True,56,1346614848.7600002,2986413535.82,False,False,False,False,True,20240812
002949.SZ,False,True,34,172456874.43,429934830.84000003,False,False,False,False,True,20240812
601929.SH,True,True,56,456481611.03000003,891734239.6999999,False,False,False,False,True,20240812
002950.SZ,False,True,31,543714663.7,797541754.24,False,False,False,False,True,20240812
601933.SH,True,True,59,4921501701.87,4140200350.4400005,False,False,False,False,True,20240812
002951.SZ,False,True,31,-58768080.230000004,9325634.459999999,False,False,False,True,True,20240812
601939.SH,True,True,59,119040000000.0,977533000000.0,False,False,False,False,True,20240812
002952.SZ,False,True,37,104008353.54000002,77126533.77,False,False,False,False,True,20240812
601949.SH,True,True,38,698437083.73,1136236527.4900002,False,False,False,False,True,20240812
002953.SZ,False,True,36,180878346.75,191379741.32000002,False,False,False,False,True,20240812
601952.SH,True,True,38,2182728230.16,2159784720.88,False,False,False,False,True,20240812
002955.SZ,False,True,29,450257958.07,778812842.41,False,False,False,False,True,20240812
601956.SH,True,True,19,266564996.74,137952653.78000003,False,False,False,False,True,20240812
002956.SZ,False,True,31,132163229.88,173674904.56,False,False,False,False,True,20240812
601958.SH,True,True,59,3328732935.23,2644258256.37,False,False,False,False,True,20240812
002957.SZ,False,True,30,96402365.00999999,265721719.71,False,False,False,False,True,20240812
601963.SH,True,True,49,-26667869000.0,2754467000.0,False,False,False,True,True,20240812
002958.SZ,False,True,35,7924663000.0,9144561000.0,False,False,False,False,True,20240812
601965.SH,True,True,55,692943892.42,842165446.41,False,False,False,False,True,20240812
002959.SZ,False,True,29,293943874.76000005,647985996.91,False,False,False,False,True,20240812
601966.SH,True,True,42,2168791361.0,-370369608.0,False,False,True,False,True,20240812
002960.SZ,False,True,34,612938079.11,515164533.62,False,False,False,False,True,20240812
601968.SH,True,True,54,789383427.0200001,1325094316.5400002,False,False,False,False,True,20240812
002961.SZ,False,True,31,1455715954.2800002,-128304886.65000004,False,False,True,False,True,20240812
601969.SH,True,True,48,1305418130.0,1235409280.0,False,False,False,False,True,20240812
002962.SZ,False,True,28,96595711.37,156689466.16000003,False,False,False,False,True,20240812
601975.SH,True,True,59,2637212536.5700006,2789342926.4700003,False,False,False,False,True,20240812
002963.SZ,False,True,28,175883265.53000003,-93308693.22999999,False,False,True,False,True,20240812
601985.SH,True,True,58,40753235107.5,46969501432.28999,False,False,False,False,True,20240812
002965.SZ,False,True,32,12505363.409999967,288429077.10999995,False,False,False,False,True,20240812
601988.SH,True,True,59,114718000000.0,750685000000.0,False,False,False,False,True,20240812
002966.SZ,False,True,36,18161426746.0,16846291270.0,False,False,False,False,True,20240812
601990.SH,True,True,40,472294153.5999999,-3089301131.74,False,False,True,False,True,20240812
002967.SZ,False,True,39,682115720.5600001,595601679.73,False,False,False,False,True,20240812
601991.SH,True,True,59,25066150000.0,14879357000.0,False,False,False,False,True,20240812
002968.SZ,False,True,29,206825133.92000002,62666791.72,False,False,False,False,True,20240812
601992.SH,True,True,59,-1247753409.8000002,17369880993.820004,False,False,False,True,True,20240812
002969.SZ,False,True,33,577271704.5799999,359969873.15000004,False,False,False,False,True,20240812
601995.SH,True,True,42,4165527132.0,21341723678.0,False,False,False,False,True,20240812
002970.SZ,False,True,30,287080192.07,382135976.25,False,False,False,False,True,20240812
601996.SH,True,True,58,-94847026.98000002,198897181.03,False,False,False,True,True,20240812
002971.SZ,False,True,27,24753683.6,40568245.97,False,False,False,False,True,20240812
601997.SH,True,True,45,12511616000.0,-4031806000.0,False,False,True,False,True,20240812
002972.SZ,False,True,38,52871513.830000006,18102755.319999997,False,False,False,False,True,20240812
601998.SH,True,True,59,-219809000000.0,35829000000.0,False,False,False,True,True,20240812
002973.SZ,False,True,28,277655712.93,-146285217.16000003,False,False,True,False,True,20240812
601999.SH,True,True,59,146808167.7,125715594.92999999,False,False,False,False,True,20240812
002975.SZ,False,True,28,-94145291.88999999,29305171.46,False,False,False,True,True,20240812
603000.SH,True,True,55,435676437.5,298311532.53000003,False,False,False,False,True,20240812
002976.SZ,False,True,27,-26473223.78999999,43785586.54,False,False,False,True,True,20240812
603001.SH,True,True,56,492266097.29999995,180429301.13,False,False,False,False,True,20240812
002977.SZ,False,True,27,121150374.96000001,141308744.97,False,False,False,False,True,20240812
603002.SH,True,True,55,205242453.76,-117819512.67000002,False,False,True,False,True,20240812
002978.SZ,False,True,29,882310044.34,889564830.4200002,False,False,False,False,True,20240812
603005.SH,True,True,51,298347555.24,348847244.6,False,False,False,False,True,20240812
002979.SZ,False,True,31,142685324.82999998,157219521.8,False,False,False,False,True,20240812
603006.SH,True,True,50,200214077.32,184986279.58,False,False,False,False,True,20240812
002980.SZ,False,True,27,191827422.01999998,126050274.27000001,False,False,False,False,True,20240812
603007.SH,True,True,41,-38888114.720000006,14228912.400000004,False,False,False,True,True,20240812
002981.SZ,False,True,30,97951947.73999998,238279730.29,False,False,False,False,True,20240812
603008.SH,True,True,55,1275403860.16,834914264.9200001,False,False,False,False,True,20240812
002982.SZ,False,True,36,146019626.66,316913189.33,False,False,False,False,True,20240812
603009.SH,True,True,55,246503094.13,182718399.18,False,False,False,False,True,20240812
002983.SZ,False,True,27,89609808.78,110144650.19,False,False,False,False,True,20240812
603010.SH,True,True,46,549180656.8199999,491666393.57000005,False,False,False,False,True,20240812
002984.SZ,False,True,26,2336824707.24,1559467397.26,False,False,False,False,True,20240812
603011.SH,True,True,46,267205296.84,-16420112.079999983,False,False,True,False,True,20240812
002985.SZ,False,True,27,79936304.50999999,94372084.63000001,False,False,False,False,True,20240812
603012.SH,True,True,45,336297096.79,274741995.28,False,False,False,False,True,20240812
002986.SZ,False,True,25,542576110.37,765871444.96,False,False,False,False,True,20240812
603013.SH,True,True,36,1059436378.0400001,741980982.59,False,False,False,False,True,20240812
002987.SZ,False,True,31,21380097.95999998,168630231.81999993,False,False,False,False,True,20240812
603015.SH,True,True,45,120030175.2,109804879.3,False,False,False,False,True,20240812
002988.SZ,False,True,31,180792007.17999998,755351881.3000001,False,False,False,False,True,20240812
603016.SH,True,True,42,131792644.48999998,113991514.5,False,False,False,False,True,20240812
002989.SZ,False,True,31,-223072839.52,353328717.45,False,False,False,True,True,20240812
603017.SH,True,True,46,261646388.08,240154730.36,False,False,False,False,True,20240812
002990.SZ,False,True,25,-5961685.700000003,-75374869.85,False,False,True,True,True,20240812
603018.SH,True,True,47,123381882.64000005,763077550.28,False,False,False,False,True,20240812
002991.SZ,False,True,25,341317109.91999996,277751453.84,False,False,False,False,True,20240812
603019.SH,True,True,46,1570298561.45,3571029465.79,False,False,False,False,True,20240812
002992.SZ,False,True,27,-100006866.09,51640742.099999994,False,False,False,True,True,20240812
603020.SH,True,True,45,319398275.34000003,119547514.12999998,False,False,False,False,True,20240812
002993.SZ,False,True,25,610787250.7700001,588385081.0899999,False,False,False,False,True,20240812
603021.SH,True,True,45,68207098.14,4586354.219999997,False,False,False,False,True,20240812
002995.SZ,False,True,28,-39948164.099999994,207785690.79000002,False,False,False,True,True,20240812
603022.SH,True,True,44,133173756.4,92683422.75999999,False,False,False,False,True,20240812
002996.SZ,False,True,45,-389627771.53000003,301603271.18999994,False,False,False,True,True,20240812
603023.SH,True,True,46,26376245.96,-5554596.449999999,False,False,True,False,True,20240812
002997.SZ,False,True,30,98706320.84,217939295.12,False,False,False,False,True,20240812
603025.SH,True,True,45,293982035.61,223465142.95,False,False,False,False,True,20240812
002998.SZ,False,True,24,-31752259.65,168206286.26,False,False,False,True,True,20240812
603026.SH,True,True,49,-900956369.7500001,-383476620.77,False,False,True,True,True,20240812
002999.SZ,False,True,30,-554807348.53,123770360.55999994,False,False,False,True,True,20240812
603027.SH,True,True,42,615357348.8100001,650379826.9499999,False,False,False,False,True,20240812
003000.SZ,False,True,24,318682096.18,58436225.91999999,False,False,False,False,True,20240812
603028.SH,True,True,42,303712549.25,-68061845.66,False,False,True,False,True,20240812
003001.SZ,False,True,30,-64065814.33000001,-83202260.48000002,False,False,True,True,True,20240812
603029.SH,True,True,42,141141365.03,108738463.20999998,False,False,False,False,True,20240812
003002.SZ,False,True,29,123993011.61000001,225719784.59000003,False,False,False,False,True,20240812
603030.SH,True,True,45,-154285260.68000004,52509158.66,False,False,False,True,True,20240812
003003.SZ,False,True,32,268656291.56000006,113251044.84,False,False,False,False,True,20240812
603031.SH,True,True,40,1018223261.4300001,1227700413.48,False,False,False,False,True,20240812
003004.SZ,False,True,27,4867232.079999998,30579075.070000004,False,False,False,False,True,20240812
603032.SH,True,True,41,310550160.68,204098406.35,False,False,False,False,True,20240812
003005.SZ,False,True,24,38363809.78,111427394.97999999,False,False,False,False,True,20240812
603033.SH,True,True,39,384012968.59,484619861.31999993,False,False,False,False,True,20240812
003006.SZ,False,True,29,335761607.0,369571807.0,False,False,False,False,True,20240812
603035.SH,True,True,39,-173296684.28000003,289090896.16,False,False,False,True,True,20240812
003007.SZ,False,True,24,5880130.570000002,33846304.1,False,False,False,False,True,20240812
603036.SH,True,True,40,37365667.94,42129297.02,False,False,False,False,True,20240812
003008.SZ,False,True,25,115650485.38,93229912.46999998,False,False,False,False,True,20240812
603037.SH,True,True,40,139740416.69,73003546.4,False,False,False,False,True,20240812
003009.SZ,False,True,24,140585993.47,39856416.47,False,False,False,False,True,20240812
603038.SH,True,True,41,103029606.79000002,223306102.03,False,False,False,False,True,20240812
003010.SZ,False,True,32,19678533.370000005,198465072.45,False,False,False,False,True,20240812
603039.SH,True,True,41,229576947.37,260039342.51,False,False,False,False,True,20240812
003011.SZ,False,True,24,119876195.42999998,464529158.92999995,False,False,False,False,True,20240812
603040.SH,True,True,41,301309605.19,219569427.32,False,False,False,False,True,20240812
003012.SZ,False,True,26,1054675256.5899999,1552548067.2,False,False,False,False,True,20240812
603041.SH,True,True,38,40762591.33,104409322.74999999,False,False,False,False,True,20240812
003013.SZ,False,True,24,188634331.01999998,148280631.48000008,False,False,False,False,True,20240812
603042.SH,True,True,38,141279217.76,66583670.84,False,False,False,False,True,20240812
003015.SZ,False,True,29,135036106.17,136401496.64000002,False,False,False,False,True,20240812
603043.SH,True,True,39,1010298574.33,891491023.12,False,False,False,False,True,20240812
003016.SZ,False,True,29,138431575.48000002,248790233.81999993,False,False,False,False,True,20240812
603045.SH,True,True,37,-127619313.00999999,7827976.689999998,False,False,False,True,True,20240812
003017.SZ,False,True,33,171744641.32,165915033.66,False,False,False,False,True,20240812
603048.SH,True,True,20,117183435.22,51296441.82,False,False,False,False,True,20240812
003018.SZ,False,True,23,164168030.92,201309454.89999998,False,False,False,False,True,20240812
603050.SH,True,True,38,389028470.90999997,-133588397.22999999,False,False,True,False,True,20240812
003019.SZ,False,True,23,277237953.15,532169148.92,False,False,False,False,True,20240812
603051.SH,True,True,20,238448924.79,-471892067.93999994,False,False,True,False,True,20240812
003020.SZ,False,True,27,221739903.65,128558311.99,False,False,False,False,True,20240812
603053.SH,True,True,27,1083378601.5,884013270.2499999,False,False,False,False,True,20240812
003021.SZ,False,True,24,199257328.66000003,174253556.23000002,False,False,False,False,True,20240812
603055.SH,True,True,37,301503410.46,356572743.7699999,False,False,False,False,True,20240812
003022.SZ,False,True,24,642476727.5799999,1203773569.2199998,False,False,False,False,True,20240812
603058.SH,True,True,38,160338159.24,40389016.1,False,False,False,False,True,20240812
003023.SZ,False,True,24,260979345.17999995,109350221.33,False,False,False,False,True,20240812
603059.SH,True,True,35,167519452.46,171525827.35,False,False,False,False,True,20240812
003025.SZ,False,True,28,204749789.23000002,41480600.980000004,False,False,False,False,True,20240812
603060.SH,True,True,40,277747590.65,277908699.78000003,False,False,False,False,True,20240812
003026.SZ,False,True,31,76576727.08,39518106.489999995,False,False,False,False,True,20240812
603063.SH,True,True,38,311360439.01,211404817.71000004,False,False,False,False,True,20240812
003027.SZ,False,True,24,262867455.05999997,-257041437.14000002,False,False,True,False,True,20240812
603066.SH,True,True,44,108577784.97999999,98165020.28999999,False,False,False,False,True,20240812
003028.SZ,False,True,23,229509030.44000003,316292248.34999996,False,False,False,False,True,20240812
603067.SH,True,True,41,479818469.53,392302310.36999995,False,False,False,False,True,20240812
003029.SZ,False,True,24,-51856223.66999999,-70058776.27000003,False,False,True,True,True,20240812
603068.SH,True,True,31,-46847118.93,83605781.15,False,False,False,True,True,20240812
003030.SZ,False,True,30,147430199.39,235828044.92,False,False,False,False,True,20240812
603069.SH,True,True,41,191985417.51,-71288370.17999999,False,False,True,False,True,20240812
003031.SZ,False,True,23,705968936.78,260325047.57000002,False,False,False,False,True,20240812
603070.SH,True,True,17,325130553.88,265139523.12,False,False,False,False,True,20240812
003032.SZ,False,True,27,-101006236.21000001,138255806.59,False,False,False,True,True,20240812
603071.SH,True,True,20,-454043925.60999995,622447835.69,False,False,False,True,True,20240812
003033.SZ,False,True,27,208380358.54,162135951.56,False,False,False,False,True,20240812
603076.SH,True,True,35,77707437.75999998,7585925.88000001,False,False,False,False,True,20240812
003035.SZ,False,True,23,1465816438.0400002,821837379.55,False,False,False,False,True,20240812
603077.SH,True,True,55,-362291159.95,1245927484.0399997,False,False,False,True,True,20240812
003036.SZ,False,True,27,51188740.22999999,382272128.4200001,False,False,False,False,True,20240812
603078.SH,True,True,38,111486936.69,39036325.81,False,False,False,False,True,20240812
003037.SZ,False,True,24,-292260558.84000003,42963995.350000024,False,False,False,True,True,20240812
603079.SH,True,True,37,99315489.16,-11031430.939999998,False,False,True,False,True,20240812
003038.SZ,False,True,21,-894826619.29,-525888873.9,False,False,True,True,True,20240812
603080.SH,True,True,39,349468537.75,220831402.71000004,False,False,False,False,True,20240812
003039.SZ,False,True,48,522548510.5899999,625867458.6,False,False,False,False,True,20240812
603081.SH,True,True,38,411246212.24,-470941811.9699999,False,False,True,False,True,20240812
003040.SZ,False,True,21,95580668.03,200031375.54,False,False,False,False,True,20240812
603083.SH,True,True,35,292477351.27,270670302.06,False,False,False,False,True,20240812
003041.SZ,False,True,24,149461442.54999998,178637703.38,False,False,False,False,True,20240812
603085.SH,True,True,44,96700423.43,-30799338.080000006,False,False,True,False,True,20240812
003042.SZ,False,True,28,30352448.79,87794005.05,False,False,False,False,True,20240812
603086.SH,True,True,40,-112179050.0,215896097.22999996,False,False,False,True,True,20240812
003043.SZ,False,True,24,106418080.9,93706542.96000002,False,False,False,False,True,20240812
603087.SH,True,True,29,233853410.45,-42732014.95000005,False,False,True,False,True,20240812
003816.SZ,False,True,47,30228926375.36,34111865151.96,False,False,False,False,True,20240812
603088.SH,True,True,48,161827721.21,187239952.68,False,False,False,False,True,20240812
300001.SZ,False,True,59,1602867866.85,517204871.0200001,False,False,False,False,True,20240812
603089.SH,True,True,38,290679820.70000005,220231115.14000002,False,False,False,False,True,20240812
300002.SZ,False,True,59,1272237472.76,1028060559.44,False,False,False,False,True,20240812
603090.SH,True,True,40,101895762.14,49945233.6,False,False,False,False,True,20240812
300003.SZ,False,True,59,1007544236.1399999,1754117922.4599998,False,False,False,False,True,20240812
603093.SH,True,True,33,4649136682.200001,2181679140.34,False,False,False,False,True,20240812
300004.SZ,False,True,59,-86143829.19999999,47557310.89,False,False,False,True,True,20240812
603095.SH,True,True,27,193582387.45,-105435615.48,False,False,True,False,True,20240812
300005.SZ,False,True,59,280419961.6,343725519.98,False,False,False,False,True,20240812
603096.SH,True,True,38,146989988.88,155089231.5,False,False,False,False,True,20240812
300006.SZ,False,True,59,199980003.04999998,125813631.23,False,False,False,False,True,20240812
603098.SH,True,True,39,186022281.23000002,303611617.33,False,False,False,False,True,20240812
300007.SZ,False,True,59,66540878.28999998,50593622.69,False,False,False,False,True,20240812
603099.SH,True,True,50,223698551.42,84789414.53999999,False,False,False,False,True,20240812
300008.SZ,False,True,59,-49953753.740000024,-125275790.84999996,False,False,True,True,True,20240812
603100.SH,True,True,50,360030268.99,600973381.25,False,False,False,False,True,20240812
300009.SZ,False,True,59,825879594.56,795668240.5500001,False,False,False,False,True,20240812
603101.SH,True,True,42,231054816.05000007,413539953.91999996,False,False,False,False,True,20240812
300010.SZ,False,True,59,123985063.46000001,81970085.02,False,False,False,False,True,20240812
603102.SH,True,True,20,156830847.51,204690522.5,False,False,False,False,True,20240812
300011.SZ,False,True,59,129187749.86000001,51579863.71000001,False,False,False,False,True,20240812
603103.SH,True,True,35,761415528.5400001,379303538.75999993,False,False,False,False,True,20240812
300012.SZ,False,True,59,977382377.7899998,1158783807.0,False,False,False,False,True,20240812
603105.SH,True,True,36,386631892.58,432674540.1200001,False,False,False,False,True,20240812
300013.SZ,False,True,59,21851847.359999992,90212194.25999999,False,False,False,False,True,20240812
603106.SH,True,True,35,24790577.53999999,59679748.350000024,False,False,False,False,True,20240812
300014.SZ,False,True,59,5687674811.68,4351135768.81,False,False,False,False,True,20240812
603108.SH,True,True,45,802213395.77,-138625836.89,False,False,True,False,True,20240812
300015.SZ,False,True,59,5346113543.519999,5544293089.120001,False,False,False,False,True,20240812
603109.SH,True,True,30,279258777.67999995,183004389.28999996,False,False,False,False,True,20240812
300016.SZ,False,True,59,125318075.07,127316080.33999999,False,False,False,False,True,20240812
603110.SH,True,True,37,25321306.200000003,33103013.800000004,False,False,False,False,True,20240812
300017.SZ,False,True,59,631959180.1800001,1234597982.72,False,False,False,False,True,20240812
603111.SH,True,True,51,251591243.62999997,177652066.96,False,False,False,False,True,20240812
300018.SZ,False,True,59,131430656.80000001,8874565.810000004,False,False,False,False,True,20240812
603112.SH,True,True,24,329506364.63,308134877.81,False,False,False,False,True,20240812
300019.SZ,False,True,59,324281868.6999999,513199340.5,False,False,False,False,True,20240812
603113.SH,True,True,38,1454055087.8700001,-1907043391.94,False,False,True,False,True,20240812
300020.SZ,False,True,59,-315735341.66,-24789174.0,False,False,True,True,True,20240812
603115.SH,True,True,30,251136838.88,44804866.370000005,False,False,False,False,True,20240812
300021.SZ,False,True,59,46250932.83000001,266125774.78,False,False,False,False,True,20240812
603116.SH,True,True,45,255467544.44000003,239763242.37,False,False,False,False,True,20240812
300022.SZ,False,True,59,62228009.14,37651343.46000002,False,False,False,False,True,20240812
603117.SH,True,True,45,140615427.57999998,-209460681.84,False,False,True,False,True,20240812
300024.SZ,False,True,59,-135662928.65000004,-289201621.0999999,False,False,True,True,True,20240812
603118.SH,True,True,45,285482164.04999995,992721777.83,False,False,False,False,True,20240812
300025.SZ,False,True,59,-54248721.47,15194256.770000003,False,False,False,True,True,20240812
603121.SH,True,True,30,208711745.33999997,6191273.340000004,False,False,False,False,True,20240812
300026.SZ,False,True,59,1416569242.8799999,910961885.1800001,False,False,False,False,True,20240812
603122.SH,True,True,21,62626928.5,-17016699.480000004,False,False,True,False,True,20240812
300027.SZ,False,True,59,13150651.029999997,26540228.370000005,False,False,False,False,True,20240812
603123.SH,True,True,56,-212804707.25,83582834.75,False,False,False,True,True,20240812
300030.SZ,False,True,59,118081688.81,7463134.379999999,False,False,False,False,True,20240812
603126.SH,True,True,50,159302784.27000004,-224099444.97000003,False,False,True,False,True,20240812
300031.SZ,False,True,59,476443426.0199999,163148269.53,False,False,False,False,True,20240812
603127.SH,True,True,36,534382033.38,671782434.3299998,False,False,False,False,True,20240812
300032.SZ,False,True,59,-111951668.16000003,48213055.90000002,False,False,False,True,True,20240812
603128.SH,True,True,55,-68190949.87000003,1028222509.6499999,False,False,False,True,True,20240812
300033.SZ,False,True,59,1475045366.98,1786351269.22,False,False,False,False,True,20240812
603129.SH,True,True,37,2096408466.5900004,2127533976.53,False,False,False,False,True,20240812
300034.SZ,False,True,59,271143938.13,569670956.72,False,False,False,False,True,20240812
603131.SH,True,True,41,118741509.34,127600623.01,False,False,False,False,True,20240812
300035.SZ,False,True,59,890451453.86,-1060360409.4999998,False,False,True,False,True,20240812
603132.SH,True,True,17,772907698.6400001,575997924.6599998,False,False,False,False,True,20240812
300036.SZ,False,True,59,-25659103.00999999,36343513.02999997,False,False,False,True,True,20240812
603136.SH,True,True,35,254320021.42000002,267173271.35999998,False,False,False,False,True,20240812
300037.SZ,False,True,59,1584528688.04,2483150159.3999996,False,False,False,False,True,20240812
603138.SH,True,True,38,-34913099.129999995,-21976546.42,False,False,True,True,True,20240812
300039.SZ,False,True,59,334580625.17999995,419980320.7300001,False,False,False,False,True,20240812
603139.SH,True,True,38,-6625812.769999996,-78602894.44999999,False,False,True,True,True,20240812
300040.SZ,False,True,59,584599752.8599999,312441816.3500001,False,False,False,False,True,20240812
603150.SH,True,True,22,29770951.060000017,23187185.859999985,False,False,False,False,True,20240812
300041.SZ,False,True,59,527052256.78,111141024.87999998,False,False,False,False,True,20240812
603155.SH,True,True,29,109071580.41,256565315.64000002,False,False,False,False,True,20240812
300042.SZ,False,True,59,-74727283.67999998,29578535.279999994,False,False,False,True,True,20240812
603156.SH,True,True,38,1553503090.9900002,1844857454.0700002,False,False,False,False,True,20240812
300043.SZ,False,True,59,141508322.17000002,175611218.03,False,False,False,False,True,20240812
603158.SH,True,True,45,345629601.52,174498520.58,False,False,False,False,True,20240812
300044.SZ,False,True,59,10264125.839999996,27672343.730000004,False,False,False,False,True,20240812
603159.SH,True,True,41,24049785.279999997,64541183.58,False,False,False,False,True,20240812
300045.SZ,False,True,59,269895984.09999996,692208.200000003,False,False,False,False,True,20240812
603160.SH,True,True,41,1359327315.63,513030489.81999993,False,False,False,False,True,20240812
300046.SZ,False,True,59,63039166.30000001,38737464.95999999,False,False,False,False,True,20240812
603161.SH,True,True,40,537604488.47,465114509.78,False,False,False,False,True,20240812
300047.SZ,False,True,59,-652279382.6700001,598833190.19,False,False,False,True,True,20240812
603165.SH,True,True,40,118441816.19999999,388278838.09,False,False,False,False,True,20240812
300048.SZ,False,True,59,387425318.03000003,26518140.949999988,False,False,False,False,True,20240812
603166.SH,True,True,48,105220204.61000001,337013201.3299999,False,False,False,False,True,20240812
300049.SZ,False,True,59,289473163.34000003,267647567.69,False,False,False,False,True,20240812
603167.SH,True,True,55,394406366.98,401383368.1,False,False,False,False,True,20240812
300050.SZ,False,True,59,-39056000.70999999,57720501.43000001,False,False,False,True,True,20240812
603168.SH,True,True,52,26326905.619999997,88105681.46,False,False,False,False,True,20240812
300051.SZ,False,True,59,-14598959.709999997,21929053.769999996,False,False,False,True,True,20240812
603169.SH,True,True,46,237567366.52999997,192627498.68,False,False,False,False,True,20240812
300052.SZ,False,True,59,40427130.68999999,105812402.29999998,False,False,False,False,True,20240812
603171.SH,True,True,23,276593949.5,112171882.16000003,False,False,False,False,True,20240812
300053.SZ,False,True,59,76265330.99000001,104155772.9,False,False,False,False,True,20240812
603177.SH,True,True,40,105999149.49,41092280.05,False,False,False,False,True,20240812
300054.SZ,False,True,59,677197816.5900002,488559079.0300001,False,False,False,False,True,20240812
603178.SH,True,True,38,120208702.82,190807439.20000002,False,False,False,False,True,20240812
300055.SZ,False,True,59,9907785.18,697679442.87,False,False,False,False,True,20240812
603179.SH,True,True,38,1022992854.0999999,769313809.7199999,False,False,False,False,True,20240812
300056.SZ,False,True,59,-168973775.09,34656515.94,False,False,False,True,True,20240812
603180.SH,True,True,38,247001108.34,523082135.93999994,False,False,False,False,True,20240812
300057.SZ,False,True,59,-62803192.28999999,110336118.16999999,False,False,False,True,True,20240812
603181.SH,True,True,36,171522796.77999997,477920925.04,False,False,False,False,True,20240812
300058.SZ,False,True,59,638541745.58,658222468.0600002,False,False,False,False,True,20240812
603183.SH,True,True,36,123826929.62,119187910.79,False,False,False,False,True,20240812
300059.SZ,False,True,59,7301705416.63,-15820804530.85,False,False,True,False,True,20240812
603185.SH,True,True,34,472915901.62,855515283.0600004,False,False,False,False,True,20240812
300061.SZ,False,True,59,4446500.899999976,-107119220.63000001,False,False,True,False,True,20240812
603186.SH,True,True,39,32953280.0,282081766.75000006,False,False,False,False,True,20240812
300062.SZ,False,True,59,10223378.560000002,48761003.03,False,False,False,False,True,20240812
603187.SH,True,True,38,568154003.7,350887486.49,False,False,False,False,True,20240812
300063.SZ,False,True,59,190702776.58999997,166853566.46,False,False,False,False,True,20240812
603188.SH,True,True,46,-132987168.08000001,-73380835.68,False,False,True,True,True,20240812
300065.SZ,False,True,59,171634301.04,-24586312.119999997,False,False,True,False,True,20240812
603189.SH,True,True,40,92119355.01,27920654.909999996,False,False,False,False,True,20240812
300066.SZ,False,True,59,281555747.58,-104277279.61999997,False,False,True,False,True,20240812
603191.SH,True,True,32,44774972.18000001,231709532.95,False,False,False,False,True,20240812
300067.SZ,False,True,59,10825271.289999992,31930274.919999994,False,False,False,False,True,20240812
603192.SH,True,True,31,141827576.96,147868833.78,False,False,False,False,True,20240812
300068.SZ,False,True,59,999448233.46,-753718802.1700001,False,False,True,False,True,20240812
603195.SH,True,True,28,4209231836.0,4892035794.969999,False,False,False,False,True,20240812
300069.SZ,False,True,59,40552483.769999996,13836473.040000003,False,False,False,False,True,20240812
603196.SH,True,True,38,148383472.62000003,-15999016.07,False,False,True,False,True,20240812
300070.SZ,False,True,59,177365328.01000005,-292558721.90000004,False,False,True,False,True,20240812
603197.SH,True,True,40,375703686.08,337831788.05,False,False,False,False,True,20240812
300071.SZ,False,True,59,-100371843.41999999,128010643.60000002,False,False,False,True,True,20240812
603198.SH,True,True,44,2488701066.1000004,1948673698.6200001,False,False,False,False,True,20240812
300072.SZ,False,True,59,632603512.4,-254546175.68000007,False,False,True,False,True,20240812
603199.SH,True,True,45,230949582.67,268294741.87,False,False,False,False,True,20240812
300073.SZ,False,True,59,1222386826.5600002,1601257265.0,False,False,False,False,True,20240812
603200.SH,True,True,37,100578719.12,64993603.13999999,False,False,False,False,True,20240812
300074.SZ,False,True,59,92278359.29999998,36014876.19999999,False,False,False,False,True,20240812
603203.SH,True,True,40,131144088.97,216508875.74999997,False,False,False,False,True,20240812
300075.SZ,False,True,59,129338875.58,102054703.04999998,False,False,False,False,True,20240812
603206.SH,True,True,17,-480647571.44000006,-419639789.7600001,False,False,True,True,True,20240812
300076.SZ,False,True,59,-82016322.96000001,-19814754.52,False,False,True,True,True,20240812
603208.SH,True,True,40,241620291.16000003,636721594.61,False,False,False,False,True,20240812
300077.SZ,False,True,59,41351688.649999976,-509880979.73,False,False,True,False,True,20240812
603212.SH,True,True,29,362639323.14,-186001397.45000002,False,False,True,False,True,20240812
300078.SZ,False,True,59,31684661.450000003,82446169.91000003,False,False,False,False,True,20240812
603213.SH,True,True,20,-143161666.31,340513799.56999993,False,False,False,True,True,20240812
300079.SZ,False,True,59,151430860.86,124164364.77999997,False,False,False,False,True,20240812
603214.SH,True,True,34,303381903.08000004,469250843.26,False,False,False,False,True,20240812
300080.SZ,False,True,59,-53142036.94,291857021.73999995,False,False,False,True,True,20240812
603215.SH,True,True,18,203500342.41,333254616.03999996,False,False,False,False,True,20240812
300081.SZ,False,True,59,-68245088.8,6807958.349999998,False,False,False,True,True,20240812
603216.SH,True,True,20,185330145.46999997,200538084.09,False,False,False,False,True,20240812
300082.SZ,False,True,59,-363196591.53,304628569.7699999,False,False,False,True,True,20240812
603217.SH,True,True,32,-105941365.89000002,328694199.1700001,False,False,False,True,True,20240812
300083.SZ,False,True,59,229598479.10000002,570033182.8399999,False,False,False,False,True,20240812
603218.SH,True,True,40,992416639.41,-849021691.89,False,False,True,False,True,20240812
300084.SZ,False,True,59,152208131.71,88143154.97999999,False,False,False,False,True,20240812
603219.SH,True,True,20,309804618.01,421835800.32,False,False,False,False,True,20240812
300085.SZ,False,True,59,84271196.21,37427113.89,False,False,False,False,True,20240812
603220.SH,True,True,32,183385746.79,51123638.77999997,False,False,False,False,True,20240812
300086.SZ,False,True,58,,21168604.709999997,False,False,False,False,False,20240812
603221.SH,True,True,27,202497429.07,79947874.50000001,False,False,False,False,True,20240812
300087.SZ,False,True,58,,246702364.34,False,False,False,False,False,20240812
603222.SH,True,True,45,118513989.34,157194733.13,False,False,False,False,True,20240812
300088.SZ,False,True,59,-320330565.47,1062171362.6,False,False,False,True,True,20240812
603223.SH,True,True,47,232990871.83999994,153361831.15000004,False,False,False,False,True,20240812
300091.SZ,False,True,59,53649421.76,-29355870.5,False,False,True,False,True,20240812
603225.SH,True,True,54,2357036157.91,5035273222.91,False,False,False,False,True,20240812
300092.SZ,False,True,59,41753325.35000001,31879446.379999995,False,False,False,False,True,20240812
603226.SH,True,True,39,-64771130.19999999,64539969.86,False,False,False,True,True,20240812
300093.SZ,False,True,59,-157259282.11,-307020143.18,False,False,True,True,True,20240812
603227.SH,True,True,45,1045638088.4899998,1397218161.47,False,False,False,False,True,20240812
300094.SZ,False,True,59,280299082.77,-75823483.71000001,False,False,True,False,True,20240812
603228.SH,True,True,41,2321876888.02,2051322737.21,False,False,False,False,True,20240812
300095.SZ,False,True,59,223418851.26,-28695735.85,False,False,True,False,True,20240812
603229.SH,True,True,39,220316750.82000002,135745078.1,False,False,False,False,True,20240812
300096.SZ,False,True,59,-16902841.230000004,-39588329.109999985,False,False,True,True,True,20240812
603230.SH,True,True,19,455950172.31,377378438.35,False,False,False,False,True,20240812
300097.SZ,False,True,59,43956862.12,-18508605.63,False,False,True,False,True,20240812
603232.SH,True,True,38,-30456381.680000007,-13854499.530000001,False,False,True,True,True,20240812
300098.SZ,False,True,59,177383485.14,181968277.62,False,False,False,False,True,20240812
603233.SH,True,True,39,3463553670.2400002,3814881853.4399996,False,False,False,False,True,20240812
300099.SZ,False,True,59,149356721.5,50177206.599999994,False,False,False,False,True,20240812
603236.SH,True,True,33,545233334.6700001,19166776.920000076,False,False,False,False,True,20240812
300100.SZ,False,True,59,589372785.44,325274019.22,False,False,False,False,True,20240812
603238.SH,True,True,38,246458324.01,179735062.79,False,False,False,False,True,20240812
300101.SZ,False,True,59,125579585.47,20553997.71999999,False,False,False,False,True,20240812
603239.SH,True,True,39,82935413.60000002,323455851.78999996,False,False,False,False,True,20240812
300102.SZ,False,True,59,434540067.9599999,273888177.43,False,False,False,False,True,20240812
603256.SH,True,True,30,-25946520.489999995,21901006.72,False,False,False,True,True,20240812
300103.SZ,False,True,59,3373056.349999999,-13049582.490000002,False,False,True,False,True,20240812
603258.SH,True,True,40,160469344.73,181633340.81,False,False,False,False,True,20240812
300105.SZ,False,True,59,77029863.02,-95102361.6,False,False,True,False,True,20240812
603259.SH,True,True,33,12755025231.99,12218463733.119999,False,False,False,False,True,20240812
300106.SZ,False,True,59,-21570581.900000006,36559212.96,False,False,False,True,True,20240812
603260.SH,True,True,38,1166804986.89,-2968053223.52,False,False,True,False,True,20240812
300107.SZ,False,True,59,13353582.20000001,106565973.43,False,False,False,False,True,20240812
603261.SH,True,True,19,8963003.179999992,-72857074.52000001,False,False,True,False,True,20240812
300109.SZ,False,True,59,468495614.70000005,452624367.39,False,False,False,False,True,20240812
603266.SH,True,True,41,189967155.84999996,174714626.88,False,False,False,False,True,20240812
300110.SZ,False,True,59,341254412.74,307513471.46999997,False,False,False,False,True,20240812
603267.SH,True,True,31,545044735.1999999,309962589.11,False,False,False,False,True,20240812
300111.SZ,False,True,59,128244758.69999999,-152702276.76999998,False,False,True,False,True,20240812
603268.SH,True,True,45,-36350953.1,5282046.74,False,False,False,True,True,20240812
300112.SZ,False,True,59,112563427.86000001,108317304.51,False,False,False,False,True,20240812
603269.SH,True,True,38,178107997.1,91637011.32,False,False,False,False,True,20240812
300113.SZ,False,True,59,369637196.22,199009328.92000002,False,False,False,False,True,20240812
603277.SH,True,True,38,711582965.95,910548385.2700001,False,False,False,False,True,20240812
300115.SZ,False,True,59,2449688331.5499997,1520878323.31,False,False,False,False,True,20240812
603278.SH,True,True,36,479171704.82000005,27147911.599999994,False,False,False,False,True,20240812
300118.SZ,False,True,59,-6880505367.93,1523152334.4299998,False,False,False,True,True,20240812
603279.SH,True,True,37,531235783.53000003,610262971.4000001,False,False,False,False,True,20240812
300119.SZ,False,True,59,437275912.14,462357790.96999997,False,False,False,False,True,20240812
603283.SH,True,True,34,1022166821.2099998,213742469.11,False,False,False,False,True,20240812
300120.SZ,False,True,59,114563467.26,-182075758.39000002,False,False,True,False,True,20240812
603286.SH,True,True,39,40238963.8,-70952354.58,False,False,True,False,True,20240812
300121.SZ,False,True,59,233338486.57999998,426661097.4699999,False,False,False,False,True,20240812
603288.SH,True,True,51,5895030189.280001,5170736982.379999,False,False,False,False,True,20240812
300122.SZ,False,True,59,6511999827.69,5546384618.34,False,False,False,False,True,20240812
603289.SH,True,True,37,37888911.32999998,126477197.21,False,False,False,False,True,20240812
300123.SZ,False,True,59,458624023.73,-19989306.690000057,False,False,True,False,True,20240812
603290.SH,True,True,27,715123490.5500001,516016012.15999997,False,False,False,False,True,20240812
300124.SZ,False,True,59,4449288787.14,4130130484.4900002,False,False,False,False,True,20240812
603297.SH,True,True,31,155040135.8,231280581.67999995,False,False,False,False,True,20240812
300125.SZ,False,True,59,1261024.5100000054,250183079.48000002,False,False,False,False,True,20240812
603298.SH,True,True,40,1568915187.02,856729566.1499999,False,False,False,False,True,20240812
300126.SZ,False,True,59,21384943.67,-37509999.489999995,False,False,True,False,True,20240812
603299.SH,True,True,53,1215096495.1399999,985047190.84,False,False,False,False,True,20240812
300127.SZ,False,True,59,225047403.10000002,156293367.82,False,False,False,False,True,20240812
603300.SH,True,True,45,2465935722.5099998,1514987383.22,False,False,False,False,True,20240812
300128.SZ,False,True,59,-227404137.17999998,47929174.17,False,False,False,True,True,20240812
603301.SH,True,True,33,439377459.64000005,1287338631.08,False,False,False,False,True,20240812
300129.SZ,False,True,59,-825264090.9599999,-356121244.99,False,False,True,True,True,20240812
603303.SH,True,True,40,645793607.14,815409526.4900001,False,False,False,False,True,20240812
300130.SZ,False,True,59,1097233866.77,476037133.97,False,False,False,False,True,20240812
603305.SH,True,True,36,1222955763.8,684023840.0,False,False,False,False,True,20240812
300131.SZ,False,True,59,313381750.81999993,126278052.16,False,False,False,False,True,20240812
603306.SH,True,True,46,390802898.17999995,41240818.84000003,False,False,False,False,True,20240812
300132.SZ,False,True,59,222305365.48,272134513.99,False,False,False,False,True,20240812
603308.SH,True,True,51,61910782.25,-57934408.120000005,False,False,True,False,True,20240812
300133.SZ,False,True,59,104739519.32000002,298783192.81000006,False,False,False,False,True,20240812
603309.SH,True,True,45,240892501.87999997,297872810.82,False,False,False,False,True,20240812
300134.SZ,False,True,59,176541131.85,169926798.06,False,False,False,False,True,20240812
603311.SH,True,True,45,95693617.72999999,195876468.96,False,False,False,False,True,20240812
300135.SZ,False,True,59,3341555.92,212691453.20000002,False,False,False,False,True,20240812
603313.SH,True,True,40,701889709.41,971931766.6,False,False,False,False,True,20240812
300136.SZ,False,True,59,1040638176.6199999,1822904581.57,False,False,False,False,True,20240812
603315.SH,True,True,45,-37447436.16,136146232.04999998,False,False,False,True,True,20240812
300137.SZ,False,True,59,-21650460.21000001,-77221885.69999999,False,False,True,True,True,20240812
603316.SH,True,True,38,82580130.94,-116102638.07,False,False,True,False,True,20240812
300138.SZ,False,True,59,-237949607.74000013,453470637.09000003,False,False,False,True,True,20240812
603317.SH,True,True,33,736153871.9900001,440101295.5299999,False,False,False,False,True,20240812
300139.SZ,False,True,59,7125152.540000003,-8900765.829999998,False,False,True,False,True,20240812
603318.SH,True,True,45,417044310.78,135498940.04999995,False,False,False,False,True,20240812
300140.SZ,False,True,59,2108938318.5600002,696654982.34,False,False,False,False,True,20240812
603319.SH,True,True,40,203465798.98000002,243351690.42,False,False,False,False,True,20240812
300141.SZ,False,True,59,148439386.33,73961577.21,False,False,False,False,True,20240812
603320.SH,True,True,39,64748998.19,127347882.70999998,False,False,False,False,True,20240812
300142.SZ,False,True,59,838698319.8599999,1184894471.3,False,False,False,False,True,20240812
603321.SH,True,True,35,202330305.31,176088164.71,False,False,False,False,True,20240812
300143.SZ,False,True,59,299153216.74,239269334.66,False,False,False,False,True,20240812
603322.SH,True,True,43,-78293963.66,140046335.32,False,False,False,True,True,20240812
300144.SZ,False,True,59,1572105623.9599998,860416301.8599999,False,False,False,False,True,20240812
603323.SH,True,True,43,-364381000.0,11356011000.0,False,False,False,True,True,20240812
300145.SZ,False,True,59,706925178.29,441448277.0,False,False,False,False,True,20240812
603324.SH,True,True,23,17471527.580000013,-169222088.39000005,False,False,True,False,True,20240812
300146.SZ,False,True,59,1305926494.6200001,2075457179.7399998,False,False,False,False,True,20240812
603326.SH,True,True,39,257608909.66,458197742.84000003,False,False,False,False,True,20240812
300147.SZ,False,True,59,104258506.88,322241129.45,False,False,False,False,True,20240812
603327.SH,True,True,31,197234297.22,486276513.8,False,False,False,False,True,20240812
300148.SZ,False,True,59,-32185277.149999987,112382665.2,False,False,False,True,True,20240812
603328.SH,True,True,52,616780252.9,754571064.2199999,False,False,False,False,True,20240812
300149.SZ,False,True,59,214498674.23,227284123.3,False,False,False,False,True,20240812
603329.SH,True,True,36,74042753.31,-15442579.72999999,False,False,True,False,True,20240812
300150.SZ,False,True,59,28224339.79,12760467.939999998,False,False,False,False,True,20240812
603330.SH,True,True,40,10881932.52,-184031087.47000003,False,False,True,False,True,20240812
300151.SZ,False,True,59,159075201.36,228139352.41,False,False,False,False,True,20240812
603331.SH,True,True,38,269995124.68999994,187395534.2,False,False,False,False,True,20240812
300152.SZ,False,True,59,12830508.7,56268855.22,False,False,False,False,True,20240812
603332.SH,True,True,31,9914270.689999998,-109173591.64000002,False,False,True,False,True,20240812
300153.SZ,False,True,59,134383425.76,164332310.86,False,False,False,False,True,20240812
603333.SH,True,True,55,140453320.08,81757991.37,False,False,False,False,True,20240812
300154.SZ,False,True,59,111612355.27,126087622.35000001,False,False,False,False,True,20240812
603335.SH,True,True,37,596712.5600000024,-34117446.53,False,False,True,False,True,20240812
300155.SZ,False,True,59,63719948.809999995,140862344.17,False,False,False,False,True,20240812
603336.SH,True,True,41,-41111896.42,-9162066.369999994,False,False,True,True,True,20240812
300157.SZ,False,True,59,14489770.129999999,48358137.620000005,False,False,False,False,True,20240812
603337.SH,True,True,41,1496470811.98,1680979567.25,False,False,False,False,True,20240812
300158.SZ,False,True,59,-172918985.73,-814196.2699999958,False,False,True,True,True,20240812
603338.SH,True,True,45,2255066864.09,1808292441.89,False,False,False,False,True,20240812
300159.SZ,False,True,59,366556.27999999374,238401508.81,False,False,False,False,True,20240812
603339.SH,True,True,42,277739307.44,822556572.97,False,False,False,False,True,20240812
300160.SZ,False,True,59,230902591.33000004,367806665.35,False,False,False,False,True,20240812
603345.SH,True,True,40,2198958378.19,1449643228.74,False,False,False,False,True,20240812
300161.SZ,False,True,59,69708903.13000003,289135519.56,False,False,False,False,True,20240812
603348.SH,True,True,38,605425173.6500001,757444177.4100001,False,False,False,False,True,20240812
300162.SZ,False,True,59,79654683.10000001,15564226.869999997,False,False,False,False,True,20240812
603351.SH,True,True,32,186147721.76,110567408.18,False,False,False,False,True,20240812
300163.SZ,False,True,59,25406490.770000003,67339465.72,False,False,False,False,True,20240812
603353.SH,True,True,27,89804610.57,186494361.57999998,False,False,False,False,True,20240812
300164.SZ,False,True,59,133527466.59,107954119.60999998,False,False,False,False,True,20240812
603355.SH,True,True,45,885085005.3799999,762104874.5700002,False,False,False,False,True,20240812
300165.SZ,False,True,59,28639826.179999977,-457271975.19000006,False,False,True,False,True,20240812
603356.SH,True,True,35,47577515.08000001,211061346.86999997,False,False,False,False,True,20240812
300166.SZ,False,True,59,212855414.96999997,510991041.62,False,False,False,False,True,20240812
603357.SH,True,True,39,113515031.98000002,160656506.89,False,False,False,False,True,20240812
300167.SZ,False,True,59,12633727.010000002,-44522916.800000004,False,False,True,False,True,20240812
603358.SH,True,True,41,291129921.37,351065332.06,False,False,False,False,True,20240812
300168.SZ,False,True,59,-60252192.24999988,292745915.15999997,False,False,False,True,True,20240812
603359.SH,True,True,42,-41664357.089999974,-291449174.6299999,False,False,True,True,True,20240812
300169.SZ,False,True,59,64349296.04000001,-44291869.67,False,False,True,False,True,20240812
603360.SH,True,True,41,210984582.15,525335486.97,False,False,False,False,True,20240812
300170.SZ,False,True,59,188831888.53,207712616.26,False,False,False,False,True,20240812
603363.SH,True,True,35,810594861.1700001,1211186076.3300002,False,False,False,False,True,20240812
300171.SZ,False,True,59,180671928.98,-3012505.0200000256,False,False,True,False,True,20240812
603365.SH,True,True,35,312774008.76,450255777.96000004,False,False,False,False,True,20240812
300172.SZ,False,True,59,196639419.76000002,1752610.8200000077,False,False,False,False,True,20240812
603366.SH,True,True,55,328388090.02,282198749.02,False,False,False,False,True,20240812
300173.SZ,False,True,59,-94805429.57,68990995.65,False,False,False,True,True,20240812
603367.SH,True,True,38,418611026.25000006,380521269.63,False,False,False,False,True,20240812
300174.SZ,False,True,59,215414543.31,155867009.83999997,False,False,False,False,True,20240812
603368.SH,True,True,46,911990051.95,531975404.74,False,False,False,False,True,20240812
300175.SZ,False,True,59,41251905.89,-2719797.1099999994,False,False,True,False,True,20240812
603369.SH,True,True,48,3248243349.7999997,2725186113.6800003,False,False,False,False,True,20240812
300176.SZ,False,True,59,194516296.62999997,300940717.91,False,False,False,False,True,20240812
603377.SH,True,True,42,294445840.28000003,242761708.58,False,False,False,False,True,20240812
300177.SZ,False,True,59,-23426377.129999995,-70447047.80999999,False,False,True,True,True,20240812
603378.SH,True,True,37,152435064.25,694411032.94,False,False,False,False,True,20240812
300179.SZ,False,True,59,78666490.58,185775761.86,False,False,False,False,True,20240812
603379.SH,True,True,32,215666371.14999998,703212730.44,False,False,False,False,True,20240812
300180.SZ,False,True,59,790359378.6800001,37407119.71000001,False,False,False,False,True,20240812
603380.SH,True,True,38,296548484.03,88341929.86000001,False,False,False,False,True,20240812
300181.SZ,False,True,59,380616479.3899999,309560753.69,False,False,False,False,True,20240812
603383.SH,True,True,39,180981335.83,229879539.7,False,False,False,False,True,20240812
300182.SZ,False,True,59,1480501768.01,1787610674.97,False,False,False,False,True,20240812
603385.SH,True,True,38,288054179.37,621316360.4300001,False,False,False,False,True,20240812
300183.SZ,False,True,59,240398707.17000002,-86348805.38,False,False,True,False,True,20240812
603386.SH,True,True,35,231463071.04000002,158966697.14000002,False,False,False,False,True,20240812
300184.SZ,False,True,59,-190613648.73,191957336.02999997,False,False,False,True,True,20240812
603387.SH,True,True,38,378446333.46999997,461395423.53999996,False,False,False,False,True,20240812
300185.SZ,False,True,59,-100878068.63,-95282867.82000001,False,False,True,True,True,20240812
603389.SH,True,True,40,-36212871.38,-23154761.26,False,False,True,True,True,20240812
300187.SZ,False,True,59,139428393.94,168979154.81000003,False,False,False,False,True,20240812
603390.SH,True,True,34,109455417.22999999,95658439.25,False,False,False,False,True,20240812
300188.SZ,False,True,59,177330494.46999997,91577106.68999994,False,False,False,False,True,20240812
603392.SH,True,True,29,1500248753.4,2578137508.3199997,False,False,False,False,True,20240812
300189.SZ,False,True,59,-7413699.370000001,-962866.3999999985,False,False,True,True,True,20240812
603393.SH,True,True,39,1900069051.57,1866567806.7400002,False,False,False,False,True,20240812
300190.SZ,False,True,59,146569396.46,217164932.21,False,False,False,False,True,20240812
603396.SH,True,True,36,-110022186.9,111873748.30000001,False,False,False,True,True,20240812
300191.SZ,False,True,59,53215974.769999996,64226565.56999999,False,False,False,False,True,20240812
603398.SH,True,True,42,,361259616.7900001,False,False,False,False,False,20240812
300192.SZ,False,True,59,228753181.92,281345256.93,False,False,False,False,True,20240812
603399.SH,True,True,54,238170656.06000006,963815794.97,False,False,False,False,True,20240812
300193.SZ,False,True,59,187390720.57999998,313786435.77,False,False,False,False,True,20240812
603408.SH,True,True,25,673722095.69,737177796.3299999,False,False,False,False,True,20240812
300194.SZ,False,True,59,526896863.06000006,295643148.6,False,False,False,False,True,20240812
603416.SH,True,True,39,104330813.62,173828463.34,False,False,False,False,True,20240812
300195.SZ,False,True,59,42180106.58,108974467.47999999,False,False,False,False,True,20240812
603421.SH,True,True,40,402963210.27000004,-102621296.3300001,False,False,True,False,True,20240812
300196.SZ,False,True,59,408037913.48,429337216.81999993,False,False,False,False,True,20240812
603429.SH,True,True,37,15073312.89,195874078.23999998,False,False,False,False,True,20240812
300197.SZ,False,True,59,286100265.18,-632357058.4799999,False,False,True,False,True,20240812
603439.SH,True,True,35,206356628.56,308782293.77,False,False,False,False,True,20240812
300198.SZ,False,True,59,147211612.07000002,76003480.66,False,False,False,False,True,20240812
603444.SH,True,True,40,1178134335.46,1604130612.1,False,False,False,False,True,20240812
300199.SZ,False,True,59,67108190.58,-53022973.1,False,False,True,False,True,20240812
603456.SH,True,True,48,960981944.6600002,1386154195.6299999,False,False,False,False,True,20240812
300200.SZ,False,True,59,6549466.980000012,179607499.26,False,False,False,False,True,20240812
603458.SH,True,True,38,109138792.08,574049014.11,False,False,False,False,True,20240812
300201.SZ,False,True,59,256443074.88,48077203.85,False,False,False,False,True,20240812
603466.SH,True,True,35,-4918427.98999998,217961795.98,False,False,False,True,True,20240812
300203.SZ,False,True,58,510956164.15,38438380.93000001,False,False,False,False,True,20240812
603477.SH,True,True,34,179155629.07999998,507148977.31,False,False,False,False,True,20240812
300204.SZ,False,True,59,-139508692.1,-199525786.14,False,False,True,True,True,20240812
603486.SH,True,True,34,855421713.5200001,1691512484.1399999,False,False,False,False,True,20240812
300205.SZ,False,True,59,-73075884.07000001,364900724.09000003,False,False,False,True,True,20240812
603488.SH,True,True,37,54687181.21,41554540.400000006,False,False,False,False,True,20240812
300206.SZ,False,True,59,304432136.01,334921183.07,False,False,False,False,True,20240812
603489.SH,True,True,28,114641943.35999995,639488749.8699999,False,False,False,False,True,20240812
300207.SZ,False,True,59,4869407062.02,-338471335.82000005,False,False,True,False,True,20240812
603496.SH,True,True,37,-24891425.44,-4132128.969999999,False,False,True,True,True,20240812
300209.SZ,False,True,59,-106450855.43,-48612156.92,False,False,True,True,True,20240812
603499.SH,True,True,35,108593841.43999998,90369289.46000001,False,False,False,False,True,20240812
300210.SZ,False,True,59,93174940.99999999,18656477.61,False,False,False,False,True,20240812
603500.SH,True,True,35,58066287.120000005,82917640.84,False,False,False,False,True,20240812
300211.SZ,False,True,58,-4582240.299999999,9808169.219999999,False,False,False,True,True,20240812
603501.SH,True,True,38,6227883804.76,2528251467.38,False,False,False,False,True,20240812
300212.SZ,False,True,58,-210690313.79000002,-203936464.74,False,False,True,True,True,20240812
603505.SH,True,True,39,75547922.69999999,374859607.70000005,False,False,False,False,True,20240812
300213.SZ,False,True,59,87904621.35999998,120387412.84,False,False,False,False,True,20240812
603506.SH,True,True,34,99391929.67,144576845.82999998,False,False,False,False,True,20240812
300214.SZ,False,True,59,-115350022.61999999,148324854.99,False,False,False,True,True,20240812
603507.SH,True,True,35,433018926.46,46373561.169999994,False,False,False,False,True,20240812
300215.SZ,False,True,59,450624493.38999987,281142917.6700001,False,False,False,False,True,20240812
603508.SH,True,True,42,298745379.14000005,278137004.07,False,False,False,False,True,20240812
300217.SZ,False,True,59,-1566496.2100000083,756535619.95,False,False,False,True,True,20240812
603511.SH,True,True,21,605774122.2900001,925607157.48,False,False,False,False,True,20240812
300218.SZ,False,True,59,328588459.72999996,52165276.31,False,False,False,False,True,20240812
603515.SH,True,True,40,1099102241.46,1341446105.4,False,False,False,False,True,20240812
300219.SZ,False,True,59,720663253.2,248384099.03999996,False,False,False,False,True,20240812
603516.SH,True,True,36,-23993339.16000001,109031221.48,False,False,False,True,True,20240812
300220.SZ,False,True,59,-7271492.969999999,13780871.94,False,False,False,True,True,20240812
603517.SH,True,True,40,905638135.76,944262646.7,False,False,False,False,True,20240812
300221.SZ,False,True,59,-59654806.96000001,165083928.66,False,False,False,True,True,20240812
603518.SH,True,True,48,916032686.05,679045744.1600001,False,False,False,False,True,20240812
300222.SZ,False,True,59,169588470.19,79064455.31,False,False,False,False,True,20240812
603519.SH,True,True,45,87536057.63000001,79493931.86000003,False,False,False,False,True,20240812
300223.SZ,False,True,59,410817137.65,299482653.76,False,False,False,False,True,20240812
603520.SH,True,True,42,106019803.68,61333285.860000014,False,False,False,False,True,20240812
300224.SZ,False,True,59,591969826.1899999,110025905.56,False,False,False,False,True,20240812
603527.SH,True,True,38,-537959866.4,26084166.299999982,False,False,False,True,True,20240812
300225.SZ,False,True,59,112320140.63,-136083553.38,False,False,True,False,True,20240812
603528.SH,True,True,42,56492489.28999999,89367142.14999999,False,False,False,False,True,20240812
300226.SZ,False,True,59,828650473.63,622691873.1000001,False,False,False,False,True,20240812
603529.SH,True,True,24,3385925376.0299997,2893648570.2599998,False,False,False,False,True,20240812
300227.SZ,False,True,58,,70023071.80999999,False,False,False,False,False,20240812
603530.SH,True,True,30,125685598.31,35115471.07,False,False,False,False,True,20240812
300228.SZ,False,True,59,99284293.12,247719924.46999997,False,False,False,False,True,20240812
603533.SH,True,True,36,70655015.03000002,215760159.29,False,False,False,False,True,20240812
300229.SZ,False,True,59,77643091.17,186641282.93999997,False,False,False,False,True,20240812
603535.SH,True,True,37,,162329570.0,False,False,False,False,False,20240812
300230.SZ,False,True,59,271968703.08000004,379254021.22,False,False,False,False,True,20240812
603536.SH,True,True,37,92825490.72999999,120119599.05,False,False,False,False,True,20240812
300231.SZ,False,True,59,169693503.71999997,142799549.48999998,False,False,False,False,True,20240812
603538.SH,True,True,40,43794512.85000001,47287089.349999994,False,False,False,False,True,20240812
300232.SZ,False,True,59,509772051.96999997,1049911897.9600002,False,False,False,False,True,20240812
603551.SH,True,True,28,370500698.18,534709335.1,False,False,False,False,True,20240812
300233.SZ,False,True,59,557642733.05,552662816.9900001,False,False,False,False,True,20240812
603556.SH,True,True,40,1097773924.92,721029960.3699999,False,False,False,False,True,20240812
300234.SZ,False,True,59,79038319.51,111119511.82000001,False,False,False,False,True,20240812
603557.SH,True,True,36,41746486.56,-93145122.27000001,False,False,True,False,True,20240812
300235.SZ,False,True,59,58115562.019999996,43731477.45,False,False,False,False,True,20240812
603558.SH,True,True,46,269415522.41999996,384720835.09000003,False,False,False,False,True,20240812
300236.SZ,False,True,59,200053157.79,75430436.73,False,False,False,False,True,20240812
603559.SH,True,True,40,-48373651.75,80575791.82,False,False,False,True,True,20240812
300237.SZ,False,True,59,17444687.63000001,85023138.14999999,False,False,False,False,True,20240812
603565.SH,True,True,28,2414464051.09,2836997178.14,False,False,False,False,True,20240812
300238.SZ,False,True,59,53582713.21,68956558.49000001,False,False,False,False,True,20240812
603566.SH,True,True,47,255018459.45999998,226952325.26000002,False,False,False,False,True,20240812
300239.SZ,False,True,59,242698502.5,103921370.32000002,False,False,False,False,True,20240812
603567.SH,True,True,45,-505736766.91,-489212011.44,False,False,True,True,True,20240812
300240.SZ,False,True,59,104005286.66000001,244377319.66000003,False,False,False,False,True,20240812
603568.SH,True,True,45,2715820545.8500004,2232763304.3300004,False,False,False,False,True,20240812
300241.SZ,False,True,59,121542488.9,14981007.829999998,False,False,False,False,True,20240812
603569.SH,True,True,46,426163216.20000005,65489544.51,False,False,False,False,True,20240812
300242.SZ,False,True,59,-61174628.34,134465670.05,False,False,False,True,True,20240812
603577.SH,True,True,41,460563089.51,314849575.78999996,False,False,False,False,True,20240812
300243.SZ,False,True,59,-11103519.67000001,107848177.66999999,False,False,False,True,True,20240812
603578.SH,True,True,40,112525049.44999999,46676226.46,False,False,False,False,True,20240812
300244.SZ,False,True,59,1614577255.11,2238674613.6099997,False,False,False,False,True,20240812
603579.SH,True,True,41,137026475.71999997,302427924.28,False,False,False,False,True,20240812
300245.SZ,False,True,59,-17807752.799999997,-40378255.870000005,False,False,True,True,True,20240812
603580.SH,True,True,43,26510973.499999996,32190965.100000005,False,False,False,False,True,20240812
300246.SZ,False,True,58,94796083.94999999,72458376.67999999,False,False,False,False,True,20240812
603583.SH,True,True,39,747682295.58,398263463.23,False,False,False,False,True,20240812
300247.SZ,False,True,58,45993071.97,75841077.92999999,False,False,False,False,True,20240812
603585.SH,True,True,40,-33516766.049999982,507979635.3499999,False,False,False,True,True,20240812
300248.SZ,False,True,58,183067583.74,128095300.71,False,False,False,False,True,20240812
603586.SH,True,True,38,138943860.26,273283561.88,False,False,False,False,True,20240812
300249.SZ,False,True,58,39287159.46000001,-109470458.18,False,False,True,False,True,20240812
603587.SH,True,True,36,492993087.22,638061569.5900002,False,False,False,False,True,20240812
300250.SZ,False,True,58,25496183.28,27893750.979999997,False,False,False,False,True,20240812
603588.SH,True,True,46,518503308.0099999,-2403910400.75,False,False,True,False,True,20240812
300251.SZ,False,True,58,1108899173.23,30283058.620000005,False,False,False,False,True,20240812
603589.SH,True,True,44,884704547.2099999,1156087088.0800002,False,False,False,False,True,20240812
300252.SZ,False,True,58,-126890426.31,-8764102.74000001,False,False,True,True,True,20240812
603590.SH,True,True,33,237525322.64999998,97381326.89999999,False,False,False,False,True,20240812
300253.SZ,False,True,58,385479318.12,24364441.5,False,False,False,False,True,20240812
603595.SH,True,True,37,112041175.98000002,-258857558.51,False,False,True,False,True,20240812
300254.SZ,False,True,58,97668310.16,44155455.88000001,False,False,False,False,True,20240812
603596.SH,True,True,36,912566121.53,835790012.7299999,False,False,False,False,True,20240812
300255.SZ,False,True,58,400105056.82,120480876.27000004,False,False,False,False,True,20240812
603598.SH,True,True,44,-5988991.73999995,-21563936.66000004,False,False,True,True,True,20240812
300256.SZ,False,True,58,75716269.36999999,-228885197.81,False,False,True,False,True,20240812
603599.SH,True,True,47,6008938.069999933,2542404822.0200005,False,False,False,False,True,20240812
300257.SZ,False,True,58,496367968.73,540969946.42,False,False,False,False,True,20240812
603600.SH,True,True,45,153990026.01000002,601387864.65,False,False,False,False,True,20240812
300258.SZ,False,True,57,430276321.9,492609476.57000005,False,False,False,False,True,20240812
603601.SH,True,True,46,23792568.810000002,235850637.37000003,False,False,False,False,True,20240812
300259.SZ,False,True,58,280171111.87,202801830.04999995,False,False,False,False,True,20240812
603602.SH,True,True,38,-87060668.56999998,117521744.77000001,False,False,False,True,True,20240812
300260.SZ,False,True,57,202903461.08000004,201417964.76,False,False,False,False,True,20240812
603605.SH,True,True,35,949628536.9399998,1578622058.88,False,False,False,False,True,20240812
300261.SZ,False,True,57,-60089747.34,234590771.64999998,False,False,False,True,True,20240812
603606.SH,True,True,46,1566570173.08,1252942601.07,False,False,False,False,True,20240812
300263.SZ,False,True,57,-25754698.929999992,144074089.64,False,False,False,True,True,20240812
603607.SH,True,True,36,81347296.07000001,95386478.33000001,False,False,False,False,True,20240812
300264.SZ,False,True,57,25518527.209999993,-90658023.58999999,False,False,True,False,True,20240812
603608.SH,True,True,42,83936537.0,107795401.0,False,False,False,False,True,20240812
300265.SZ,False,True,57,11974034.61999999,126342693.26,False,False,False,False,True,20240812
603609.SH,True,True,49,658692410.54,682492101.4399999,False,False,False,False,True,20240812
300266.SZ,False,True,57,135684452.56,-228848315.85,False,False,True,False,True,20240812
603610.SH,True,True,28,495971447.33000004,436784493.90000004,False,False,False,False,True,20240812
300267.SZ,False,True,57,224698490.04999995,264307582.00000003,False,False,False,False,True,20240812
603611.SH,True,True,46,105071911.64999999,378580425.93,False,False,False,False,True,20240812
300268.SZ,False,True,57,-289697409.19,548926638.9200001,False,False,False,True,True,20240812
603612.SH,True,True,40,1998525427.1599998,809509012.4,False,False,False,False,True,20240812
300269.SZ,False,True,57,40435691.04,19830784.290000014,False,False,False,False,True,20240812
603613.SH,True,True,38,-309101986.04,1344815233.3300002,False,False,False,True,True,20240812
300270.SZ,False,True,57,-25137193.690000005,-16898358.739999995,False,False,True,True,True,20240812
603615.SH,True,True,38,75995336.54,86688848.85000001,False,False,False,False,True,20240812
300271.SZ,False,True,58,40890881.649999976,255840582.63000003,False,False,False,False,True,20240812
603616.SH,True,True,45,161879633.18,40054866.9,False,False,False,False,True,20240812
300272.SZ,False,True,57,321491500.28999996,321633144.96,False,False,False,False,True,20240812
603617.SH,True,True,39,185223326.63,100042237.48999998,False,False,False,False,True,20240812
300274.SZ,False,True,57,-391377804.5600004,7239089495.09,False,False,False,True,True,20240812
603618.SH,True,True,45,-242212357.45000002,592796351.86,False,False,False,True,True,20240812
300275.SZ,False,True,57,27937654.919999998,3724803.110000003,False,False,False,False,True,20240812
603619.SH,True,True,38,1747028890.6000001,363632268.8799999,False,False,False,False,True,20240812
300276.SZ,False,True,57,104480206.62,71890610.72,False,False,False,False,True,20240812
603626.SH,True,True,41,431465991.67,617876847.3199999,False,False,False,False,True,20240812
300277.SZ,False,True,57,11351717.71,42058567.849999994,False,False,False,False,True,20240812
603628.SH,True,True,39,33630558.07,210548449.81,False,False,False,False,True,20240812
300278.SZ,False,True,57,-255645344.64999998,25314195.859999985,False,False,False,True,True,20240812
603629.SH,True,True,31,-56862865.43999997,410757841.86,False,False,False,True,True,20240812
300279.SZ,False,True,57,198035878.83,23837283.849999998,False,False,False,False,True,20240812
603630.SH,True,True,38,212620158.43,202439341.43,False,False,False,False,True,20240812
300281.SZ,False,True,57,32752081.37,17911396.53,False,False,False,False,True,20240812
603633.SH,True,True,39,143434034.52,58023377.389999986,False,False,False,False,True,20240812
300283.SZ,False,True,57,-77237465.44000001,-42622.66999998689,False,False,True,True,True,20240812
603636.SH,True,True,45,130106862.30999997,-120316416.31999996,False,False,True,False,True,20240812
300284.SZ,False,True,57,278709958.5500001,171101530.92999995,False,False,False,False,True,20240812
603637.SH,True,True,41,-71205688.66,121767601.66,False,False,False,True,True,20240812
300285.SZ,False,True,57,703454025.6500001,155775771.51999998,False,False,False,False,True,20240812
603638.SH,True,True,40,133560631.88000003,97402946.8,False,False,False,False,True,20240812
300286.SZ,False,True,57,319961885.07,211114137.75,False,False,False,False,True,20240812
603639.SH,True,True,40,582674150.7900001,1294863103.32,False,False,False,False,True,20240812
300287.SZ,False,True,57,32306865.709999993,38941906.96000001,False,False,False,False,True,20240812
603648.SH,True,True,37,318244594.09999996,349143066.40000004,False,False,False,False,True,20240812
300288.SZ,False,True,56,64379708.239999995,70130898.97,False,False,False,False,True,20240812
603650.SH,True,True,32,289023717.28999996,101121425.56000002,False,False,False,False,True,20240812
300289.SZ,False,True,56,87991930.11000001,110603241.71000001,False,False,False,False,True,20240812
603655.SH,True,True,35,16027140.030000001,16213925.0,False,False,False,False,True,20240812
300290.SZ,False,True,56,-10275499.489999995,74599948.19,False,False,False,True,True,20240812
603656.SH,True,True,38,31509051.009999998,42276187.88,False,False,False,False,True,20240812
300291.SZ,False,True,56,-384620852.14,-452113658.53,False,False,True,True,True,20240812
603657.SH,True,True,33,69180334.28,140259239.46999997,False,False,False,False,True,20240812
300292.SZ,False,True,56,-23501419.47,182450283.41,False,False,False,True,True,20240812
603658.SH,True,True,41,1428902305.77,1525180870.33,False,False,False,False,True,20240812
300293.SZ,False,True,56,81006072.71,-96854927.37,False,False,True,False,True,20240812
603659.SH,True,True,36,-75998837.67000008,1711078939.7599998,False,False,False,True,True,20240812
300294.SZ,False,True,56,460204253.77,760866707.72,False,False,False,False,True,20240812
603660.SH,True,True,40,61133720.83000004,240473597.76000002,False,False,False,False,True,20240812
300295.SZ,False,True,56,-214260777.16000003,648965750.3499999,False,False,False,True,True,20240812
603661.SH,True,True,36,837832110.21,694162344.42,False,False,False,False,True,20240812
300296.SZ,False,True,56,876362671.4599999,1038576044.21,False,False,False,False,True,20240812
603662.SH,True,True,29,222104738.36000004,161546139.38,False,False,False,False,True,20240812
300298.SZ,False,True,56,711209805.37,663570873.1899999,False,False,False,False,True,20240812
603663.SH,True,True,42,34666794.25,65349255.54000001,False,False,False,False,True,20240812
300299.SZ,False,True,56,31322665.720000003,-21602837.34,False,False,True,False,True,20240812
603665.SH,True,True,40,191236029.18,74382069.27999999,False,False,False,False,True,20240812
300300.SZ,False,True,56,-29528654.0,35831884.730000004,False,False,False,True,True,20240812
603666.SH,True,True,33,-65476716.720000006,-23741794.620000005,False,False,True,True,True,20240812
300301.SZ,False,True,56,-24113373.66,-43824366.510000005,False,False,True,True,True,20240812
603667.SH,True,True,40,274586086.48,197104051.16,False,False,False,False,True,20240812
300302.SZ,False,True,56,-4590327.979999996,79277939.75,False,False,False,True,True,20240812
603668.SH,True,True,41,62222906.510000005,259036912.64,False,False,False,False,True,20240812
300303.SZ,False,True,56,324201917.46000004,290136912.41999996,False,False,False,False,True,20240812
603669.SH,True,True,44,-50249373.74000001,-115619490.58,False,False,True,True,True,20240812
300304.SZ,False,True,56,259600821.0,63750162.589999996,False,False,False,False,True,20240812
603676.SH,True,True,36,354831138.96999997,207850689.65999997,False,False,False,False,True,20240812
300305.SZ,False,True,56,-190561850.27999997,-33059956.43,False,False,True,True,True,20240812
603677.SH,True,True,41,140689168.12,229683632.02999997,False,False,False,False,True,20240812
300306.SZ,False,True,56,161380099.0,116262525.71,False,False,False,False,True,20240812
603678.SH,True,True,46,786895069.06,977578525.0199997,False,False,False,False,True,20240812
300307.SZ,False,True,56,-38210998.47000003,275386820.65000004,False,False,False,True,True,20240812
603679.SH,True,True,37,71536027.17,-55612112.30000001,False,False,True,False,True,20240812
300308.SZ,False,True,56,1709602352.9699998,2387050901.2400002,False,False,False,False,True,20240812
603680.SH,True,True,37,330722876.62,180444005.51,False,False,False,False,True,20240812
300310.SZ,False,True,56,-170187607.06000012,-113632218.68999997,False,False,True,True,True,20240812
603681.SH,True,True,36,174692454.99,546115719.9100001,False,False,False,False,True,20240812
300311.SZ,False,True,56,6032542.6999999955,51211792.47000001,False,False,False,False,True,20240812
603682.SH,True,True,34,675044284.5,647184004.0699999,False,False,False,False,True,20240812
300313.SZ,False,True,56,369699.2100000009,-16989787.34,False,False,True,False,True,20240812
603683.SH,True,True,37,198646304.37,202020950.42000002,False,False,False,False,True,20240812
300314.SZ,False,True,56,96131813.68,145603857.37,False,False,False,False,True,20240812
603685.SH,True,True,36,218255093.1,157022970.41000003,False,False,False,False,True,20240812
300315.SZ,False,True,56,11541932.610000014,286201656.03,False,False,False,False,True,20240812
603686.SH,True,True,49,412990462.00999993,442029169.18000007,False,False,False,False,True,20240812
300316.SZ,False,True,56,2356808434.6499996,2383871963.48,False,False,False,False,True,20240812
603687.SH,True,True,31,303085191.31999993,256136190.29000002,False,False,False,False,True,20240812
300317.SZ,False,True,56,-322539903.94000006,-172774946.41999996,False,False,True,True,True,20240812
603688.SH,True,True,50,3043033339.82,1980950618.3500001,False,False,False,False,True,20240812
300318.SZ,False,True,56,74151283.65,141218306.36,False,False,False,False,True,20240812
603689.SH,True,True,39,760674837.19,418926830.03000003,False,False,False,False,True,20240812
300319.SZ,False,True,56,237426331.21000004,761608055.76,False,False,False,False,True,20240812
603690.SH,True,True,40,-791758293.74,-886729617.5400001,False,False,True,True,True,20240812
300320.SZ,False,True,56,157409109.68,157439494.05,False,False,False,False,True,20240812
603693.SH,True,True,38,878413595.0699999,1456175735.1100001,False,False,False,False,True,20240812
300321.SZ,False,True,56,4045168.6099999994,15773113.04,False,False,False,False,True,20240812
603696.SH,True,True,43,24301899.31,12732902.680000003,False,False,False,False,True,20240812
300322.SZ,False,True,56,2670578.460000001,-19930406.91000001,False,False,True,False,True,20240812
603697.SH,True,True,36,155811398.54,69183249.01999998,False,False,False,False,True,20240812
300323.SZ,False,True,56,-139527138.64,230112786.4699999,False,False,False,True,True,20240812
603698.SH,True,True,45,91430561.22999999,321631858.65,False,False,False,False,True,20240812
300324.SZ,False,True,56,-69169292.19999999,-56040738.48000002,False,False,True,True,True,20240812
603699.SH,True,True,51,535278389.5300001,401612856.16999996,False,False,False,False,True,20240812
300326.SZ,False,True,56,134663146.92,271123052.7199999,False,False,False,False,True,20240812
603700.SH,True,True,36,124774531.34,204107517.55,False,False,False,False,True,20240812
300327.SZ,False,True,56,84326208.28,-226227638.3,False,False,True,False,True,20240812
603701.SH,True,True,42,43835608.11,-24710552.090000004,False,False,True,False,True,20240812
300328.SZ,False,True,56,293520836.28000003,142475098.18,False,False,False,False,True,20240812
603703.SH,True,True,44,12528841.119999997,113762866.43000002,False,False,False,False,True,20240812
300329.SZ,False,True,57,-69663304.04,-13333730.429999992,False,False,True,True,True,20240812
603706.SH,True,True,32,396321455.21999997,202794617.69000006,False,False,False,False,True,20240812
300331.SZ,False,True,57,156688516.56,149633821.67000002,False,False,False,False,True,20240812
603707.SH,True,True,36,1595241020.13,727202207.8899999,False,False,False,False,True,20240812
300332.SZ,False,True,56,425114923.39,467671895.43,False,False,False,False,True,20240812
603708.SH,True,True,39,1404615974.3000002,1396585832.04,False,False,False,False,True,20240812
300333.SZ,False,True,55,-6437553.0,-41076818.0,False,False,True,True,True,20240812
603709.SH,True,True,34,6181424.920000009,47936408.769999996,False,False,False,False,True,20240812
300334.SZ,False,True,55,-31021946.069999993,-59688062.059999995,False,False,True,True,True,20240812
603711.SH,True,True,36,517618962.12,617049957.86,False,False,False,False,True,20240812
300335.SZ,False,True,56,179420875.67000002,115692550.92999998,False,False,False,False,True,20240812
603712.SH,True,True,36,439197980.54,-247907548.63,False,False,True,False,True,20240812
300337.SZ,False,True,55,-63370852.650000006,172896613.04,False,False,False,True,True,20240812
603713.SH,True,True,33,-120884447.96999997,956991440.82,False,False,False,True,True,20240812
300338.SZ,False,True,55,-60086413.900000006,-162359114.72,False,False,True,True,True,20240812
603716.SH,True,True,40,-39333335.92999999,234201162.38,False,False,False,True,True,20240812
300339.SZ,False,True,56,88328290.1,208527376.56000003,False,False,False,False,True,20240812
603717.SH,True,True,39,69700919.22,-61336999.69999999,False,False,True,False,True,20240812
300340.SZ,False,True,56,-366033887.94,20614104.970000014,False,False,False,True,True,20240812
603718.SH,True,True,45,47605092.29000001,-8999745.540000021,False,False,True,False,True,20240812
300341.SZ,False,True,55,347039734.97999996,307350525.93,False,False,False,False,True,20240812
603719.SH,True,True,28,656938516.1900002,542654195.29,False,False,False,False,True,20240812
300342.SZ,False,True,55,119856012.28000002,167152887.7,False,False,False,False,True,20240812
603721.SH,True,True,36,49445421.14,34902685.16000001,False,False,False,False,True,20240812
300343.SZ,False,True,54,100027196.91,457833246.93,False,False,False,False,True,20240812
603722.SH,True,True,43,14114323.549999997,133321105.24000001,False,False,False,False,True,20240812
300345.SZ,False,True,56,-159902376.87,-513113115.56999993,False,False,True,True,True,20240812
603725.SH,True,True,50,99604891.98999998,454842472.08000004,False,False,False,False,True,20240812
300346.SZ,False,True,54,768358625.4100001,241141253.03,False,False,False,False,True,20240812
603726.SH,True,True,42,169870907.46999997,118317429.9,False,False,False,False,True,20240812
300347.SZ,False,True,55,952725071.4200001,1373451152.31,False,False,False,False,True,20240812
603727.SH,True,True,39,310221184.6500001,802832153.3599999,False,False,False,False,True,20240812
300348.SZ,False,True,55,3103211.0299999714,143798076.71999997,False,False,False,False,True,20240812
603728.SH,True,True,38,204000002.92000002,184430629.32,False,False,False,False,True,20240812
300349.SZ,False,True,55,223760347.76000002,354690952.01,False,False,False,False,True,20240812
603729.SH,True,True,48,-17566836.400000002,38290965.580000006,False,False,False,True,True,20240812
300350.SZ,False,True,55,-42636835.67,-8622072.869999997,False,False,True,True,True,20240812
603730.SH,True,True,38,958874732.47,236692360.58999997,False,False,False,False,True,20240812
300351.SZ,False,True,54,226776749.33,83159807.12,False,False,False,False,True,20240812
603733.SH,True,True,35,894744343.14,-1114949054.63,False,False,True,False,True,20240812
300352.SZ,False,True,54,-9519807.850000001,-44616615.53999999,False,False,True,True,True,20240812
603737.SH,True,True,42,1171388885.39,994937498.77,False,False,False,False,True,20240812
300353.SZ,False,True,56,-61435900.81999999,-179779778.68,False,False,True,True,True,20240812
603738.SH,True,True,40,155512440.84,321942780.54,False,False,False,False,True,20240812
300354.SZ,False,True,54,865860.1300000027,15760955.009999994,False,False,False,False,True,20240812
603739.SH,True,True,30,185186129.28,100156957.58000001,False,False,False,False,True,20240812
300355.SZ,False,True,54,1197889636.7699997,531987032.82000005,False,False,False,False,True,20240812
603755.SH,True,True,28,75001913.28999999,41532747.330000006,False,False,False,False,True,20240812
300357.SZ,False,True,51,320299498.02,358277964.16999996,False,False,False,False,True,20240812
603757.SH,True,True,39,245075312.3,336730867.96999997,False,False,False,False,True,20240812
300358.SZ,False,True,52,30971480.620000035,189481852.35000002,False,False,False,False,True,20240812
603758.SH,True,True,38,469068982.63,295889878.26000005,False,False,False,False,True,20240812
300359.SZ,False,True,51,15390628.700000003,32224182.939999998,False,False,False,False,True,20240812
603759.SH,True,True,22,356593388.03000003,353963924.35,False,False,False,False,True,20240812
300360.SZ,False,True,51,636887425.5,432318355.59000003,False,False,False,False,True,20240812
603766.SH,True,True,55,1633467171.9299998,2269354273.3600006,False,False,False,False,True,20240812
300363.SZ,False,True,50,-14677057.48000002,2875778293.1600003,False,False,False,True,True,20240812
603767.SH,True,True,48,204821390.98999998,133310001.79000002,False,False,False,False,True,20240812
300364.SZ,False,True,45,-56844781.20999999,11899335.949999997,False,False,False,True,True,20240812
603768.SH,True,True,38,-74540963.92,-140052514.76999998,False,False,True,True,True,20240812
300365.SZ,False,True,51,271919172.36,-70072564.22999999,False,False,True,False,True,20240812
603773.SH,True,True,40,288530198.24,10162123.840000018,False,False,False,False,True,20240812
300366.SZ,False,True,51,311635051.84000003,-500984930.64,False,False,True,False,True,20240812
603776.SH,True,True,37,201926982.89999998,132485646.39999998,False,False,False,False,True,20240812
300368.SZ,False,True,51,10923886.050000012,685611804.4200001,False,False,False,False,True,20240812
603777.SH,True,True,42,388214523.37,442453945.52000004,False,False,False,False,True,20240812
300369.SZ,False,True,51,91500291.31,-178572803.89,False,False,True,False,True,20240812
603778.SH,True,True,43,158328635.69,-213563845.57,False,False,True,False,True,20240812
300370.SZ,False,True,54,-52279524.39999999,-98566396.25,False,False,True,True,True,20240812
603779.SH,True,True,42,-12662074.860000001,49632960.57,False,False,False,True,True,20240812
300371.SZ,False,True,50,85687668.69,20329257.279999997,False,False,False,False,True,20240812
603786.SH,True,True,43,243789373.65000004,328656418.22999996,False,False,False,False,True,20240812
300373.SZ,False,True,51,1157006423.4700003,568929282.62,False,False,False,False,True,20240812
603787.SH,True,True,38,-28357814.83,389034400.61,False,False,False,True,True,20240812
300374.SZ,False,True,45,69066761.9,42849254.79,False,False,False,False,True,20240812
603788.SH,True,True,46,203793232.75,7422689.329999991,False,False,False,False,True,20240812
300375.SZ,False,True,52,-39091372.53,110744958.22999999,False,False,False,True,True,20240812
603789.SH,True,True,43,,-57280958.95,False,False,True,False,False,20240812
300376.SZ,False,True,51,-97898863.96000004,1439346693.94,False,False,False,True,True,20240812
603790.SH,True,True,31,92721757.52000001,146834567.23000002,False,False,False,False,True,20240812
300377.SZ,False,True,51,122221308.36000001,5182665.73999998,False,False,False,False,True,20240812
603797.SH,True,True,40,375555826.55999994,-1628420.419999998,False,False,True,False,True,20240812
300378.SZ,False,True,51,-3353784.5899999887,190639843.07,False,False,False,True,True,20240812
603798.SH,True,True,42,71965565.61999999,30422526.92,False,False,False,False,True,20240812
300380.SZ,False,True,51,-8101648.129999995,-49981334.03999996,False,False,True,True,True,20240812
603799.SH,True,True,55,4454992746.2699995,5765694111.450001,False,False,False,False,True,20240812
300381.SZ,False,True,52,238305570.26999998,-41610871.350000024,False,False,True,False,True,20240812
603800.SH,True,True,42,171697938.99,35832128.54999998,False,False,False,False,True,20240812
300382.SZ,False,True,51,35028065.55,4700907.710000008,False,False,False,False,True,20240812
603801.SH,True,True,37,160687054.82000005,886607261.2699999,False,False,False,False,True,20240812
300383.SZ,False,True,52,1497748083.5800002,1768989643.52,False,False,False,False,True,20240812
603803.SH,True,True,38,350559411.42,225262804.49,False,False,False,False,True,20240812
300384.SZ,False,True,48,413399251.81,148263838.05,False,False,False,False,True,20240812
603806.SH,True,True,48,2768535762.35,-607371620.47,False,False,True,False,True,20240812
300385.SZ,False,True,49,71754547.44999999,97626285.24999999,False,False,False,False,True,20240812
603808.SH,True,True,45,365387879.23999995,499646563.08000004,False,False,False,False,True,20240812
300386.SZ,False,True,50,-24692473.53,15341360.639999986,False,False,False,True,True,20240812
603809.SH,True,True,37,641257643.6899999,148039641.77,False,False,False,False,True,20240812
300387.SZ,False,True,50,80321998.92,98731078.03,False,False,False,False,True,20240812
603810.SH,True,True,31,55825874.599999994,100134038.74,False,False,False,False,True,20240812
300388.SZ,False,True,55,548578320.37,560281394.5899999,False,False,False,False,True,20240812
603811.SH,True,True,40,153485757.13,202030349.95,False,False,False,False,True,20240812
300389.SZ,False,True,50,259990669.70000002,909487266.5999999,False,False,False,False,True,20240812
603813.SH,True,True,37,151485473.11,60743122.81999999,False,False,False,False,True,20240812
300390.SZ,False,True,50,2211062678.5700006,4876090727.139998,False,False,False,False,True,20240812
603815.SH,True,True,28,42749296.75,-89325933.75,False,False,True,False,True,20240812
300393.SZ,False,True,46,1227607964.63,-1615639707.21,False,False,True,False,True,20240812
603816.SH,True,True,40,2302097511.01,3152203166.21,False,False,False,False,True,20240812
300394.SZ,False,True,46,1092618311.25,472731126.73999995,False,False,False,False,True,20240812
603817.SH,True,True,39,-89597752.10999998,265453531.27999997,False,False,False,True,True,20240812
300395.SZ,False,True,46,18608925.140000015,581346344.52,False,False,False,False,True,20240812
603818.SH,True,True,45,683506164.9000001,581421385.25,False,False,False,False,True,20240812
300396.SZ,False,True,48,-129108279.09999998,107838525.99,False,False,False,True,True,20240812
603819.SH,True,True,40,121594699.73,104346164.97999999,False,False,False,False,True,20240812
300397.SZ,False,True,48,-66691542.36000001,-76386517.13,False,False,True,True,True,20240812
603822.SH,True,True,42,390432979.14,50307007.12000001,False,False,False,False,True,20240812
300398.SZ,False,True,46,549184378.0699999,208865593.20000005,False,False,False,False,True,20240812
603823.SH,True,True,40,379039777.34000003,224433558.1,False,False,False,False,True,20240812
300399.SZ,False,True,48,69236395.75999999,51126665.39,False,False,False,False,True,20240812
603825.SH,True,True,39,7490707.49000001,1451050966.3700001,False,False,False,False,True,20240812
300400.SZ,False,True,48,131761687.88000001,96170625.54999998,False,False,False,False,True,20240812
603826.SH,True,True,38,69566547.52000001,-150045020.72,False,False,True,False,True,20240812
300401.SZ,False,True,48,209672663.66,190315134.97999996,False,False,False,False,True,20240812
603828.SH,True,True,45,269359722.05,-38047875.28999996,False,False,True,False,True,20240812
300402.SZ,False,True,48,172400902.02,37862366.989999995,False,False,False,False,True,20240812
603829.SH,True,True,35,175282309.84,139402638.86,False,False,False,False,True,20240812
300403.SZ,False,True,48,252769560.43999997,263215927.64000002,False,False,False,False,True,20240812
603833.SH,True,True,40,4050143414.4399996,3545348884.2400002,False,False,False,False,True,20240812
300404.SZ,False,True,45,48158826.6,55284.87000000104,False,False,False,False,True,20240812
603836.SH,True,True,21,-392888315.02,1073165112.79,False,False,False,True,True,20240812
300405.SZ,False,True,48,-79674591.78,93774346.28999999,False,False,False,True,True,20240812
603838.SH,True,True,44,-486693.97000000067,-2556011.6000000006,False,False,True,True,True,20240812
300406.SZ,False,True,46,640035571.45,419722456.21000004,False,False,False,False,True,20240812
603839.SH,True,True,41,90905011.17,176806655.36999997,False,False,False,False,True,20240812
300407.SZ,False,True,46,214989069.82000002,263078532.01,False,False,False,False,True,20240812
603843.SH,True,True,41,,175180338.03000003,False,False,False,False,False,20240812
300408.SZ,False,True,45,1614949214.25,2194100730.69,False,False,False,False,True,20240812
603848.SH,True,True,35,322767396.93000007,350954408.59,False,False,False,False,True,20240812
300409.SZ,False,True,45,291145836.9100001,28704812.23000002,False,False,False,False,True,20240812
603855.SH,True,True,38,541367704.4300001,458023541.20000005,False,False,False,False,True,20240812
300410.SZ,False,True,46,-99639419.92999999,15140190.560000002,False,False,False,True,True,20240812
603856.SH,True,True,36,198422172.99,-17880236.1,False,False,True,False,True,20240812
300411.SZ,False,True,46,23603350.689999998,37172585.449999996,False,False,False,False,True,20240812
603858.SH,True,True,40,33731624.97000003,1598270742.79,False,False,False,False,True,20240812
300412.SZ,False,True,46,-14899308.620000005,40440818.220000006,False,False,False,True,True,20240812
603859.SH,True,True,40,336784694.48,214601728.52,False,False,False,False,True,20240812
300413.SZ,False,True,46,-130125371.61000001,1670413984.3700001,False,False,False,True,True,20240812
603860.SH,True,True,40,42308283.14,52486887.42999999,False,False,False,False,True,20240812
300414.SZ,False,True,44,58522041.18,84822601.41,False,False,False,False,True,20240812
603861.SH,True,True,45,-161027185.90000004,893490339.6499999,False,False,False,True,True,20240812
300415.SZ,False,True,45,428922973.08,341680529.9,False,False,False,False,True,20240812
603863.SH,True,True,37,-56814325.96,-14039548.549999997,False,False,True,True,True,20240812
300416.SZ,False,True,45,370485312.50000006,472411583.25,False,False,False,False,True,20240812
603866.SH,True,True,43,883764637.79,843284836.2300001,False,False,False,False,True,20240812
300417.SZ,False,True,46,14040428.17,12318434.39,False,False,False,False,True,20240812
603867.SH,True,True,31,181242156.88,324041664.76,False,False,False,False,True,20240812
300418.SZ,False,True,46,540615842.56,953107295.1599998,False,False,False,False,True,20240812
603868.SH,True,True,42,722895539.5200001,1305040917.3,False,False,False,False,True,20240812
300419.SZ,False,True,47,40069481.48,-5342046.1400000155,False,False,True,False,True,20240812
603869.SH,True,True,45,-116203592.74,98066160.84,False,False,False,True,True,20240812
300420.SZ,False,True,45,238019880.35000002,125532164.54,False,False,False,False,True,20240812
603871.SH,True,True,36,1571487113.9799998,1106312990.09,False,False,False,False,True,20240812
300421.SZ,False,True,45,113113123.74000001,135740329.22,False,False,False,False,True,20240812
603876.SH,True,True,33,160865548.19000006,1827707595.87,False,False,False,False,True,20240812
300422.SZ,False,True,45,351024795.6,262891601.01000002,False,False,False,False,True,20240812
603877.SH,True,True,41,1014706061.49,887916336.8999999,False,False,False,False,True,20240812
300423.SZ,False,True,45,-283835255.05,521896366.9,False,False,False,True,True,20240812
603878.SH,True,True,39,507644913.67999995,125782834.60000001,False,False,False,False,True,20240812
300424.SZ,False,True,45,84473306.03999999,125633553.19,False,False,False,False,True,20240812
603879.SH,True,True,38,-16826516.0,-55186418.650000006,False,False,True,True,True,20240812
300425.SZ,False,True,45,109897271.33,37439515.78,False,False,False,False,True,20240812
603880.SH,True,True,37,103701114.88000001,-74804640.58,False,False,True,False,True,20240812
300426.SZ,False,True,45,-28037153.46,42571792.20999999,False,False,False,True,True,20240812
603881.SH,True,True,41,1041078782.24,1082435674.62,False,False,False,False,True,20240812
300427.SZ,False,True,45,329597197.81,-307854298.86,False,False,True,False,True,20240812
603882.SH,True,True,37,911472424.8100002,1448174681.7600002,False,False,False,False,True,20240812
300428.SZ,False,True,45,337050091.6200001,914987265.58,False,False,False,False,True,20240812
603883.SH,True,True,45,2304252755.0,2336747442.0,False,False,False,False,True,20240812
300429.SZ,False,True,45,46179153.47000001,146737206.72000003,False,False,False,False,True,20240812
603885.SH,True,True,44,5988251483.380001,3237156118.63,False,False,False,False,True,20240812
300430.SZ,False,True,45,25220201.11999999,-5737266.389999993,False,False,True,False,True,20240812
603886.SH,True,True,40,434210482.77000004,568175890.9200001,False,False,False,False,True,20240812
300432.SZ,False,True,45,194542635.13,273278601.46000004,False,False,False,False,True,20240812
603887.SH,True,True,41,883035654.0,471237391.43999994,False,False,False,False,True,20240812
300433.SZ,False,True,45,8305387750.120002,10125292171.969997,False,False,False,False,True,20240812
603888.SH,True,True,40,364289040.23,423876003.5799999,False,False,False,False,True,20240812
300434.SZ,False,True,45,-39137102.39,311044626.3,False,False,False,True,True,20240812
603889.SH,True,True,46,816933646.3,188510278.85,False,False,False,False,True,20240812
300435.SZ,False,True,45,492253455.7300001,223483577.74999997,False,False,False,False,True,20240812
603890.SH,True,True,35,208006173.6600001,715640530.7199999,False,False,False,False,True,20240812
300436.SZ,False,True,45,-42682509.47,-237276069.17000002,False,False,True,True,True,20240812
603893.SH,True,True,30,1118404507.45,-292846769.52000004,False,False,True,False,True,20240812
300437.SZ,False,True,45,119672369.19000001,98401165.13,False,False,False,False,True,20240812
603895.SH,True,True,35,16052378.239999995,-145450617.32,False,False,True,False,True,20240812
300438.SZ,False,True,45,43625837.870000005,927998116.0600001,False,False,False,False,True,20240812
603896.SH,True,True,38,282508606.03999996,317583409.12,False,False,False,False,True,20240812
300439.SZ,False,True,45,484773188.15999997,757785981.92,False,False,False,False,True,20240812
603897.SH,True,True,33,306948182.68000007,-313891941.39,False,False,True,False,True,20240812
300440.SZ,False,True,45,174168116.60999998,14558896.580000013,False,False,False,False,True,20240812
603898.SH,True,True,45,211317668.46,404068514.07000005,False,False,False,False,True,20240812
300441.SZ,False,True,45,220067497.98000002,341349017.55,False,False,False,False,True,20240812
603899.SH,True,True,45,2674215873.8900003,1790577217.7099998,False,False,False,False,True,20240812
300442.SZ,False,True,45,445422866.4599999,2688226688.23,False,False,False,False,True,20240812
603900.SH,True,True,40,-306074944.62,116627436.03999999,False,False,False,True,True,20240812
300443.SZ,False,True,44,400776227.65999997,-87362240.47999999,False,False,True,False,True,20240812
603901.SH,True,True,45,190032171.39999998,26332295.110000014,False,False,False,False,True,20240812
300444.SZ,False,True,50,45620169.26,-97841814.85,False,False,True,False,True,20240812
603903.SH,True,True,38,239387488.53000003,-117580829.63000001,False,False,True,False,True,20240812
300445.SZ,False,True,51,179601433.86,85691466.56,False,False,False,False,True,20240812
603906.SH,True,True,38,1773224995.4099998,-2920445473.9399996,False,False,True,False,True,20240812
300446.SZ,False,True,45,1223966488.18,-20992721.400000002,False,False,True,False,True,20240812
603908.SH,True,True,40,154138024.04000005,159031432.6,False,False,False,False,True,20240812
300447.SZ,False,True,44,31441800.249999993,129360451.78000003,False,False,False,False,True,20240812
603909.SH,True,True,41,350864660.96999997,313638564.48,False,False,False,False,True,20240812
300448.SZ,False,True,45,124769296.24000001,34022371.77,False,False,False,False,True,20240812
603912.SH,True,True,36,-67684271.32000001,-16248946.229999991,False,False,True,True,True,20240812
300449.SZ,False,True,45,-52427328.8,-15280946.71,False,False,True,True,True,20240812
300450.SZ,False,True,45,-1111915512.47,-887674190.5699999,False,False,True,True,True,20240812
300451.SZ,False,True,45,136719118.56,162665028.05,False,False,False,False,True,20240812
300452.SZ,False,True,44,119473592.30000001,116901621.83,False,False,False,False,True,20240812
300453.SZ,False,True,44,377767332.02000004,413073922.24,False,False,False,False,True,20240812
300454.SZ,False,True,33,257220481.7899999,995533967.48,False,False,False,False,True,20240812
300455.SZ,False,True,44,166002561.93,-163494650.58999997,False,False,True,False,True,20240812
300456.SZ,False,True,44,284377523.02,-95112806.27,False,False,True,False,True,20240812
300457.SZ,False,True,44,157643071.0,995825372.86,False,False,False,False,True,20240812
300458.SZ,False,True,44,190878952.27,100840850.35,False,False,False,False,True,20240812
300459.SZ,False,True,44,313371085.07,567473886.38,False,False,False,False,True,20240812
300460.SZ,False,True,43,,-45198423.46999999,False,False,True,False,False,20240812
300461.SZ,False,True,45,-67618466.82,-73086087.22,False,False,True,True,True,20240812
300462.SZ,False,True,44,-23161738.940000005,102496875.36,False,False,False,True,True,20240812
300463.SZ,False,True,45,704465114.26,830872225.6899998,False,False,False,False,True,20240812
300464.SZ,False,True,45,14075055.930000003,65957518.58000001,False,False,False,False,True,20240812
300465.SZ,False,True,45,100430579.88000001,-114082716.66,False,False,True,False,True,20240812
300466.SZ,False,True,44,-8309164.510000005,-108625778.97,False,False,True,True,True,20240812
300467.SZ,False,True,45,33940.32999999821,103198243.08,False,False,False,False,True,20240812
300468.SZ,False,True,44,94705789.16999999,148471211.42,False,False,False,False,True,20240812
300469.SZ,False,True,44,-48317811.58999999,-53647946.469999984,False,False,True,True,True,20240812
300470.SZ,False,True,45,311123728.44,286903647.28999996,False,False,False,False,True,20240812
300471.SZ,False,True,45,58601306.779999994,104628326.24000001,False,False,False,False,True,20240812
300472.SZ,False,True,44,,-49849041.33,False,False,True,False,False,20240812
300473.SZ,False,True,44,401824250.47,330508939.58,False,False,False,False,True,20240812
300474.SZ,False,True,42,274372229.42,-34003128.56,False,False,True,False,True,20240812
300475.SZ,False,True,45,12569566.830000043,-825658755.4100001,False,False,True,False,True,20240812
300476.SZ,False,True,44,1468191717.1599998,1215403531.1299999,False,False,False,False,True,20240812
300477.SZ,False,True,51,-1799012942.16,-222896724.59,False,False,True,True,True,20240812
300478.SZ,False,True,44,-24805893.560000002,-23295237.26,False,False,True,True,True,20240812
300479.SZ,False,True,45,75419443.56,16948513.71000001,False,False,False,False,True,20240812
300480.SZ,False,True,44,-9542866.159999996,27683677.839999996,False,False,False,True,True,20240812
300481.SZ,False,True,45,444074808.03,303322405.08,False,False,False,False,True,20240812
300482.SZ,False,True,44,623984617.9699999,459282011.29999995,False,False,False,False,True,20240812
300483.SZ,False,True,48,288842854.65999997,585308283.3799999,False,False,False,False,True,20240812
300484.SZ,False,True,42,-24356125.3,143839562.32999998,False,False,False,True,True,20240812
300485.SZ,False,True,44,63650540.2,83080021.08000001,False,False,False,False,True,20240812
300486.SZ,False,True,45,-75333262.55999997,-50171588.110000014,False,False,True,True,True,20240812
300487.SZ,False,True,44,698581267.57,614721458.51,False,False,False,False,True,20240812
300488.SZ,False,True,44,196247675.74,135599303.54,False,False,False,False,True,20240812
300489.SZ,False,True,45,-161321675.97,157428513.51,False,False,False,True,True,20240812
300490.SZ,False,True,44,-21188438.589999974,-11612851.02000004,False,False,True,True,True,20240812
300491.SZ,False,True,43,57030066.89,16805398.96,False,False,False,False,True,20240812
300492.SZ,False,True,44,938829770.29,-11145047.440000001,False,False,True,False,True,20240812
300493.SZ,False,True,43,23554169.96000001,105024586.35999998,False,False,False,False,True,20240812
300494.SZ,False,True,44,1321049.4699999988,431798222.57,False,False,False,False,True,20240812
300496.SZ,False,True,44,629376569.9000001,843175675.37,False,False,False,False,True,20240812
300497.SZ,False,True,44,105541795.76,-194031659.6,False,False,True,False,True,20240812
300498.SZ,False,True,59,10601749046.84,13179303733.28,False,False,False,False,True,20240812
300499.SZ,False,True,43,-9232008.449999996,45011381.06999999,False,False,False,True,True,20240812
300500.SZ,False,True,42,191156460.42000002,230224931.99,False,False,False,False,True,20240812
300501.SZ,False,True,42,88353169.59,112945558.14,False,False,False,False,True,20240812
300502.SZ,False,True,42,472609137.96000004,1113215101.5200002,False,False,False,False,True,20240812
300503.SZ,False,True,44,71327181.43,204125060.64000002,False,False,False,False,True,20240812
300504.SZ,False,True,37,195601693.81,175476890.69000003,False,False,False,False,True,20240812
300505.SZ,False,True,45,197558181.19,21754490.650000006,False,False,False,False,True,20240812
300506.SZ,False,True,42,-3120223.4899999984,53345630.349999994,False,False,False,True,True,20240812
300507.SZ,False,True,44,59855810.66,71391047.7,False,False,False,False,True,20240812
300508.SZ,False,True,42,84529945.66,90401920.03,False,False,False,False,True,20240812
300509.SZ,False,True,42,88815966.83000001,-9647697.600000009,False,False,True,False,True,20240812
300510.SZ,False,True,42,-113440249.0,-56624290.07999998,False,False,True,True,True,20240812
300511.SZ,False,True,42,193762946.98000002,614429438.65,False,False,False,False,True,20240812
300512.SZ,False,True,42,-8473506.030000001,52915962.45999999,False,False,False,True,True,20240812
300513.SZ,False,True,41,71087844.12999997,43324740.50000006,False,False,False,False,True,20240812
300514.SZ,False,True,39,181311728.33999997,230754894.57,False,False,False,False,True,20240812
300515.SZ,False,True,42,178189910.42000002,127269368.72999999,False,False,False,False,True,20240812
300516.SZ,False,True,42,-73632082.25999999,261289706.66000003,False,False,False,True,True,20240812
300517.SZ,False,True,42,101823250.37,-38031508.27,False,False,True,False,True,20240812
300518.SZ,False,True,42,-173286590.12,238186093.41000003,False,False,False,True,True,20240812
300519.SZ,False,True,42,51223442.059999995,85640346.37,False,False,False,False,True,20240812
300520.SZ,False,True,42,-471705480.56999993,60328452.31,False,False,False,True,True,20240812
300521.SZ,False,True,42,-14538305.540000003,17945119.52,False,False,False,True,True,20240812
300522.SZ,False,True,42,130706425.13000001,61456552.730000004,False,False,False,False,True,20240812
300523.SZ,False,True,40,-536397868.80999994,374790836.72,False,False,False,True,True,20240812
300525.SZ,False,True,41,367719001.72999996,206103878.31000003,False,False,False,False,True,20240812
300527.SZ,False,True,41,124634809.99000001,66083889.81,False,False,False,False,True,20240812
300528.SZ,False,True,42,277440531.32000005,139293194.14,False,False,False,False,True,20240812
300529.SZ,False,True,42,1229313360.3200002,871831151.0200001,False,False,False,False,True,20240812
300530.SZ,False,True,41,-30515667.900000002,-97021835.22999996,False,False,True,True,True,20240812
300531.SZ,False,True,41,178318945.28000003,200129068.15,False,False,False,False,True,20240812
300532.SZ,False,True,44,384873944.91,590786739.82,False,False,False,False,True,20240812
300533.SZ,False,True,42,-26783635.180000033,209188122.71999997,False,False,False,True,True,20240812
300534.SZ,False,True,40,278234432.46,-29902692.43,False,False,True,False,True,20240812
300535.SZ,False,True,42,33851673.28,41073851.300000004,False,False,False,False,True,20240812
300536.SZ,False,True,41,-20955190.36,-4594172.319999993,False,False,True,True,True,20240812
300537.SZ,False,True,41,-12866702.579999998,20522697.660000004,False,False,False,True,True,20240812
300538.SZ,False,True,40,66485625.53,96016651.0,False,False,False,False,True,20240812
300539.SZ,False,True,41,87802925.2,56965075.010000005,False,False,False,False,True,20240812
300540.SZ,False,True,40,4702948.850000009,-75735193.96,False,False,True,False,True,20240812
300541.SZ,False,True,40,-157655568.38000003,576005211.3299999,False,False,False,True,True,20240812
300542.SZ,False,True,41,91792278.80000001,20763728.02000001,False,False,False,False,True,20240812
300543.SZ,False,True,41,290306020.08,116963106.96000001,False,False,False,False,True,20240812
300545.SZ,False,True,40,336802692.32,134382561.76000002,False,False,False,False,True,20240812
300546.SZ,False,True,42,-29751639.309999995,201702226.79000002,False,False,False,True,True,20240812
300547.SZ,False,True,41,166407622.6,61091103.96,False,False,False,False,True,20240812
300548.SZ,False,True,41,103849352.23,-38198969.98,False,False,True,False,True,20240812
300549.SZ,False,True,40,69112526.64,45108835.42,False,False,False,False,True,20240812
300550.SZ,False,True,40,46756793.77000001,-10469519.319999993,False,False,True,False,True,20240812
300551.SZ,False,True,40,-45379652.980000004,119863802.24,False,False,False,True,True,20240812
300552.SZ,False,True,41,-212898705.1,-126204833.58999997,False,False,True,True,True,20240812
300553.SZ,False,True,40,-2260937.750000001,30208744.32,False,False,False,True,True,20240812
300554.SZ,False,True,39,-27185354.009999998,-122162289.99000001,False,False,True,True,True,20240812
300555.SZ,False,True,40,-7021340.409999999,-78604445.83,False,False,True,True,True,20240812
300556.SZ,False,True,40,-99040972.7,38072086.25,False,False,False,True,True,20240812
300557.SZ,False,True,40,45540962.01,44552886.64,False,False,False,False,True,20240812
300558.SZ,False,True,40,1075559492.84,539173565.8699999,False,False,False,False,True,20240812
300559.SZ,False,True,40,130148726.23000002,179094875.23,False,False,False,False,True,20240812
300560.SZ,False,True,40,154623061.82999998,68389567.98,False,False,False,False,True,20240812
300561.SZ,False,True,40,31621327.42,38636956.13,False,False,False,False,True,20240812
300562.SZ,False,True,41,123733986.79,82990549.82,False,False,False,False,True,20240812
300563.SZ,False,True,41,90124428.87,45298624.120000005,False,False,False,False,True,20240812
300564.SZ,False,True,31,69945717.07,63268529.53,False,False,False,False,True,20240812
300565.SZ,False,True,41,-131161218.53,-15653715.940000001,False,False,True,True,True,20240812
300566.SZ,False,True,41,378914380.92,-93647060.84,False,False,True,False,True,20240812
300567.SZ,False,True,55,188370689.78,-100073832.99000001,False,False,True,False,True,20240812
300568.SZ,False,True,39,1073745283.3799999,751816258.7199999,False,False,False,False,True,20240812
300569.SZ,False,True,40,-114715839.47000003,-89508911.97000003,False,False,True,True,True,20240812
300570.SZ,False,True,39,106389334.94,150942178.55999997,False,False,False,False,True,20240812
300571.SZ,False,True,41,279163294.74,348488766.42,False,False,False,False,True,20240812
300572.SZ,False,True,40,96692571.37,12822874.069999993,False,False,False,False,True,20240812
300573.SZ,False,True,40,400424098.44000006,255614597.22999996,False,False,False,False,True,20240812
300575.SZ,False,True,44,313417747.15999997,375032298.55,False,False,False,False,True,20240812
300576.SZ,False,True,41,87990426.03,63248405.91000001,False,False,False,False,True,20240812
300577.SZ,False,True,39,204613923.51999998,376038752.2,False,False,False,False,True,20240812
300578.SZ,False,True,40,63437023.730000004,86168498.3,False,False,False,False,True,20240812
300579.SZ,False,True,41,84988730.67999999,-42764764.610000014,False,False,True,False,True,20240812
300580.SZ,False,True,41,499452161.66999996,364316153.47,False,False,False,False,True,20240812
300581.SZ,False,True,41,-60694434.029999994,2300706.150000006,False,False,False,True,True,20240812
300582.SZ,False,True,41,-43059953.530000016,268929836.72,False,False,False,True,True,20240812
300583.SZ,False,True,38,111357880.52000001,-154755080.76,False,False,True,False,True,20240812
300584.SZ,False,True,39,54283935.49000001,35110046.64,False,False,False,False,True,20240812
300585.SZ,False,True,39,29646230.43,-46157068.21,False,False,True,False,True,20240812
300586.SZ,False,True,40,295575098.74999994,513909874.84,False,False,False,False,True,20240812
300587.SZ,False,True,41,-517636520.86999995,-574463314.6400001,False,False,True,True,True,20240812
300588.SZ,False,True,38,-31967344.96,59656376.43,False,False,False,True,True,20240812
300589.SZ,False,True,38,-422235388.56999993,488075373.91999996,False,False,False,True,True,20240812
300590.SZ,False,True,40,301195828.63000005,216656434.90999997,False,False,False,False,True,20240812
300591.SZ,False,True,38,-119692372.76999998,8394656.509999976,False,False,False,True,True,20240812
300592.SZ,False,True,39,-39029581.52999997,514024439.81999993,False,False,False,True,True,20240812
300593.SZ,False,True,44,249268678.55,-410888454.49,False,False,True,False,True,20240812
300594.SZ,False,True,33,-23393185.39,-208794641.71,False,False,True,True,True,20240812
300595.SZ,False,True,39,732143181.6499999,704276367.71,False,False,False,False,True,20240812
300596.SZ,False,True,40,249301464.82000002,425536267.86,False,False,False,False,True,20240812
300597.SZ,False,True,41,-82605129.32,-64504199.910000004,False,False,True,True,True,20240812
300598.SZ,False,True,41,-59258906.48,-14801467.559999995,False,False,True,True,True,20240812
300599.SZ,False,True,39,113820085.35000002,238167823.19,False,False,False,False,True,20240812
300600.SZ,False,True,41,4297435.890000001,55305038.54,False,False,False,False,True,20240812
300601.SZ,False,True,39,751373139.22,777149969.17,False,False,False,False,True,20240812
300602.SZ,False,True,39,373145351.0400001,61254629.41,False,False,False,False,True,20240812
300603.SZ,False,True,39,124967896.75999999,19826750.64,False,False,False,False,True,20240812
300604.SZ,False,True,39,-43781152.47000003,-556884725.52,False,False,True,True,True,20240812
300605.SZ,False,True,39,8007134.819999978,-66517630.08999999,False,False,True,False,True,20240812
300606.SZ,False,True,41,53284498.57999998,148776696.38,False,False,False,False,True,20240812
300607.SZ,False,True,41,332519823.78,36230094.530000016,False,False,False,False,True,20240812
300608.SZ,False,True,39,37757714.989999995,57384237.87,False,False,False,False,True,20240812
300609.SZ,False,True,40,29393910.169999998,18178301.96,False,False,False,False,True,20240812
300610.SZ,False,True,39,127364409.30000001,86066175.21,False,False,False,False,True,20240812
300611.SZ,False,True,40,184907072.12,17941419.429999992,False,False,False,False,True,20240812
300612.SZ,False,True,38,46972886.61000001,-21834914.32,False,False,True,False,True,20240812
300613.SZ,False,True,38,586085881.39,559391345.0699999,False,False,False,False,True,20240812
300614.SZ,False,True,32,46650404.910000004,155373543.86,False,False,False,False,True,20240812
300615.SZ,False,True,41,83661155.30999999,73005077.82,False,False,False,False,True,20240812
300616.SZ,False,True,38,594068217.78,186007498.77,False,False,False,False,True,20240812
300617.SZ,False,True,38,111020678.03999999,37475761.70000001,False,False,False,False,True,20240812
300618.SZ,False,True,38,-205984597.72,1348845626.7,False,False,False,True,True,20240812
300619.SZ,False,True,40,-340066438.15000004,296420476.25,False,False,False,True,True,20240812
300620.SZ,False,True,39,208720261.65,90850851.14,False,False,False,False,True,20240812
300621.SZ,False,True,39,-373543279.61,1336803606.64,False,False,False,True,True,20240812
300622.SZ,False,True,39,245814130.76999998,286071275.0,False,False,False,False,True,20240812
300623.SZ,False,True,40,1053798976.74,393557332.02,False,False,False,False,True,20240812
300624.SZ,False,True,37,166816119.01999998,163378605.8,False,False,False,False,True,20240812
300625.SZ,False,True,39,314005341.86,228002209.26999998,False,False,False,False,True,20240812
300626.SZ,False,True,39,45340820.77,46724415.589999996,False,False,False,False,True,20240812
300627.SZ,False,True,39,400195465.68000007,565544252.42,False,False,False,False,True,20240812
300628.SZ,False,True,39,2251236436.12,2046870249.96,False,False,False,False,True,20240812
300629.SZ,False,True,51,-15750750.079999998,-112506782.31,False,False,True,True,True,20240812
300631.SZ,False,True,39,149521612.71,-105227701.57000001,False,False,True,False,True,20240812
300632.SZ,False,True,42,94696203.97999999,36164068.72999999,False,False,False,False,True,20240812
300633.SZ,False,True,39,353717256.87,474148899.01,False,False,False,False,True,20240812
300634.SZ,False,True,35,152608928.64,234751784.0,False,False,False,False,True,20240812
300635.SZ,False,True,39,-11099837.580000006,8793529.480000002,False,False,False,True,True,20240812
300636.SZ,False,True,39,123669294.79,210581865.33,False,False,False,False,True,20240812
300637.SZ,False,True,39,-10926022.98,30361189.169999987,False,False,False,True,True,20240812
300638.SZ,False,True,38,856958723.8900001,342463694.74,False,False,False,False,True,20240812
300639.SZ,False,True,38,214287467.89999998,1011617712.34,False,False,False,False,True,20240812
300640.SZ,False,True,37,-6249098.979999997,124556200.36999999,False,False,False,True,True,20240812
300641.SZ,False,True,39,98985469.88999999,96533857.6,False,False,False,False,True,20240812
300642.SZ,False,True,39,125662730.11,135876265.66000003,False,False,False,False,True,20240812
300643.SZ,False,True,39,181288099.45000002,127671870.06,False,False,False,False,True,20240812
300644.SZ,False,True,33,137686698.6,-16117408.629999999,False,False,True,False,True,20240812
300645.SZ,False,True,38,91696609.82999998,154747102.54000002,False,False,False,False,True,20240812
300647.SZ,False,True,38,-103216127.73,-137735869.34,False,False,True,True,True,20240812
300648.SZ,False,True,39,133470391.67000002,-247567380.81,False,False,True,False,True,20240812
300649.SZ,False,True,39,16343829.180000003,-31032969.590000004,False,False,True,False,True,20240812
300650.SZ,False,True,39,655820907.31,403349111.18999994,False,False,False,False,True,20240812
300651.SZ,False,True,39,147026240.78,118525629.3,False,False,False,False,True,20240812
300652.SZ,False,True,39,36594657.330000006,121895956.26,False,False,False,False,True,20240812
300653.SZ,False,True,39,173543357.51000002,167861668.63,False,False,False,False,True,20240812
300654.SZ,False,True,38,34595061.29,3544257.1500000022,False,False,False,False,True,20240812
300655.SZ,False,True,38,236792622.74,252303208.72,False,False,False,False,True,20240812
300656.SZ,False,True,37,80682748.78999999,70721170.38000001,False,False,False,False,True,20240812
300657.SZ,False,True,40,20935509.72,-111311057.93,False,False,True,False,True,20240812
300658.SZ,False,True,39,233020050.53999996,206710837.79,False,False,False,False,True,20240812
300659.SZ,False,True,38,-65606168.099999994,-191277516.78000003,False,False,True,True,True,20240812
300660.SZ,False,True,39,580153891.0799999,361557912.51,False,False,False,False,True,20240812
300661.SZ,False,True,38,525101618.73,223252270.11,False,False,False,False,True,20240812
300662.SZ,False,True,39,159233059.55,443524760.14,False,False,False,False,True,20240812
300663.SZ,False,True,39,126235316.33000001,-142107436.19999996,False,False,True,False,True,20240812
300664.SZ,False,True,43,138543774.44,348413481.32,False,False,False,False,True,20240812
300665.SZ,False,True,39,-10864828.079999994,-60222779.59,False,False,True,True,True,20240812
300666.SZ,False,True,39,8311410.929999992,170535317.89,False,False,False,False,True,20240812
300667.SZ,False,True,39,104849928.13000001,116424552.89,False,False,False,False,True,20240812
300668.SZ,False,True,37,-18085797.070000004,4303295.440000001,False,False,False,True,True,20240812
300669.SZ,False,True,37,93987919.46000001,77031683.82000001,False,False,False,False,True,20240812
300670.SZ,False,True,39,9959654.420000002,90439486.71000001,False,False,False,False,True,20240812
300671.SZ,False,True,37,128920094.35,-20017861.39999999,False,False,True,False,True,20240812
300672.SZ,False,True,37,990228916.0699999,-622440189.0999999,False,False,True,False,True,20240812
300673.SZ,False,True,40,256663544.42999998,266895084.28,False,False,False,False,True,20240812
300674.SZ,False,True,34,576000716.7,589599736.28,False,False,False,False,True,20240812
300675.SZ,False,True,38,-16830505.54,19691714.180000007,False,False,False,True,True,20240812
300676.SZ,False,True,39,320178697.08,369773681.78,False,False,False,False,True,20240812
300677.SZ,False,True,36,723492325.0,351575063.0,False,False,False,False,True,20240812
300678.SZ,False,True,40,35411167.90999999,115077723.25,False,False,False,False,True,20240812
300679.SZ,False,True,36,489098347.4699999,472336412.47,False,False,False,False,True,20240812
300680.SZ,False,True,39,121866821.82,-45637644.91,False,False,True,False,True,20240812
300681.SZ,False,True,37,549419313.9699999,169447954.87,False,False,False,False,True,20240812
300682.SZ,False,True,40,714292562.07,484155397.17999995,False,False,False,False,True,20240812
300683.SZ,False,True,36,66705956.36,50345591.870000005,False,False,False,False,True,20240812
300684.SZ,False,True,37,113644246.92999999,379095404.14,False,False,False,False,True,20240812
300685.SZ,False,True,38,294885220.46000004,221549993.90999997,False,False,False,False,True,20240812
300686.SZ,False,True,40,13226852.75,9234869.210000008,False,False,False,False,True,20240812
300687.SZ,False,True,37,100561732.83,142703406.13,False,False,False,False,True,20240812
300688.SZ,False,True,37,-13947171.54,-2259086.8599999994,False,False,True,True,True,20240812
300689.SZ,False,True,36,45662057.79,104511376.1,False,False,False,False,True,20240812
300690.SZ,False,True,38,100531573.57999998,127240962.30000001,False,False,False,False,True,20240812
300691.SZ,False,True,35,131854718.06,181854294.87,False,False,False,False,True,20240812
300692.SZ,False,True,36,104239527.32999998,105598104.25,False,False,False,False,True,20240812
300693.SZ,False,True,39,246865163.7,289619018.14,False,False,False,False,True,20240812
300694.SZ,False,True,31,111329662.21000001,176105408.32,False,False,False,False,True,20240812
300695.SZ,False,True,38,106093208.90999998,142182578.67000002,False,False,False,False,True,20240812
300696.SZ,False,True,36,240616491.97000003,286041082.52,False,False,False,False,True,20240812
300697.SZ,False,True,35,99237866.49,284902419.89,False,False,False,False,True,20240812
300698.SZ,False,True,37,-32409176.97,-23032246.57,False,False,True,True,True,20240812
300699.SZ,False,True,37,543748506.46,764095622.3299999,False,False,False,False,True,20240812
300700.SZ,False,True,37,163861906.57000002,54559463.620000005,False,False,False,False,True,20240812
300701.SZ,False,True,37,69431994.77999999,48580774.6,False,False,False,False,True,20240812
300702.SZ,False,True,36,308614273.44000006,-204732412.04000002,False,False,True,False,True,20240812
300703.SZ,False,True,37,67318701.64,252970949.18,False,False,False,False,True,20240812
300705.SZ,False,True,39,651725473.5600001,427262264.96000004,False,False,False,False,True,20240812
300706.SZ,False,True,35,50063630.33,-20146146.140000004,False,False,True,False,True,20240812
300707.SZ,False,True,36,119195524.35,98392461.82,False,False,False,False,True,20240812
300708.SZ,False,True,37,276745319.7,134197511.68,False,False,False,False,True,20240812
300709.SZ,False,True,34,,282225401.46999997,False,False,False,False,False,20240812
300710.SZ,False,True,37,65865089.68,-22996435.990000002,False,False,True,False,True,20240812
300711.SZ,False,True,36,56501610.36,41488526.489999995,False,False,False,False,True,20240812
300712.SZ,False,True,35,-291964035.16,-32688695.589999996,False,False,True,True,True,20240812
300713.SZ,False,True,35,11045096.52,-29145630.85,False,False,True,False,True,20240812
300715.SZ,False,True,39,-37106147.02999999,297546494.5,False,False,False,True,True,20240812
300716.SZ,False,True,36,74947358.47,4112414.549999997,False,False,False,False,True,20240812
300717.SZ,False,True,35,81282763.61,67073434.660000004,False,False,False,False,True,20240812
300718.SZ,False,True,36,290045401.66,285713206.68,False,False,False,False,True,20240812
300719.SZ,False,True,36,-58352528.900000006,21977218.180000007,False,False,False,True,True,20240812
300720.SZ,False,True,35,34856728.379999995,35205319.07,False,False,False,False,True,20240812
300721.SZ,False,True,40,161431777.49,12273452.640000015,False,False,False,False,True,20240812
300722.SZ,False,True,35,72153788.71,74863486.44000001,False,False,False,False,True,20240812
300723.SZ,False,True,35,437574519.52000004,510771262.76000005,False,False,False,False,True,20240812
300724.SZ,False,True,37,1596469151.8499997,2673123515.7799997,False,False,False,False,True,20240812
300725.SZ,False,True,37,270278457.82000005,319699455.25000006,False,False,False,False,True,20240812
300726.SZ,False,True,36,788935856.6700001,529921682.66,False,False,False,False,True,20240812
300727.SZ,False,True,36,79991023.53,48889380.699999996,False,False,False,False,True,20240812
300729.SZ,False,True,39,629392332.3,698447087.6800001,False,False,False,False,True,20240812
300730.SZ,False,True,35,-83360743.43000004,-145698745.03,False,False,True,True,True,20240812
300731.SZ,False,True,36,14258841.21,110928011.08999999,False,False,False,False,True,20240812
300732.SZ,False,True,36,-57418590.859999985,-122035580.42999998,False,False,True,True,True,20240812
300733.SZ,False,True,35,220183103.98,2076686.6999999993,False,False,False,False,True,20240812
300735.SZ,False,True,35,1517845542.8000002,1160495987.37,False,False,False,False,True,20240812
300736.SZ,False,True,41,10202618.310000002,16503168.379999999,False,False,False,False,True,20240812
300737.SZ,False,True,38,-484736797.9000001,159584194.02999997,False,False,False,True,True,20240812
300738.SZ,False,True,37,596608436.1600001,474123249.37,False,False,False,False,True,20240812
300739.SZ,False,True,34,248546593.64000002,459230027.32000005,False,False,False,False,True,20240812
300740.SZ,False,True,33,118100733.21000001,170428406.16,False,False,False,False,True,20240812
300741.SZ,False,True,33,506436433.0,744035017.0,False,False,False,False,True,20240812
300743.SZ,False,True,34,118618404.63999999,111190405.1,False,False,False,False,True,20240812
300745.SZ,False,True,32,-227629042.18,-129169656.68,False,False,True,True,True,20240812
300746.SZ,False,True,38,34595310.35000001,42629970.12,False,False,False,False,True,20240812
300747.SZ,False,True,32,474978399.71999997,274045784.1,False,False,False,False,True,20240812
300748.SZ,False,True,37,1069362419.1899999,1663175502.82,False,False,False,False,True,20240812
300749.SZ,False,True,35,-1092724.1599999964,272625854.73,False,False,False,True,True,20240812
300750.SZ,False,True,33,100464709200.0,79596870100.0,False,False,False,False,True,20240812
300751.SZ,False,True,31,383037691.18,945533735.8499999,False,False,False,False,True,20240812
300752.SZ,False,True,31,302540454.86,-93695999.86000001,False,False,True,False,True,20240812
300753.SZ,False,True,31,28294826.539999995,-21713518.940000005,False,False,True,False,True,20240812
300755.SZ,False,True,34,-198966124.01999998,-151804038.37000003,False,False,True,True,True,20240812
300756.SZ,False,True,35,157874544.94,15610179.959999993,False,False,False,False,True,20240812
300757.SZ,False,True,31,-299702306.64000005,291923366.92999995,False,False,False,True,True,20240812
300758.SZ,False,True,34,86242998.97999999,55637368.140000015,False,False,False,False,True,20240812
300759.SZ,False,True,31,2573069260.91,2564233986.1400003,False,False,False,False,True,20240812
300760.SZ,False,True,31,15074691103.0,12547389426.0,False,False,False,False,True,20240812
300761.SZ,False,True,34,2053117842.91,1921723550.7499998,False,False,False,False,True,20240812
300762.SZ,False,True,31,-317140144.65,-12125094.969999999,False,False,True,True,True,20240812
300763.SZ,False,True,34,1080992535.9099998,558567735.54,False,False,False,False,True,20240812
300765.SZ,False,True,31,-360568201.02,775776023.74,False,False,False,True,True,20240812
300766.SZ,False,True,31,-65848140.38,59174621.46000001,False,False,False,True,True,20240812
300767.SZ,False,True,34,279034330.89,-206650238.94,False,False,True,False,True,20240812
300768.SZ,False,True,30,247309137.80999997,218728547.05,False,False,False,False,True,20240812
300769.SZ,False,True,34,5393534078.47,-3146839681.3000007,False,False,True,False,True,20240812
300770.SZ,False,True,31,775334360.38,670990612.6500001,False,False,False,False,True,20240812
300771.SZ,False,True,31,45519063.440000005,111250311.39999998,False,False,False,False,True,20240812
300772.SZ,False,True,31,1754925360.94,460926279.52,False,False,False,False,True,20240812
300773.SZ,False,True,32,728982961.76,-602844446.9,False,False,True,False,True,20240812
300774.SZ,False,True,28,100155364.67,99380793.28,False,False,False,False,True,20240812
300775.SZ,False,True,34,-391200925.53,554707566.32,False,False,False,True,True,20240812
300776.SZ,False,True,34,185302292.63,846840120.92,False,False,False,False,True,20240812
300777.SZ,False,True,33,332380652.2400001,716109707.46,False,False,False,False,True,20240812
300778.SZ,False,True,31,30202813.390000004,28172571.939999998,False,False,False,False,True,20240812
300779.SZ,False,True,31,250659461.01999998,35679931.88,False,False,False,False,True,20240812
300780.SZ,False,True,34,43043341.33999999,103462681.97999999,False,False,False,False,True,20240812
300781.SZ,False,True,33,16286276.969999999,81003574.05999999,False,False,False,False,True,20240812
300782.SZ,False,True,31,636437896.3000001,1322654666.3200002,False,False,False,False,True,20240812
300783.SZ,False,True,31,63102371.32000005,88275855.18,False,False,False,False,True,20240812
300785.SZ,False,True,30,49570394.17,175190701.01,False,False,False,False,True,20240812
300786.SZ,False,True,37,-26515862.91,20808014.17,False,False,False,True,True,20240812
300787.SZ,False,True,33,272211991.82,690856327.5500001,False,False,False,False,True,20240812
300788.SZ,False,True,33,136269369.23,244474665.33999997,False,False,False,False,True,20240812
300789.SZ,False,True,29,107352012.72,-12112113.170000002,False,False,True,False,True,20240812
300790.SZ,False,True,28,436659308.99,357364853.84000003,False,False,False,False,True,20240812
300791.SZ,False,True,32,360773143.74999994,370124687.79999995,False,False,False,False,True,20240812
300792.SZ,False,True,31,237538924.11999997,11166231.229999997,False,False,False,False,True,20240812
300793.SZ,False,True,28,351752798.78,350801833.54,False,False,False,False,True,20240812
300795.SZ,False,True,37,160276644.87,255983629.26,False,False,False,False,True,20240812
300796.SZ,False,True,32,-40380986.16,291014292.67,False,False,False,True,True,20240812
300797.SZ,False,True,28,86208358.08000001,72607714.43,False,False,False,False,True,20240812
300798.SZ,False,True,29,51665821.889999986,-162310904.0,False,False,True,False,True,20240812
300800.SZ,False,True,32,8399894.760000005,89646580.07,False,False,False,False,True,20240812
300801.SZ,False,True,33,448468269.72,301803797.51,False,False,False,False,True,20240812
300802.SZ,False,True,28,140326889.16000003,17120499.270000003,False,False,False,False,True,20240812
300803.SZ,False,True,42,1601413136.0,843301260.0,False,False,False,False,True,20240812
300805.SZ,False,True,27,62875940.550000004,76130398.94,False,False,False,False,True,20240812
300806.SZ,False,True,32,300910463.65,-78364562.19,False,False,True,False,True,20240812
300807.SZ,False,True,39,-21564183.32,52159093.12,False,False,False,True,True,20240812
300808.SZ,False,True,26,95321780.67000002,93879888.54,False,False,False,False,True,20240812
300809.SZ,False,True,28,88905358.81,-6364520.93,False,False,True,False,True,20240812
300810.SZ,False,True,30,-41854765.45999999,-88746569.20999998,False,False,True,True,True,20240812
300811.SZ,False,True,29,256235755.64999998,91687728.39,False,False,False,False,True,20240812
300812.SZ,False,True,27,-83201564.79,-106403933.03,False,False,True,True,True,20240812
300813.SZ,False,True,35,-15164242.269999996,72054327.54,False,False,False,True,True,20240812
300814.SZ,False,True,21,101834837.46000001,59008319.010000005,False,False,False,False,True,20240812
300815.SZ,False,True,31,287419521.67999995,414068608.96,False,False,False,False,True,20240812
300816.SZ,False,True,28,-50781507.36,-67773769.9,False,False,True,True,True,20240812
300817.SZ,False,True,31,75937573.11999999,135300559.75,False,False,False,False,True,20240812
300818.SZ,False,True,31,112607656.01000002,252072272.28999996,False,False,False,False,True,20240812
300819.SZ,False,True,28,23283359.96000001,84245063.93999998,False,False,False,False,True,20240812
300820.SZ,False,True,30,442063419.29999995,-83219596.11,False,False,True,False,True,20240812
300821.SZ,False,True,27,120426320.93,-391864786.49,False,False,True,False,True,20240812
300822.SZ,False,True,25,208786966.54000002,161024049.97,False,False,False,False,True,20240812
300823.SZ,False,True,34,19737564.29,114876817.83999997,False,False,False,False,True,20240812
300824.SZ,False,True,36,100896450.55,167868690.14999998,False,False,False,False,True,20240812
300825.SZ,False,True,33,129885660.10999998,102886857.91999999,False,False,False,False,True,20240812
300826.SZ,False,True,27,91496356.3,18166384.72,False,False,False,False,True,20240812
300827.SZ,False,True,31,-599447434.0799999,321637247.62,False,False,False,True,True,20240812
300828.SZ,False,True,39,128990044.66000001,153835021.51000002,False,False,False,False,True,20240812
300829.SZ,False,True,37,69942929.57000002,260035007.19000003,False,False,False,False,True,20240812
300830.SZ,False,True,32,5074558.480000004,-51037005.24000001,False,False,True,False,True,20240812
300831.SZ,False,True,27,-19497368.89,26987058.75,False,False,False,True,True,20240812
300832.SZ,False,True,34,1510211426.21,1051243600.42,False,False,False,False,True,20240812
300833.SZ,False,True,27,298584275.61999995,504829458.5700001,False,False,False,False,True,20240812
300834.SZ,False,True,20,97436391.55,105491144.78999999,False,False,False,False,True,20240812
300835.SZ,False,True,37,90863667.5,-43765759.07,False,False,True,False,True,20240812
300836.SZ,False,True,31,105181011.13999999,-21544307.180000003,False,False,True,False,True,20240812
300837.SZ,False,True,29,-17884802.58,11062889.479999997,False,False,False,True,True,20240812
300838.SZ,False,True,36,25466795.349999994,7292368.589999996,False,False,False,False,True,20240812
300839.SZ,False,True,36,328642574.46000004,125019127.49000001,False,False,False,False,True,20240812
300840.SZ,False,True,26,163448479.07,148231101.29000002,False,False,False,False,True,20240812
300841.SZ,False,True,27,628009201.13,383746470.61,False,False,False,False,True,20240812
300842.SZ,False,True,27,80302230.10000002,-939505818.31,False,False,True,False,True,20240812
300843.SZ,False,True,27,179734672.57,182419865.76,False,False,False,False,True,20240812
300844.SZ,False,True,20,-15061031.07,-4121302.829999998,False,False,True,True,True,20240812
300845.SZ,False,True,38,142006228.66,14247245.070000008,False,False,False,False,True,20240812
300846.SZ,False,True,46,168906472.76,197410035.07999998,False,False,False,False,True,20240812
300847.SZ,False,True,30,158870153.31,128620243.32,False,False,False,False,True,20240812
300848.SZ,False,True,32,-78651441.46,41478994.529999994,False,False,False,True,True,20240812
300849.SZ,False,True,27,20021211.869999997,27198233.89,False,False,False,False,True,20240812
300850.SZ,False,True,25,533830365.12,-481331328.11,False,False,True,False,True,20240812
300851.SZ,False,True,30,35699433.8,-15175173.64,False,False,True,False,True,20240812
300852.SZ,False,True,25,263320800.74000004,294674969.97999996,False,False,False,False,True,20240812
300853.SZ,False,True,31,79389306.31,-15630464.269999996,False,False,True,False,True,20240812
300854.SZ,False,True,27,44309171.39,18348178.439999998,False,False,False,False,True,20240812
300855.SZ,False,True,31,397506463.75,118646348.11999999,False,False,False,False,True,20240812
300856.SZ,False,True,27,971574177.0999999,557402580.3900001,False,False,False,False,True,20240812
300857.SZ,False,True,25,-501679242.9,219722274.27999997,False,False,False,True,True,20240812
300858.SZ,False,True,27,111811840.43,113060456.22,False,False,False,False,True,20240812
300859.SZ,False,True,35,141677044.98000002,79197251.86,False,False,False,False,True,20240812
300860.SZ,False,True,30,-34307288.49,67848362.07,False,False,False,True,True,20240812
300861.SZ,False,True,27,1062469477.5,25225965.24000001,False,False,False,False,True,20240812
300862.SZ,False,True,24,23402210.760000005,19281949.75999999,False,False,False,False,True,20240812
300863.SZ,False,True,24,141239606.12,18788040.43,False,False,False,False,True,20240812
300864.SZ,False,True,24,194497835.45000002,121874114.38,False,False,False,False,True,20240812
300865.SZ,False,True,27,104019814.89,45313455.99,False,False,False,False,True,20240812
300866.SZ,False,True,30,1661175520.6999998,1947250144.4099998,False,False,False,False,True,20240812
300867.SZ,False,True,27,397220443.62,732009202.47,False,False,False,False,True,20240812
300868.SZ,False,True,29,9176530.480000004,-119689292.66999999,False,False,True,False,True,20240812
300869.SZ,False,True,34,37973666.22999999,223754406.71,False,False,False,False,True,20240812
300870.SZ,False,True,24,273068341.65000004,399078312.37,False,False,False,False,True,20240812
300871.SZ,False,True,24,55888704.14999999,76887210.39,False,False,False,False,True,20240812
300872.SZ,False,True,29,250902782.95,114919589.56999993,False,False,False,False,True,20240812
300873.SZ,False,True,24,590564473.0400001,304440792.3399999,False,False,False,False,True,20240812
300875.SZ,False,True,32,36822488.74999999,-148673218.2,False,False,True,False,True,20240812
300876.SZ,False,True,23,11668373.200000003,10290868.84,False,False,False,False,True,20240812
300877.SZ,False,True,29,47601126.339999996,34395312.68000001,False,False,False,False,True,20240812
300878.SZ,False,True,27,-9524017.810000002,166414722.5,False,False,False,True,True,20240812
300879.SZ,False,True,24,331648386.90999997,-54059330.97000003,False,False,True,False,True,20240812
300880.SZ,False,True,24,180895768.96999997,215863972.66000003,False,False,False,False,True,20240812
300881.SZ,False,True,41,-184963239.26000002,-43790931.06,False,False,True,True,True,20240812
300882.SZ,False,True,24,464268127.91999996,220887311.57,False,False,False,False,True,20240812
300883.SZ,False,True,32,75913635.02000001,13806819.640000015,False,False,False,False,True,20240812
300884.SZ,False,True,24,75862964.91999999,194232724.98000002,False,False,False,False,True,20240812
300885.SZ,False,True,24,62541330.17999999,44522566.8,False,False,False,False,True,20240812
300886.SZ,False,True,24,37767405.66,29361652.949999996,False,False,False,False,True,20240812
300887.SZ,False,True,27,94656439.05000004,810956914.1099999,False,False,False,False,True,20240812
300888.SZ,False,True,27,1098481036.1,2340500043.7799997,False,False,False,False,True,20240812
300889.SZ,False,True,25,50866377.45,-170669586.32,False,False,True,False,True,20240812
300890.SZ,False,True,28,570154079.1800001,-273393529.18999994,False,False,True,False,True,20240812
300891.SZ,False,True,29,9013009.700000018,22982718.5,False,False,False,False,True,20240812
300892.SZ,False,True,26,-5627208.0299999975,13061391.050000012,False,False,False,True,True,20240812
300893.SZ,False,True,24,190908489.13,85069157.94,False,False,False,False,True,20240812
300894.SZ,False,True,26,129559266.25,541542670.63,False,False,False,False,True,20240812
300895.SZ,False,True,35,25572233.049999993,-13953515.04,False,False,True,False,True,20240812
300896.SZ,False,True,26,2127576482.69,1609331826.8899999,False,False,False,False,True,20240812
300897.SZ,False,True,26,22233977.22,92097721.47,False,False,False,False,True,20240812
300898.SZ,False,True,38,226041453.74,104569455.15,False,False,False,False,True,20240812
300899.SZ,False,True,30,29788299.72,25360669.87,False,False,False,False,True,20240812
300900.SZ,False,True,27,-30571483.26000001,152412676.01,False,False,False,True,True,20240812
300901.SZ,False,True,24,-18167601.199999996,24420657.529999994,False,False,False,True,True,20240812
300902.SZ,False,True,31,119289067.88,-111419716.63,False,False,True,False,True,20240812
300903.SZ,False,True,23,183851403.92000002,-149408870.90000004,False,False,True,False,True,20240812
300904.SZ,False,True,27,27358309.36,23789755.82,False,False,False,False,True,20240812
300905.SZ,False,True,23,76016074.63,17498999.380000003,False,False,False,False,True,20240812
300906.SZ,False,True,30,62298580.06,47854847.55,False,False,False,False,True,20240812
300907.SZ,False,True,22,173425877.17000002,97529252.44,False,False,False,False,True,20240812
300908.SZ,False,True,28,243346512.64000002,197416854.49,False,False,False,False,True,20240812
300909.SZ,False,True,31,282886104.05,143685024.56,False,False,False,False,True,20240812
300910.SZ,False,True,23,514291156.5300001,795876841.31,False,False,False,False,True,20240812
300911.SZ,False,True,24,45994505.91999999,218926274.88,False,False,False,False,True,20240812
300912.SZ,False,True,27,54266555.339999996,-91553455.38999999,False,False,True,False,True,20240812
300913.SZ,False,True,24,20035331.67,243464815.26000002,False,False,False,False,True,20240812
300915.SZ,False,True,26,105612043.32,87542854.99,False,False,False,False,True,20240812
300916.SZ,False,True,24,189190483.32999998,21938602.870000005,False,False,False,False,True,20240812
300917.SZ,False,True,23,136771718.36,119829942.11999999,False,False,False,False,True,20240812
300918.SZ,False,True,23,266520028.20000002,242566499.52999997,False,False,False,False,True,20240812
300919.SZ,False,True,22,4772253060.46,-117268372.77000046,False,False,True,False,True,20240812
300920.SZ,False,True,30,9207466.510000002,55275132.330000006,False,False,False,False,True,20240812
300921.SZ,False,True,23,11794063.930000003,95167236.68,False,False,False,False,True,20240812
300922.SZ,False,True,38,99928951.27000001,26506065.03000001,False,False,False,False,True,20240812
300923.SZ,False,True,23,-52822292.739999995,-72989028.96000001,False,False,True,True,True,20240812
300925.SZ,False,True,31,78492828.94000001,79718855.37999997,False,False,False,False,True,20240812
300926.SZ,False,True,24,43369178.589999974,107613432.55000001,False,False,False,False,True,20240812
300927.SZ,False,True,22,62239308.41,83637321.31,False,False,False,False,True,20240812
300928.SZ,False,True,26,180036112.31,-105129981.53,False,False,True,False,True,20240812
300929.SZ,False,True,27,20438550.68,44960328.97,False,False,False,False,True,20240812
300930.SZ,False,True,23,-82557474.36999999,1769288.2800000012,False,False,False,True,True,20240812
300931.SZ,False,True,29,56634594.75999999,203756542.72000003,False,False,False,False,True,20240812
300932.SZ,False,True,23,199966238.56000003,203848429.45,False,False,False,False,True,20240812
300933.SZ,False,True,23,-221955376.04,89848876.30000001,False,False,False,True,True,20240812
300935.SZ,False,True,32,-36454113.26,-37627694.76,False,False,True,True,True,20240812
300936.SZ,False,True,27,58267493.55,83113542.00999999,False,False,False,False,True,20240812
300937.SZ,False,True,23,-24215007.689999998,48565314.460000016,False,False,False,True,True,20240812
300938.SZ,False,True,31,209366344.45999998,207131487.95999998,False,False,False,False,True,20240812
300939.SZ,False,True,24,124482698.94999997,96419243.07999998,False,False,False,False,True,20240812
300940.SZ,False,True,23,-7673980.730000001,4301626.24000001,False,False,False,True,True,20240812
300941.SZ,False,True,37,13979876.069999993,78669007.21000001,False,False,False,False,True,20240812
300942.SZ,False,True,24,49432737.15,64312761.95,False,False,False,False,True,20240812
300943.SZ,False,True,41,116253682.41,6483873.410000002,False,False,False,False,True,20240812
300945.SZ,False,True,27,41138458.10999999,19474219.010000005,False,False,False,False,True,20240812
300946.SZ,False,True,22,56071877.18,26639224.85,False,False,False,False,True,20240812
300947.SZ,False,True,23,827225510.27,605298110.95,False,False,False,False,True,20240812
300948.SZ,False,True,29,-42882873.75000001,-53570052.18,False,False,True,True,True,20240812
300949.SZ,False,True,25,-75200787.97000001,-80172664.91,False,False,True,True,True,20240812
300950.SZ,False,True,29,60944937.44999999,82182197.33000001,False,False,False,False,True,20240812
300951.SZ,False,True,21,476588758.2900001,149843245.88,False,False,False,False,True,20240812
300952.SZ,False,True,23,19323032.00999999,205450573.88,False,False,False,False,True,20240812
300953.SZ,False,True,28,-509393501.92999995,-1176166395.36,False,False,True,True,True,20240812
300955.SZ,False,True,21,86982030.86,231287740.43,False,False,False,False,True,20240812
300956.SZ,False,True,21,111631736.65,274011983.14,False,False,False,False,True,20240812
300957.SZ,False,True,21,466656713.53000003,843367312.22,False,False,False,False,True,20240812
300958.SZ,False,True,27,-216592149.11,106935807.37,False,False,False,True,True,20240812
300959.SZ,False,True,21,6315561.189999995,75903235.40000002,False,False,False,False,True,20240812
300960.SZ,False,True,30,107969814.21,23107824.390000004,False,False,False,False,True,20240812
300961.SZ,False,True,23,76600362.72999999,-20625877.060000002,False,False,True,False,True,20240812
300962.SZ,False,True,27,186508577.49,187446085.01999998,False,False,False,False,True,20240812
300963.SZ,False,True,27,-54595476.83,-48583353.230000004,False,False,True,True,True,20240812
300964.SZ,False,True,26,48124488.250000015,86433807.30000001,False,False,False,False,True,20240812
300965.SZ,False,True,23,-32258428.700000003,-22532201.750000004,False,False,True,True,True,20240812
300966.SZ,False,True,21,141663351.09,-50089599.989999995,False,False,True,False,True,20240812
300967.SZ,False,True,39,44492883.50999999,116104293.98,False,False,False,False,True,20240812
300968.SZ,False,True,28,155453005.87000003,358195848.14,False,False,False,False,True,20240812
300969.SZ,False,True,21,246095724.89,204481443.67000002,False,False,False,False,True,20240812
300970.SZ,False,True,30,67793857.03999999,304455594.66999996,False,False,False,False,True,20240812
300971.SZ,False,True,31,2668078.4299999997,17051184.689999998,False,False,False,False,True,20240812
300972.SZ,False,True,34,1589535814.74,30062573.93,False,False,False,False,True,20240812
300973.SZ,False,True,21,490507611.29999995,181320934.14000002,False,False,False,False,True,20240812
300975.SZ,False,True,27,157078057.91,-79374339.04999998,False,False,True,False,True,20240812
300976.SZ,False,True,26,145132335.41000003,94732695.78999998,False,False,False,False,True,20240812
300977.SZ,False,True,23,20887622.179999992,38662343.550000004,False,False,False,False,True,20240812
300978.SZ,False,True,23,224318607.98999998,341919061.3,False,False,False,False,True,20240812
300979.SZ,False,True,21,4029098108.87,3788121784.1500006,False,False,False,False,True,20240812
300980.SZ,False,True,30,38127908.0,56298609.529999994,False,False,False,False,True,20240812
300981.SZ,False,True,30,-81975221.61,-10050018.659999996,False,False,True,True,True,20240812
300982.SZ,False,True,22,253771345.13,-67135562.07,False,False,True,False,True,20240812
300983.SZ,False,True,30,84548642.33,181352610.6,False,False,False,False,True,20240812
300984.SZ,False,True,21,7736552.61999999,157442484.93,False,False,False,False,True,20240812
300985.SZ,False,True,21,-118773035.20000002,-308855982.40999997,False,False,True,True,True,20240812
300986.SZ,False,True,28,-491788916.84000003,-294560981.84999996,False,False,True,True,True,20240812
300987.SZ,False,True,29,34550166.349999994,43311402.53,False,False,False,False,True,20240812
300988.SZ,False,True,42,19330508.609999996,56326540.480000004,False,False,False,False,True,20240812
300989.SZ,False,True,28,-38408551.239999995,-1829273.9400000125,False,False,True,True,True,20240812
300990.SZ,False,True,21,86967596.7,10052641.98,False,False,False,False,True,20240812
300991.SZ,False,True,28,75758018.32000001,26588098.57,False,False,False,False,True,20240812
300992.SZ,False,True,21,50774258.18000002,98478049.22999999,False,False,False,False,True,20240812
300993.SZ,False,True,21,222127800.63,171759387.52,False,False,False,False,True,20240812
300994.SZ,False,True,21,140329803.64000002,103239805.53,False,False,False,False,True,20240812
300995.SZ,False,True,21,-28095957.71,-20272880.42,False,False,True,True,True,20240812
300996.SZ,False,True,26,37253522.07999998,4826938.970000029,False,False,False,False,True,20240812
300997.SZ,False,True,21,163340820.67,395934486.95,False,False,False,False,True,20240812
300998.SZ,False,True,22,-32955027.14,-85520776.35,False,False,True,True,True,20240812
300999.SZ,False,True,25,5824393000.0,8515878000.0,False,False,False,False,True,20240812
301000.SZ,False,True,21,62551296.61,34777316.120000005,False,False,False,False,True,20240812
301001.SZ,False,True,28,76671446.92999998,86148643.53,False,False,False,False,True,20240812
301002.SZ,False,True,26,76951104.41000001,220110855.75,False,False,False,False,True,20240812
301003.SZ,False,True,21,76901154.80000001,161563343.85000002,False,False,False,False,True,20240812
301004.SZ,False,True,21,633114443.05,286498089.77,False,False,False,False,True,20240812
301005.SZ,False,True,21,-9090756.530000001,32746720.550000004,False,False,False,True,True,20240812
301006.SZ,False,True,22,40776795.06999999,32904966.500000007,False,False,False,False,True,20240812
301007.SZ,False,True,29,80670336.34,97322761.14,False,False,False,False,True,20240812
301008.SZ,False,True,21,59827989.949999996,58106061.81999999,False,False,False,False,True,20240812
301009.SZ,False,True,21,144198732.01999998,65800797.46999999,False,False,False,False,True,20240812
301010.SZ,False,True,22,37452313.30999999,-48738905.11999999,False,False,True,False,True,20240812
301011.SZ,False,True,28,239369494.3,100433211.21000001,False,False,False,False,True,20240812
301012.SZ,False,True,21,-88172998.78,46649084.52,False,False,False,True,True,20240812
301013.SZ,False,True,34,25339809.859999996,-51569460.14999999,False,False,True,False,True,20240812
301015.SZ,False,True,24,660915684.23,491817687.67,False,False,False,False,True,20240812
301016.SZ,False,True,21,30576025.729999997,141084260.16,False,False,False,False,True,20240812
301017.SZ,False,True,27,127909483.60999998,105729031.22,False,False,False,False,True,20240812
301018.SZ,False,True,24,26739678.67,-191523.12000000104,False,False,True,False,True,20240812
301019.SZ,False,True,21,84903052.45000002,104993489.54,False,False,False,False,True,20240812
301020.SZ,False,True,29,126026665.89,38664048.23,False,False,False,False,True,20240812
301021.SZ,False,True,23,-60561883.82000001,67411308.53999999,False,False,False,True,True,20240812
301022.SZ,False,True,21,-28295578.25,-706301.8999999985,False,False,True,True,True,20240812
301023.SZ,False,True,21,30905141.34,30237113.360000007,False,False,False,False,True,20240812
301024.SZ,False,True,31,-64002483.64000001,-28842301.080000002,False,False,True,True,True,20240812
301025.SZ,False,True,22,66681138.55,1812844.870000001,False,False,False,False,True,20240812
301026.SZ,False,True,24,652448607.48,-465071732.11,False,False,True,False,True,20240812
301027.SZ,False,True,21,-374748.67999999784,-28356728.619999997,False,False,True,True,True,20240812
301028.SZ,False,True,25,226077598.13000005,306427260.67999995,False,False,False,False,True,20240812
301029.SZ,False,True,21,778809513.34,356902074.54,False,False,False,False,True,20240812
301030.SZ,False,True,32,-354141596.02,-582852107.22,False,False,True,True,True,20240812
301031.SZ,False,True,28,181847376.82999998,-42292248.45,False,False,True,False,True,20240812
301032.SZ,False,True,21,56809703.43999997,-48617575.79000001,False,False,True,False,True,20240812
301033.SZ,False,True,21,105329185.78999999,66668927.400000006,False,False,False,False,True,20240812
301035.SZ,False,True,28,-1078789843.9299998,274125266.62,False,False,False,True,True,20240812
301036.SZ,False,True,21,192799861.45,26146910.41,False,False,False,False,True,20240812
301037.SZ,False,True,21,-48361495.04000001,345840717.72,False,False,False,True,True,20240812
301038.SZ,False,True,21,43672105.63000001,204566215.15,False,False,False,False,True,20240812
301039.SZ,False,True,21,1458510250.9799998,2192609895.0699997,False,False,False,False,True,20240812
301040.SZ,False,True,30,136957778.96,-199764259.77,False,False,True,False,True,20240812
301041.SZ,False,True,39,64981609.6,59307952.97999999,False,False,False,False,True,20240812
301042.SZ,False,True,31,45008992.34,157267656.26999998,False,False,False,False,True,20240812
301043.SZ,False,True,21,99708566.24999999,125490390.96000001,False,False,False,False,True,20240812
301045.SZ,False,True,21,-897270.6899999995,84068141.72,False,False,False,True,True,20240812
301046.SZ,False,True,25,-340459597.28999996,-117277988.01000002,False,False,True,True,True,20240812
301047.SZ,False,True,21,233169981.34,262708973.58,False,False,False,False,True,20240812
301048.SZ,False,True,21,475423284.63,78634411.62,False,False,False,False,True,20240812
301049.SZ,False,True,20,27803531.81,-18686809.959999993,False,False,True,False,True,20240812
301050.SZ,False,True,21,175402625.25,-107206662.52000004,False,False,True,False,True,20240812
301051.SZ,False,True,21,84908874.89,123390028.59,False,False,False,False,True,20240812
301052.SZ,False,True,20,35870068.33,104211052.23,False,False,False,False,True,20240812
301053.SZ,False,True,20,55460130.30000001,87195228.19,False,False,False,False,True,20240812
301055.SZ,False,True,20,97343642.14000002,134606384.5,False,False,False,False,True,20240812
301056.SZ,False,True,20,97343214.80000001,210061995.04000002,False,False,False,False,True,20240812
301057.SZ,False,True,32,28794944.690000005,42375910.54,False,False,False,False,True,20240812
301058.SZ,False,True,20,332880707.18,58533608.08999999,False,False,False,False,True,20240812
301059.SZ,False,True,20,53781526.45000001,101627246.15,False,False,False,False,True,20240812
301060.SZ,False,True,27,360267088.69000006,494873966.51,False,False,False,False,True,20240812
301061.SZ,False,True,20,524285737.96000004,453510733.62,False,False,False,False,True,20240812
301062.SZ,False,True,32,186177519.0,253898183.54000002,False,False,False,False,True,20240812
301063.SZ,False,True,21,114838104.85000001,43011872.28,False,False,False,False,True,20240812
301065.SZ,False,True,20,239066643.74,30217498.64,False,False,False,False,True,20240812
301066.SZ,False,True,20,64899661.07000001,125546533.25,False,False,False,False,True,20240812
301067.SZ,False,True,26,63936008.87,81499834.6,False,False,False,False,True,20240812
301068.SZ,False,True,21,17353986.209999997,29816429.550000004,False,False,False,False,True,20240812
301069.SZ,False,True,28,98167983.25999999,-67075442.44,False,False,True,False,True,20240812
301070.SZ,False,True,29,-12904464.019999996,39166733.7,False,False,False,True,True,20240812
301071.SZ,False,True,24,472695562.71000004,255134150.72,False,False,False,False,True,20240812
301072.SZ,False,True,20,9249132.5,72573236.41,False,False,False,False,True,20240812
301073.SZ,False,True,29,312535669.06,140513903.56,False,False,False,False,True,20240812
301075.SZ,False,True,21,-27202883.029999997,-657322.5200000005,False,False,True,True,True,20240812
301076.SZ,False,True,27,71762666.23,94922092.0,False,False,False,False,True,20240812
301077.SZ,False,True,27,157475327.63,129082824.41,False,False,False,False,True,20240812
301078.SZ,False,True,26,1399859556.24,474118697.96999997,False,False,False,False,True,20240812
301079.SZ,False,True,31,-17685728.919999998,38511947.91,False,False,False,True,True,20240812
301080.SZ,False,True,20,85425212.25,199260473.51000002,False,False,False,False,True,20240812
301081.SZ,False,True,22,163768941.99,58975589.86,False,False,False,False,True,20240812
301082.SZ,False,True,28,-500246241.0900001,15237009.54,False,False,False,True,True,20240812
301083.SZ,False,True,27,26018604.5,63923151.68,False,False,False,False,True,20240812
301085.SZ,False,True,20,-422887838.3500001,-69280192.88,False,False,True,True,True,20240812
301086.SZ,False,True,20,76064855.23999998,153510775.61,False,False,False,False,True,20240812
301087.SZ,False,True,20,355048741.73,522938755.66,False,False,False,False,True,20240812
301088.SZ,False,True,20,-43063187.17,137880433.67000002,False,False,False,True,True,20240812
301089.SZ,False,True,30,37197714.99,321889329.38,False,False,False,False,True,20240812
301090.SZ,False,True,21,-384011863.0199999,250214532.93,False,False,False,True,True,20240812
301091.SZ,False,True,20,-18923525.49999997,13562871.01000002,False,False,False,True,True,20240812
301092.SZ,False,True,32,118245613.19999999,62600149.34,False,False,False,False,True,20240812
301093.SZ,False,True,20,262969362.86,133361228.25,False,False,False,False,True,20240812
301095.SZ,False,True,16,-105633935.6,-60153717.66,False,False,True,True,True,20240812
301096.SZ,False,True,28,-4611669.47,154497184.29000002,False,False,False,True,True,20240812
301097.SZ,False,True,18,76851933.3,73937986.88,False,False,False,False,True,20240812
301098.SZ,False,True,24,-241777454.30999997,-82742103.40000004,False,False,True,True,True,20240812
301099.SZ,False,True,20,118512344.39000002,-51108625.06,False,False,True,False,True,20240812
301100.SZ,False,True,20,-82807943.91,243527732.38,False,False,False,True,True,20240812
301101.SZ,False,True,20,185529601.18,180482468.73000002,False,False,False,False,True,20240812
301102.SZ,False,True,20,469457506.2900001,442853950.09000003,False,False,False,False,True,20240812
301103.SZ,False,True,19,165283875.14999998,170748264.01,False,False,False,False,True,20240812
301106.SZ,False,True,28,40759426.47,57678129.989999995,False,False,False,False,True,20240812
301107.SZ,False,True,23,113816502.02000001,86176524.57000001,False,False,False,False,True,20240812
301108.SZ,False,True,20,120740039.12,205656767.6,False,False,False,False,True,20240812
301109.SZ,False,True,24,931170958.8199999,888777240.9699999,False,False,False,False,True,20240812
301110.SZ,False,True,19,77063854.84,91315462.40999998,False,False,False,False,True,20240812
301111.SZ,False,True,19,-17220486.1,33471520.419999998,False,False,False,True,True,20240812
301112.SZ,False,True,18,-11628931.239999998,42724235.660000004,False,False,False,True,True,20240812
301113.SZ,False,True,29,12602189.839999996,69076784.73999998,False,False,False,False,True,20240812
301116.SZ,False,True,43,1002872551.7600001,541403670.63,False,False,False,False,True,20240812
301117.SZ,False,True,28,-110883493.48,-46515495.28,False,False,True,True,True,20240812
301118.SZ,False,True,32,-46034005.559999995,64943294.610000014,False,False,False,True,True,20240812
301119.SZ,False,True,20,131283237.55999999,112984446.35999997,False,False,False,False,True,20240812
301120.SZ,False,True,29,33729785.52,21694041.07,False,False,False,False,True,20240812
301121.SZ,False,True,17,146981270.9,-3482948.070000002,False,False,True,False,True,20240812
301122.SZ,False,True,20,90738161.94999999,86574029.91000001,False,False,False,False,True,20240812
301123.SZ,False,True,17,,142086847.72999996,False,False,False,False,False,20240812
301125.SZ,False,True,18,1985423.629999999,94320913.44000001,False,False,False,False,True,20240812
301126.SZ,False,True,29,-33651952.23000002,-401838403.84999996,False,False,True,True,True,20240812
301127.SZ,False,True,29,-304459073.65,117383422.00999999,False,False,False,True,True,20240812
301128.SZ,False,True,20,20674397.720000003,43936985.04,False,False,False,False,True,20240812
301129.SZ,False,True,20,8517370.519999996,20543265.10000001,False,False,False,False,True,20240812
301130.SZ,False,True,25,67158992.11,52431108.56,False,False,False,False,True,20240812
301131.SZ,False,True,22,7877421.650000001,20353268.260000005,False,False,False,False,True,20240812
301132.SZ,False,True,16,98942838.43,121960887.49000001,False,False,False,False,True,20240812
301133.SZ,False,True,20,140511135.69,69704867.18,False,False,False,False,True,20240812
301135.SZ,False,True,27,60272192.99999999,90572126.07999998,False,False,False,False,True,20240812
000001.SZ,False,True,60,113689000000.0,157984000000.0,False,False,False,False,True,20241105
301135.SZ,False,True,28,7271342.099999998,58130594.32,False,False,False,False,True,20241105
603915.SH,True,True,30,690793516.1099999,365975412.71,False,False,False,False,True,20241105
000002.SZ,False,True,60,-1170649704.5499997,7161482206.870001,False,False,False,True,True,20241105
301136.SZ,False,True,21,73908491.92,-60170401.769999996,False,False,True,False,True,20241105
603916.SH,True,True,38,422510096.59000003,437499836.49,False,False,False,False,True,20241105
000006.SZ,False,True,60,211899290.33,1016641620.9299996,False,False,False,False,True,20241105
301137.SZ,False,True,20,8405558.409999996,107431069.53,False,False,False,False,True,20241105
603917.SH,True,True,36,9919364.579999998,117538286.74999999,False,False,False,False,True,20241105
000007.SZ,False,True,60,88764516.08999999,183137229.79000002,False,False,False,False,True,20241105
301138.SZ,False,True,21,50076355.09000002,175123339.84,False,False,False,False,True,20241105
603918.SH,True,True,45,91818864.33999999,88196731.87,False,False,False,False,True,20241105
000008.SZ,False,True,60,92165244.44,47574747.25,False,False,False,False,True,20241105
301139.SZ,False,True,24,-106897673.59999996,-20819752.96000004,False,False,True,True,True,20241105
603919.SH,True,True,43,554076819.1100001,527751084.91999996,False,False,False,False,True,20241105
000009.SZ,False,True,60,2596542325.8700004,4443100897.08,False,False,False,False,True,20241105
301148.SZ,False,True,28,84922599.94,14822532.680000007,False,False,False,False,True,20241105
603920.SH,True,True,39,1316333599.4899998,1327845880.1399999,False,False,False,False,True,20241105
000010.SZ,False,True,60,-173348906.94,28770412.5,False,False,False,True,True,20241105
301149.SZ,False,True,28,240816827.55,144428611.32000002,False,False,False,False,True,20241105
603922.SH,True,True,38,-14973190.250000007,117679653.36000001,False,False,False,True,True,20241105
000011.SZ,False,True,60,-1077401687.35,-794211677.66,False,False,True,True,True,20241105
301150.SZ,False,True,25,-137940702.46999997,-296202790.65,False,False,True,True,True,20241105
603926.SH,True,True,39,190680986.75000003,311142947.77,False,False,False,False,True,20241105
000012.SZ,False,True,60,2488370336.0,1962758696.0,False,False,False,False,True,20241105
301151.SZ,False,True,20,-460264341.36,947757903.2,False,False,False,True,True,20241105
603927.SH,True,True,46,538932343.1499999,599735152.44,False,False,False,False,True,20241105
000014.SZ,False,True,60,94776737.99000001,583365988.18,False,False,False,False,True,20241105
301152.SZ,False,True,25,-458807458.02,-207695920.37000006,False,False,True,True,True,20241105
603928.SH,True,True,41,143747564.90000004,329358001.91,False,False,False,False,True,20241105
000016.SZ,False,True,60,484575657.09,-783148515.4099998,False,False,True,False,True,20241105
301153.SZ,False,True,22,44453071.110000014,155457140.35,False,False,False,False,True,20241105
603929.SH,True,True,40,993403024.6300001,785100799.2700001,False,False,False,False,True,20241105
000017.SZ,False,True,60,10969397.859999996,-286208377.3,False,False,True,False,True,20241105
301155.SZ,False,True,21,296403749.25,-134792853.81,False,False,True,False,True,20241105
603931.SH,True,True,26,222497126.69999996,203565979.42,False,False,False,False,True,20241105
000019.SZ,False,True,60,400320598.81000006,500538443.1,False,False,False,False,True,20241105
301156.SZ,False,True,18,79073908.38,41493896.3,False,False,False,False,True,20241105
603933.SH,True,True,40,149710712.4,122884090.23999998,False,False,False,False,True,20241105
000020.SZ,False,True,60,113659013.71999998,-6402236.569999993,False,False,True,False,True,20241105
301158.SZ,False,True,28,171376969.81,86556310.65,False,False,False,False,True,20241105
603936.SH,True,True,43,55680191.349999964,294290118.12,False,False,False,False,True,20241105
000021.SZ,False,True,60,3128916055.49,718778160.61,False,False,False,False,True,20241105
301159.SZ,False,True,21,-98982540.67000002,-36881181.28999999,False,False,True,True,True,20241105
603937.SH,True,True,41,-185718314.73000002,117467465.83000001,False,False,False,True,True,20241105
000025.SZ,False,True,60,53588674.970000006,-40942020.28999999,False,False,True,False,True,20241105
301160.SZ,False,True,23,179663160.66,178694480.9,False,False,False,False,True,20241105
603938.SH,True,True,40,169864693.04000002,653401285.93,False,False,False,False,True,20241105
000026.SZ,False,True,60,470694966.25,554721655.85,False,False,False,False,True,20241105
301161.SZ,False,True,19,51318195.510000005,7713281.15,False,False,False,False,True,20241105
603939.SH,True,True,46,5083623314.530001,4494069050.67,False,False,False,False,True,20241105
000027.SZ,False,True,60,12623847710.13,10481894125.099998,False,False,False,False,True,20241105
301162.SZ,False,True,20,49035536.510000005,31648346.190000005,False,False,False,False,True,20241105
603948.SH,True,True,28,372767936.66,265572262.87,False,False,False,False,True,20241105
000028.SZ,False,True,60,2752761686.0399995,1968103896.35,False,False,False,False,True,20241105
301163.SZ,False,True,20,119678644.63,19722052.799999997,False,False,False,False,True,20241105
603949.SH,True,True,33,61001113.76,89382291.61999999,False,False,False,False,True,20241105
000029.SZ,False,True,60,970718621.07,-128496416.76999998,False,False,True,False,True,20241105
301165.SZ,False,True,17,269677655.57,673420185.37,False,False,False,False,True,20241105
603950.SH,True,True,28,423470958.99,197221620.82999998,False,False,False,False,True,20241105
000030.SZ,False,True,60,-209064194.68,397204976.28999996,False,False,False,True,True,20241105
301166.SZ,False,True,28,72287226.38999999,-47886510.77000001,False,False,True,False,True,20241105
603955.SH,True,True,39,179104278.9,81483749.87,False,False,False,False,True,20241105
000031.SZ,False,True,60,6541180051.78,7506419488.040001,False,False,False,False,True,20241105
301167.SZ,False,True,21,14088745.040000003,551105.8900000006,False,False,False,False,True,20241105
603956.SH,True,True,36,-185246139.23999995,-82662308.25,False,False,True,True,True,20241105
000032.SZ,False,True,60,-1764358613.0800002,1476436238.43,False,False,False,True,True,20241105
301168.SZ,False,True,29,159481607.47,-61839270.660000026,False,False,True,False,True,20241105
603958.SH,True,True,43,18833348.38000001,8403513.719999999,False,False,False,False,True,20241105
000034.SZ,False,True,60,1451085177.79,168315192.0,False,False,False,False,True,20241105
301169.SZ,False,True,27,-80448492.28999999,16122658.61,False,False,False,True,True,20241105
603959.SH,True,True,43,138717526.19,-247730279.51999998,False,False,True,False,True,20241105
000035.SZ,False,True,60,1533625657.7,660477841.9000001,False,False,False,False,True,20241105
301171.SZ,False,True,29,475190304.22999996,30438461.430000037,False,False,False,False,True,20241105
603960.SH,True,True,39,105774869.94999999,196649798.44,False,False,False,False,True,20241105
000036.SZ,False,True,60,-240528998.42000008,1296450897.0200002,False,False,False,True,True,20241105
301175.SZ,False,True,20,597597087.9599999,452655939.2099999,False,False,False,False,True,20241105
603966.SH,True,True,41,359267998.76000005,220182190.28,False,False,False,False,True,20241105
000037.SZ,False,True,60,-62399019.35000001,-131167861.99,False,False,True,True,True,20241105
301176.SZ,False,True,15,-126004232.02999997,-123702629.07000001,False,False,True,True,True,20241105
603967.SH,True,True,32,395368291.63,211231697.40000004,False,False,False,False,True,20241105
000039.SZ,False,True,60,5730958000.0,4981283000.0,False,False,False,False,True,20241105
301177.SZ,False,True,21,273232910.53000003,98200291.26999998,False,False,False,False,True,20241105
603968.SH,True,True,45,154770581.17,185957674.96999997,False,False,False,False,True,20241105
000042.SZ,False,True,60,3473116312.1099997,1472988212.37,False,False,False,False,True,20241105
301178.SZ,False,True,30,2611755.469999999,-72923708.2,False,False,True,False,True,20241105
603969.SH,True,True,46,58180654.620000005,166902121.04,False,False,False,False,True,20241105
000045.SZ,False,True,60,287361297.98,439077276.1100001,False,False,False,False,True,20241105
301179.SZ,False,True,21,104583298.77000001,140739574.78,False,False,False,False,True,20241105
603970.SH,True,True,38,120919401.06999993,-471526420.8599999,False,False,True,False,True,20241105
000048.SZ,False,True,60,801362526.95,-240357722.17000008,False,False,True,False,True,20241105
301180.SZ,False,True,21,74545765.24000001,213116757.44,False,False,False,False,True,20241105
603976.SH,True,True,37,193018400.22000003,96919414.22999999,False,False,False,False,True,20241105
000049.SZ,False,True,60,914785560.02,2045038004.71,False,False,False,False,True,20241105
301181.SZ,False,True,21,130399889.63999997,198648703.69,False,False,False,False,True,20241105
603977.SH,True,True,41,408655372.13,216035676.77,False,False,False,False,True,20241105
000050.SZ,False,True,60,5053655491.159999,4263544791.6,False,False,False,False,True,20241105
301182.SZ,False,True,21,-106917467.05,46355552.480000004,False,False,False,True,True,20241105
603978.SH,True,True,40,-269325828.98999995,-171814630.39999998,False,False,True,True,True,20241105
000055.SZ,False,True,60,167241645.57,409803086.55,False,False,False,False,True,20241105
301183.SZ,False,True,18,-40732102.480000004,-37588925.81999999,False,False,True,True,True,20241105
603979.SH,True,True,45,1898575877.75,1345103609.77,False,False,False,False,True,20241105
000056.SZ,False,True,60,365365188.21000004,347251007.47999996,False,False,False,False,True,20241105
301185.SZ,False,True,35,86123712.18,59248275.95,False,False,False,False,True,20241105
603980.SH,True,True,39,57030477.75,-86575546.46000001,False,False,True,False,True,20241105
000058.SZ,False,True,60,327097977.25,281099328.35,False,False,False,False,True,20241105
301186.SZ,False,True,26,145897322.19,66979201.230000004,False,False,False,False,True,20241105
603982.SH,True,True,32,-171423297.34999996,-617063268.22,False,False,True,True,True,20241105
000059.SZ,False,True,60,232596792.74000025,2100154024.0000002,False,False,False,False,True,20241105
301187.SZ,False,True,21,435465889.12999994,141743976.6,False,False,False,False,True,20241105
603983.SH,True,True,34,338591158.85,178449861.46,False,False,False,False,True,20241105
000060.SZ,False,True,60,2343399639.3100004,359792825.6200001,False,False,False,False,True,20241105
301188.SZ,False,True,27,51165217.89000001,85959695.88,False,False,False,False,True,20241105
603985.SH,True,True,40,9586685.789999962,-206744700.48999998,False,False,True,False,True,20241105
000061.SZ,False,True,60,948677293.9199998,634777708.75,False,False,False,False,True,20241105
301189.SZ,False,True,26,5920299.959999993,57990458.28,False,False,False,False,True,20241105
603986.SH,True,True,42,2062392113.68,1491107924.9199998,False,False,False,False,True,20241105
000062.SZ,False,True,60,819831887.8000001,462682066.5199995,False,False,False,False,True,20241105
301190.SZ,False,True,28,-139199866.4,52542964.28,False,False,False,True,True,20241105
603987.SH,True,True,42,380322083.9200001,499282873.05999994,False,False,False,False,True,20241105
000063.SZ,False,True,60,16192749000.0,13116700000.0,False,False,False,False,True,20241105
301191.SZ,False,True,21,108579210.44999999,382532110.35999995,False,False,False,False,True,20241105
603988.SH,True,True,47,81750239.26,-23565226.979999997,False,False,True,False,True,20241105
000065.SZ,False,True,60,494268162.84000003,602242108.85,False,False,False,False,True,20241105
301192.SZ,False,True,25,112866701.39,64001749.33,False,False,False,False,True,20241105
603989.SH,True,True,48,26965412.900000006,95623981.36999997,False,False,False,False,True,20241105
000066.SZ,False,True,60,275242913.96999997,848716150.1600001,False,False,False,False,True,20241105
301193.SZ,False,True,21,365102772.82000005,351388832.02000004,False,False,False,False,True,20241105
603990.SH,True,True,41,-46648334.94,-274929318.80999994,False,False,True,True,True,20241105
000068.SZ,False,True,60,205181877.43,210824204.72000003,False,False,False,False,True,20241105
301195.SZ,False,True,17,157530656.79,219882108.82,False,False,False,False,True,20241105
603991.SH,True,True,39,-56195186.33,-38010916.36,False,False,True,True,True,20241105
000069.SZ,False,True,60,2725280866.89,4057789285.71,False,False,False,False,True,20241105
301196.SZ,False,True,21,198076682.70000005,188607485.23999998,False,False,False,False,True,20241105
603992.SH,True,True,29,594312503.38,411866442.3299999,False,False,False,False,True,20241105
000070.SZ,False,True,60,741313469.24,203345147.90999997,False,False,False,False,True,20241105
301197.SZ,False,True,25,25681867.879999995,-24783413.289999977,False,False,True,False,True,20241105
603993.SH,True,True,57,22723104174.489998,14747821100.79,False,False,False,False,True,20241105
000078.SZ,False,True,60,-534369362.88,-521293262.14,False,False,True,True,True,20241105
301198.SZ,False,True,26,16528630.879999995,-4822331.9799999995,False,False,True,False,True,20241105
603995.SH,True,True,29,1168699618.32,1282648390.9299998,False,False,False,False,True,20241105
000088.SZ,False,True,60,495713559.53000003,425018760.26,False,False,False,False,True,20241105
301199.SZ,False,True,23,100574307.86,-34885255.09,False,False,True,False,True,20241105
603997.SH,True,True,46,225539731.9100001,1770267358.09,False,False,False,False,True,20241105
000089.SZ,False,True,60,1616817182.9700003,1026344742.9300001,False,False,False,False,True,20241105
301200.SZ,False,True,19,29797816.01000005,846613028.03,False,False,False,False,True,20241105
603998.SH,True,True,47,216037327.31,163259265.59000003,False,False,False,False,True,20241105
000090.SZ,False,True,60,4381049864.110001,5038567796.86,False,False,False,False,True,20241105
301201.SZ,False,True,23,103564079.52999997,181141310.19000003,False,False,False,False,True,20241105
603999.SH,True,True,43,179958680.04999998,120242899.57,False,False,False,False,True,20241105
000096.SZ,False,True,60,118390955.96000001,-20763819.36,False,False,True,False,True,20241105
301205.SZ,False,True,15,18901275.51000002,231796442.02999997,False,False,False,False,True,20241105
605001.SH,True,True,26,-21739341.219999984,-135743107.98000002,False,False,True,True,True,20241105
000099.SZ,False,True,60,723040977.0600001,399505461.81000006,False,False,False,False,True,20241105
301206.SZ,False,True,35,42339461.43000001,15780024.939999998,False,False,False,False,True,20241105
605003.SH,True,True,26,61306100.69,129468147.7,False,False,False,False,True,20241105
000100.SZ,False,True,60,31171457523.0,21908500353.0,False,False,False,False,True,20241105
301207.SZ,False,True,21,750001502.6400001,812815008.26,False,False,False,False,True,20241105
605005.SH,True,True,24,447143074.78,392123858.28999996,False,False,False,False,True,20241105
000151.SZ,False,True,60,335754184.85,204407423.6,False,False,False,False,True,20241105
301208.SZ,False,True,22,-40820723.54999998,137664163.56,False,False,False,True,True,20241105
605006.SH,True,True,29,12029529.409999967,767443412.97,False,False,False,False,True,20241105
000153.SZ,False,True,60,189870253.71,437233637.11,False,False,False,False,True,20241105
301209.SZ,False,True,15,52521255.059999995,51206876.45000002,False,False,False,False,True,20241105
605007.SH,True,True,25,866732197.05,325700067.4099999,False,False,False,False,True,20241105
000155.SZ,False,True,60,1797595365.5000002,2499706878.99,False,False,False,False,True,20241105
301211.SZ,False,True,22,103033784.43,209930253.54000002,False,False,False,False,True,20241105
605008.SH,True,True,25,148503504.41,527308728.91,False,False,False,False,True,20241105
000156.SZ,False,True,60,1967134694.0800002,1871298219.7699997,False,False,False,False,True,20241105
301212.SZ,False,True,28,-84458276.39000002,139986265.86,False,False,False,True,True,20241105
605009.SH,True,True,25,575962508.34,747767482.8399999,False,False,False,False,True,20241105
000157.SZ,False,True,60,2778068781.62,2440912828.0,False,False,False,False,True,20241105
301213.SZ,False,True,32,-41445747.81999999,-68942323.50999999,False,False,True,True,True,20241105
605011.SH,True,True,23,385377848.1100001,385698279.06,False,False,False,False,True,20241105
000158.SZ,False,True,60,500368001.25,514067915.8700001,False,False,False,False,True,20241105
301215.SZ,False,True,21,238060731.83,142625841.44,False,False,False,False,True,20241105
605016.SH,True,True,24,217368557.03000006,186526577.59999996,False,False,False,False,True,20241105
000159.SZ,False,True,60,33016106.17,-79950578.36999995,False,False,True,False,True,20241105
301216.SZ,False,True,20,1493081655.03,17292409.22999996,False,False,False,False,True,20241105
605018.SH,True,True,25,395661807.49999994,201381544.33,False,False,False,False,True,20241105
000166.SZ,False,True,50,83573524366.13,83835365851.66,False,False,False,False,True,20241105
301217.SZ,False,True,21,-186664020.60000002,-385238207.5,False,False,True,True,True,20241105
605020.SH,True,True,26,540632484.5600001,361137369.80999994,False,False,False,False,True,20241105
000301.SZ,False,True,60,5675220534.31,4212407545.56,False,False,False,False,True,20241105
301218.SZ,False,True,26,46296479.089999996,40830451.449999996,False,False,False,False,True,20241105
605028.SH,True,True,24,296591791.65999997,209741971.17999995,False,False,False,False,True,20241105
000333.SZ,False,True,60,73379236000.0,49972532000.0,False,False,False,False,True,20241105
301219.SZ,False,True,25,385317496.69000006,1139325661.95,False,False,False,False,True,20241105
605033.SH,True,True,22,346145726.92999995,238117029.73,False,False,False,False,True,20241105
000338.SZ,False,True,60,20897623619.67,20156461380.609997,False,False,False,False,True,20241105
301220.SZ,False,True,20,68647609.05000001,46023875.900000006,False,False,False,False,True,20241105
605050.SH,True,True,25,-134270541.25,-460389943.01,False,False,True,True,True,20241105
000400.SZ,False,True,60,2075005886.6000001,2629418667.9300003,False,False,False,False,True,20241105
301221.SZ,False,True,29,27144264.54,38904278.22,False,False,False,False,True,20241105
605055.SH,True,True,25,368607918.1,181228460.45999998,False,False,False,False,True,20241105
000401.SZ,False,True,60,2485994494.37,2190264727.21,False,False,False,False,True,20241105
301222.SZ,False,True,24,52752930.94,154758737.78,False,False,False,False,True,20241105
605056.SH,True,True,22,210972912.73,125462530.32,False,False,False,False,True,20241105
000402.SZ,False,True,60,2436062865.41,10350824688.11,False,False,False,False,True,20241105
301223.SZ,False,True,20,302658337.79,348075686.48999995,False,False,False,False,True,20241105
605058.SH,True,True,25,226291615.17000002,171955071.88,False,False,False,False,True,20241105
000403.SZ,False,True,60,680807328.96,473147938.89,False,False,False,False,True,20241105
301226.SZ,False,True,23,60298162.98,68788741.65,False,False,False,False,True,20241105
605060.SH,True,True,23,314339248.01,274187842.88000005,False,False,False,False,True,20241105
000404.SZ,False,True,60,1226978826.6899998,500919909.35,False,False,False,False,True,20241105
301227.SZ,False,True,27,99321211.28,120814154.07000001,False,False,False,False,True,20241105
605066.SH,True,True,26,248466137.18,371609789.72,False,False,False,False,True,20241105
000407.SZ,False,True,60,264631351.59,326951101.35,False,False,False,False,True,20241105
301228.SZ,False,True,21,22609613.440000005,-4880392.740000002,False,False,True,False,True,20241105
605068.SH,True,True,24,-88337413.35,59551259.87000002,False,False,False,True,True,20241105
000408.SZ,False,True,60,1317337410.62,3507418197.2599998,False,False,False,False,True,20241105
301229.SZ,False,True,23,131220667.88999997,125479892.6,False,False,False,False,True,20241105
605069.SH,True,True,29,212531342.79,1526209.1600000262,False,False,False,False,True,20241105
000409.SZ,False,True,60,144151611.67000002,26655122.119999997,False,False,False,False,True,20241105
301230.SZ,False,True,24,-10757446.61,80826629.5,False,False,False,True,True,20241105
605077.SH,True,True,24,278382037.13,660893420.52,False,False,False,False,True,20241105
000410.SZ,False,True,60,-90848088.40999998,-270554587.82,False,False,True,True,True,20241105
301231.SZ,False,True,23,-18764914.299999997,7768524.519999996,False,False,False,True,True,20241105
605080.SH,True,True,24,224456109.40999997,181062155.61999997,False,False,False,False,True,20241105
000411.SZ,False,True,60,379741055.89,80893399.91999996,False,False,False,False,True,20241105
301233.SZ,False,True,26,17102878.93,11161642.920000002,False,False,False,False,True,20241105
605086.SH,True,True,24,152067808.63,137549279.23000002,False,False,False,False,True,20241105
000415.SZ,False,True,60,25158006000.0,24712452000.0,False,False,False,False,True,20241105
301234.SZ,False,True,19,103875201.72,81950367.94999999,False,False,False,False,True,20241105
605088.SH,True,True,32,49995396.81,391848573.58,False,False,False,False,True,20241105
000417.SZ,False,True,60,251084691.61,565322550.4599999,False,False,False,False,True,20241105
301235.SZ,False,True,21,-1977609.2700000405,-360907033.19,False,False,True,True,True,20241105
605089.SH,True,True,24,84859930.35,187092757.14,False,False,False,False,True,20241105
000419.SZ,False,True,60,195406483.56000006,189734069.57999998,False,False,False,False,True,20241105
301236.SZ,False,True,20,464030189.54,1344212056.8400002,False,False,False,False,True,20241105
605090.SH,True,True,26,1592333473.49,1857796661.98,False,False,False,False,True,20241105
000420.SZ,False,True,60,226964740.25,399698463.95,False,False,False,False,True,20241105
301237.SZ,False,True,30,-37356350.25,26720537.080000002,False,False,False,True,True,20241105
605098.SH,True,True,33,342641698.71000004,335688813.05999994,False,False,False,False,True,20241105
000421.SZ,False,True,60,-692191304.6399999,3621454484.44,False,False,False,True,True,20241105
301238.SZ,False,True,19,-162855122.08000004,897646881.9099998,False,False,False,True,True,20241105
605099.SH,True,True,36,447196393.6399999,339403580.65999997,False,False,False,False,True,20241105
000422.SZ,False,True,60,773194901.5800002,2221264676.9999995,False,False,False,False,True,20241105
301239.SZ,False,True,18,480701860.6999999,604747270.13,False,False,False,False,True,20241105
605100.SH,True,True,30,111084599.47999999,-53284307.410000026,False,False,True,False,True,20241105
000423.SZ,False,True,60,2107039805.8999999,2144312517.5600002,False,False,False,False,True,20241105
301246.SZ,False,True,31,-83305218.88,188677679.51999998,False,False,False,True,True,20241105
605108.SH,True,True,29,589186109.88,469380736.72,False,False,False,False,True,20241105
000425.SZ,False,True,60,3972408818.19,1671550547.5500002,False,False,False,False,True,20241105
301248.SZ,False,True,27,-117120646.7,26197461.849999994,False,False,False,True,True,20241105
605111.SH,True,True,32,393977499.24,363369529.28,False,False,False,False,True,20241105
000426.SZ,False,True,60,1800129265.15,1307909656.23,False,False,False,False,True,20241105
301255.SZ,False,True,15,60929663.57000001,68755280.22000001,False,False,False,False,True,20241105
605116.SH,True,True,25,398194533.02000004,366710989.73,False,False,False,False,True,20241105
000428.SZ,False,True,60,61002353.70999999,89331249.57999998,False,False,False,False,True,20241105
301256.SZ,False,True,20,-7956480.200000003,29380887.27000001,False,False,False,True,True,20241105
605117.SH,True,True,23,2628885898.1000004,2887549064.7200003,False,False,False,False,True,20241105
000429.SZ,False,True,60,3370218526.3300004,3362280100.4599996,False,False,False,False,True,20241105
301257.SZ,False,True,25,2750311.579999998,138150710.01,False,False,False,False,True,20241105
605118.SH,True,True,26,232799624.04000002,282793694.3299999,False,False,False,False,True,20241105
000430.SZ,False,True,60,86269472.44000003,29629346.240000002,False,False,False,False,True,20241105
301258.SZ,False,True,29,52456557.47,136065967.56,False,False,False,False,True,20241105
605122.SH,True,True,24,-87650498.73999998,127037000.81,False,False,False,True,True,20241105
000488.SZ,False,True,60,3132974755.95,5941982628.87,False,False,False,False,True,20241105
301259.SZ,False,True,20,91484798.42999998,110109469.09,False,False,False,False,True,20241105
605123.SH,True,True,25,545033495.0,349347297.58000004,False,False,False,False,True,20241105
000498.SZ,False,True,60,-6387913057.960001,-1736485035.6499996,False,False,True,True,True,20241105
301260.SZ,False,True,13,665336355.04,-110089414.39000005,False,False,True,False,True,20241105
605128.SH,True,True,27,141746114.71000004,132901126.0,False,False,False,False,True,20241105
000501.SZ,False,True,60,1660040758.4499998,1510040693.3400002,False,False,False,False,True,20241105
301263.SZ,False,True,39,27854279.200000003,102488148.31,False,False,False,False,True,20241105
605133.SH,True,True,25,239100079.24,-24216611.910000004,False,False,True,False,True,20241105
000503.SZ,False,True,60,-88274661.57,-125945475.99000001,False,False,True,True,True,20241105
301265.SZ,False,True,26,30911394.809999995,-13071719.61,False,False,True,False,True,20241105
605136.SH,True,True,30,860629939.5999999,31942468.330000013,False,False,False,False,True,20241105
000504.SZ,False,True,60,22769774.11,56553571.93999998,False,False,False,False,True,20241105
301266.SZ,False,True,24,-194620539.01999998,-317681237.07000005,False,False,True,True,True,20241105
605138.SH,True,True,20,659862462.25,558533597.9299998,False,False,False,False,True,20241105
000505.SZ,False,True,58,,-199445694.14999998,False,False,True,False,False,20241105
301267.SZ,False,True,16,910089552.8000001,879946731.6000001,False,False,False,False,True,20241105
605151.SH,True,True,27,68590100.51,94866842.03,False,False,False,False,True,20241105
000506.SZ,False,True,60,-7169795.390000001,-37144251.83,False,False,True,True,True,20241105
301268.SZ,False,True,19,-471360429.40999997,387372259.47,False,False,False,True,True,20241105
605155.SH,True,True,24,147485787.32,103034269.46,False,False,False,False,True,20241105
000507.SZ,False,True,60,1060565018.8100001,1405483999.8799996,False,False,False,False,True,20241105
301269.SZ,False,True,17,39837618.44,455885230.12,False,False,False,False,True,20241105
605158.SH,True,True,31,-3055281626.57,-71856266.44000006,False,False,True,True,True,20241105
000509.SZ,False,True,60,29388465.48,-27756670.159999996,False,False,True,False,True,20241105
301270.SZ,False,True,17,54511564.70999999,47068268.55,False,False,False,False,True,20241105
605162.SH,True,True,22,328567841.61999995,115859536.38999999,False,False,False,False,True,20241105
000510.SZ,False,True,60,-109071302.97999999,-93146619.26,False,False,True,True,True,20241105
301273.SZ,False,True,17,-43343333.169999994,-22026958.91,False,False,True,True,True,20241105
605166.SH,True,True,30,692671351.65,172985412.63000005,False,False,False,False,True,20241105
000513.SZ,False,True,60,3344446198.69,3137150880.67,False,False,False,False,True,20241105
301276.SZ,False,True,21,190867057.67000002,136490228.42000002,False,False,False,False,True,20241105
605167.SH,True,True,22,200589630.70000002,325295766.39,False,False,False,False,True,20241105
000514.SZ,False,True,60,217884841.48000002,542332595.03,False,False,False,False,True,20241105
301277.SZ,False,True,15,256383468.57999998,158166515.38000003,False,False,False,False,True,20241105
605168.SH,True,True,34,486971597.66,19598625.379999995,False,False,False,False,True,20241105
000516.SZ,False,True,60,1021867523.0400002,1153296278.77,False,False,False,False,True,20241105
301278.SZ,False,True,19,220794104.99000004,226892809.06,False,False,False,False,True,20241105
605169.SH,True,True,24,248679446.11,202862358.3,False,False,False,False,True,20241105
000517.SZ,False,True,60,1275079700.4299998,3511600596.289999,False,False,False,False,True,20241105
301279.SZ,False,True,20,80926592.19000001,90647847.1,False,False,False,False,True,20241105
605177.SH,True,True,25,-108370738.4,-33700496.31999999,False,False,True,True,True,20241105
000518.SZ,False,True,60,1814079.04,-5567474.39,False,False,True,False,True,20241105
301280.SZ,False,True,21,54316369.58,69535077.15,False,False,False,False,True,20241105
605178.SH,True,True,28,41182547.44000001,-100687847.65,False,False,True,False,True,20241105
000519.SZ,False,True,60,-280716972.4200001,884185541.42,False,False,False,True,True,20241105
301282.SZ,False,True,17,72077236.03999999,44796952.07000001,False,False,False,False,True,20241105
605179.SH,True,True,25,258362690.72999996,436890882.82000005,False,False,False,False,True,20241105
000520.SZ,False,True,60,20978608.48,-43988483.550000004,False,False,True,False,True,20241105
301283.SZ,False,True,15,-137253469.96,-19233714.200000003,False,False,True,True,True,20241105
605180.SH,True,True,24,10223953.46,84628307.38,False,False,False,False,True,20241105
000521.SZ,False,True,60,2421504072.64,2032196397.07,False,False,False,False,True,20241105
301285.SZ,False,True,17,82018146.94,64451710.199999996,False,False,False,False,True,20241105
605183.SH,True,True,37,539398724.34,322829715.40999997,False,False,False,False,True,20241105
000523.SZ,False,True,60,-20265829.51999998,329588339.28999996,False,False,False,True,True,20241105
301286.SZ,False,True,24,222570928.10999995,123558020.6,False,False,False,False,True,20241105
605186.SH,True,True,25,-38542985.63999999,-105668080.85,False,False,True,True,True,20241105
000524.SZ,False,True,60,328476357.86,307373475.68,False,False,False,False,True,20241105
301288.SZ,False,True,18,1401581.6899999976,-16012920.409999996,False,False,True,False,True,20241105
605188.SH,True,True,26,172431069.13000005,200974888.67999998,False,False,False,False,True,20241105
000525.SZ,False,True,60,407220542.52000004,884377649.13,False,False,False,False,True,20241105
301289.SZ,False,True,17,138659718.28,143657338.98,False,False,False,False,True,20241105
605189.SH,True,True,28,-562989756.2,218520849.45,False,False,False,True,True,20241105
000526.SZ,False,True,60,638158365.8700001,593259426.6999999,False,False,False,False,True,20241105
301290.SZ,False,True,22,150089501.18,112894054.26,False,False,False,False,True,20241105
605196.SH,True,True,29,-189034697.88000005,623407372.46,False,False,False,True,True,20241105
000528.SZ,False,True,60,2769594648.25,615320125.42,False,False,False,False,True,20241105
301296.SZ,False,True,19,312768902.03000003,106139474.52999999,False,False,False,False,True,20241105
605198.SH,True,True,27,-157943002.79999995,146598671.57000005,False,False,False,True,True,20241105
000529.SZ,False,True,60,268465095.78000003,68854533.64999998,False,False,False,False,True,20241105
301297.SZ,False,True,15,150969867.55,148019523.71999997,False,False,False,False,True,20241105
605199.SH,True,True,26,78307658.85,172523863.93,False,False,False,False,True,20241105
000530.SZ,False,True,60,96544586.39,72382789.91999996,False,False,False,False,True,20241105
301298.SZ,False,True,26,91202777.94,80691484.63000001,False,False,False,False,True,20241105
605208.SH,True,True,41,-13845347.61999999,284585393.25,False,False,False,True,True,20241105
000531.SZ,False,True,60,625781919.9200001,389382433.37,False,False,False,False,True,20241105
301299.SZ,False,True,18,62599021.879999995,59325573.86000001,False,False,False,False,True,20241105
605218.SH,True,True,25,131861715.82,75376001.27,False,False,False,False,True,20241105
000532.SZ,False,True,60,177638349.0,88624995.96000001,False,False,False,False,True,20241105
301300.SZ,False,True,23,36819032.46000001,62475138.26,False,False,False,False,True,20241105
605222.SH,True,True,26,959067860.71,-309489556.0999999,False,False,True,False,True,20241105
000533.SZ,False,True,60,197684678.68,150079670.5,False,False,False,False,True,20241105
301301.SZ,False,True,16,1064964749.46,1898089565.01,False,False,False,False,True,20241105
605228.SH,True,True,25,288106262.79999995,183970974.19000003,False,False,False,False,True,20241105
000534.SZ,False,True,60,165689780.39,153449905.96,False,False,False,False,True,20241105
301302.SZ,False,True,25,-84137143.70999998,-202130450.05,False,False,True,True,True,20241105
605255.SH,True,True,25,73132437.1,104562600.1,False,False,False,False,True,20241105
000536.SZ,False,True,60,416554610.86,-668534573.8700001,False,False,True,False,True,20241105
301303.SZ,False,True,13,77059981.13,14297806.709999993,False,False,False,False,True,20241105
605258.SH,True,True,29,103545435.61000001,58135599.67999999,False,False,False,False,True,20241105
000537.SZ,False,True,60,1576717985.17,3867492766.8600006,False,False,False,False,True,20241105
301306.SZ,False,True,17,-174553159.46999997,-62589732.580000006,False,False,True,True,True,20241105
605259.SH,True,True,22,131017788.34999998,241060567.45000005,False,False,False,False,True,20241105
000538.SZ,False,True,60,4986294616.25,3856717046.8100004,False,False,False,False,True,20241105
301308.SZ,False,True,17,-2200009858.0099998,-1910515738.5700002,False,False,True,True,True,20241105
605266.SH,True,True,27,817556576.52,1078039756.3700001,False,False,False,False,True,20241105
000539.SZ,False,True,60,12303074102.0,5940183467.0,False,False,False,False,True,20241105
301309.SZ,False,True,15,54723411.89999999,93648824.43,False,False,False,False,True,20241105
605268.SH,True,True,25,-38641607.28,307779494.5,False,False,False,True,True,20241105
000541.SZ,False,True,60,991957373.81,1274166467.21,False,False,False,False,True,20241105
301311.SZ,False,True,17,48871797.92999995,-199201735.5300001,False,False,True,False,True,20241105
605277.SH,True,True,25,-17724419.569999993,574808220.22,False,False,False,True,True,20241105
000543.SZ,False,True,60,4274158666.05,2911549048.6099997,False,False,False,False,True,20241105
301312.SZ,False,True,17,60203139.61,80288716.55000003,False,False,False,False,True,20241105
605286.SH,True,True,24,494636063.71,151753028.99,False,False,False,False,True,20241105
000544.SZ,False,True,60,-970601475.2600002,-2067505941.59,False,False,True,True,True,20241105
301313.SZ,False,True,24,-94836876.69,5483823.609999998,False,False,False,True,True,20241105
605287.SH,True,True,23,115741605.37000003,-142630090.16000003,False,False,True,False,True,20241105
000545.SZ,False,True,60,122553450.46,81681429.33,False,False,False,False,True,20241105
301316.SZ,False,True,22,91903949.44,59480844.43,False,False,False,False,True,20241105
605288.SH,True,True,28,179055379.81,198299343.44,False,False,False,False,True,20241105
000546.SZ,False,True,60,-486623900.84000003,273414226.5899999,False,False,False,True,True,20241105
301317.SZ,False,True,14,-115857288.24999999,24314124.569999993,False,False,False,True,True,20241105
605289.SH,True,True,35,-44343466.74000002,175675118.28,False,False,False,True,True,20241105
000547.SZ,False,True,60,-151600139.64,10395941.649999857,False,False,False,True,True,20241105
301318.SZ,False,True,23,29470715.730000004,156763715.03,False,False,False,False,True,20241105
605296.SH,True,True,27,888854268.0500001,306791799.36,False,False,False,False,True,20241105
000548.SZ,False,True,60,59518538.07999998,658732955.99,False,False,False,False,True,20241105
301319.SZ,False,True,17,37675789.480000004,40735066.72,False,False,False,False,True,20241105
605298.SH,True,True,29,-40849977.07,20407917.92,False,False,False,True,True,20241105
000550.SZ,False,True,60,3878325534.0,3119944172.0,False,False,False,False,True,20241105
301321.SZ,False,True,25,74416472.15000002,77401910.82,False,False,False,False,True,20241105
605299.SH,True,True,32,144288761.6,246829334.51999998,False,False,False,False,True,20241105
000551.SZ,False,True,60,431050836.2,192613892.61,False,False,False,False,True,20241105
301322.SZ,False,True,13,163664603.05999997,214276567.79000002,False,False,False,False,True,20241105
605300.SH,True,True,24,230942379.76000005,244663295.57000002,False,False,False,False,True,20241105
000552.SZ,False,True,60,719700068.3999996,6194530493.27,False,False,False,False,True,20241105
301326.SZ,False,True,15,40255022.82000001,140815406.39,False,False,False,False,True,20241105
605303.SH,True,True,30,168470570.06,-297912146.26,False,False,True,False,True,20241105
000553.SZ,False,True,60,4954279000.0,3025275000.0,False,False,False,False,True,20241105
301327.SZ,False,True,23,606116115.88,-250621128.61,False,False,True,False,True,20241105
605305.SH,True,True,40,250107514.72,133055684.25,False,False,False,False,True,20241105
000554.SZ,False,True,60,600893211.01,-88239665.08000001,False,False,True,False,True,20241105
301328.SZ,False,True,15,119356214.32000001,154267639.27999997,False,False,False,False,True,20241105
605318.SH,True,True,26,-10949338.659999996,62243748.65,False,False,False,True,True,20241105
000555.SZ,False,True,60,483320840.4000001,-259973782.84000003,False,False,True,False,True,20241105
301330.SZ,False,True,19,188836654.38,309495814.90000004,False,False,False,False,True,20241105
605319.SH,True,True,23,310476244.01000005,273719695.44,False,False,False,False,True,20241105
000557.SZ,False,True,60,609365582.88,804771231.52,False,False,False,False,True,20241105
301331.SZ,False,True,16,105237454.26000002,69918563.57,False,False,False,False,True,20241105
605333.SH,True,True,27,446503075.65,69115889.67000002,False,False,False,False,True,20241105
000558.SZ,False,True,60,2376350.8800000027,88802863.6,False,False,False,False,True,20241105
301333.SZ,False,True,22,168803032.89999998,197227385.82999998,False,False,False,False,True,20241105
605336.SH,True,True,25,66050479.09,323449458.03999996,False,False,False,False,True,20241105
000559.SZ,False,True,60,1453233314.21,1087910543.33,False,False,False,False,True,20241105
301335.SZ,False,True,21,67155391.21,-177351674.51999998,False,False,True,False,True,20241105
605337.SH,True,True,25,419323577.36,413619811.72,False,False,False,False,True,20241105
000560.SZ,False,True,60,4634974446.050001,3828859047.8599997,False,False,False,False,True,20241105
301336.SZ,False,True,19,23773349.08,23176429.32,False,False,False,False,True,20241105
605338.SH,True,True,25,258881482.73999998,223586771.99,False,False,False,False,True,20241105
000561.SZ,False,True,60,-358462735.87999994,-47364815.82999998,False,False,True,True,True,20241105
301338.SZ,False,True,19,-56580199.760000005,25310537.22,False,False,False,True,True,20241105
605339.SH,True,True,25,282521866.26,450094483.52,False,False,False,False,True,20241105
000563.SZ,False,True,60,2674227539.41,-2232599491.92,False,False,True,False,True,20241105
301339.SZ,False,True,17,144967220.89,212165544.28999996,False,False,False,False,True,20241105
605358.SH,True,True,27,1111305505.4699998,888376485.13,False,False,False,False,True,20241105
000564.SZ,False,True,60,-378964781.40000004,164393621.53,False,False,False,True,True,20241105
301349.SZ,False,True,17,2600140.1599999964,-290365477.53999996,False,False,True,False,True,20241105
605365.SH,True,True,22,181199724.82000005,491178051.7700001,False,False,False,False,True,20241105
000565.SZ,False,True,60,-20952517.849999998,-2517825.1899999995,False,False,True,True,True,20241105
301356.SZ,False,True,17,-49898234.86999999,121007026.67000002,False,False,False,True,True,20241105
605366.SH,True,True,26,335555985.87,173336884.04000002,False,False,False,False,True,20241105
000566.SZ,False,True,60,23828996.29999999,32316382.909999996,False,False,False,False,True,20241105
301358.SZ,False,True,13,-745700469.66,58511778.77999997,False,False,False,True,True,20241105
605368.SH,True,True,42,546787086.5699999,879605955.44,False,False,False,False,True,20241105
000567.SZ,False,True,60,62342800.24000002,-413606135.51,False,False,True,False,True,20241105
301359.SZ,False,True,21,18389976.379999995,55645873.77,False,False,False,False,True,20241105
605369.SH,True,True,25,217083744.87999997,189238319.50999996,False,False,False,False,True,20241105
000568.SZ,False,True,60,14060511834.69,11002874006.469997,False,False,False,False,True,20241105
301361.SZ,False,True,25,56616881.96000001,54229340.72,False,False,False,False,True,20241105
605376.SH,True,True,27,315966696.06,13601040.819999998,False,False,False,False,True,20241105
000570.SZ,False,True,60,40518506.78999999,233352867.95999998,False,False,False,False,True,20241105
301363.SZ,False,True,17,384024540.98000014,449617032.34,False,False,False,False,True,20241105
605377.SH,True,True,31,847698452.36,118150053.63999999,False,False,False,False,True,20241105
000571.SZ,False,True,60,254486502.83999997,38406284.81,False,False,False,False,True,20241105
301365.SZ,False,True,15,168151322.68,102729592.92000002,False,False,False,False,True,20241105
605378.SH,True,True,23,113249379.69,121791624.82,False,False,False,False,True,20241105
000572.SZ,False,True,60,490327185.09000003,-56736276.629999995,False,False,True,False,True,20241105
301366.SZ,False,True,19,139507243.33999997,188167156.7,False,False,False,False,True,20241105
605388.SH,True,True,25,33034698.020000007,-11198272.469999969,False,False,True,False,True,20241105
000573.SZ,False,True,60,-15377849.079999983,-237055239.23000002,False,False,True,True,True,20241105
301367.SZ,False,True,19,244131876.01,276033360.54999995,False,False,False,False,True,20241105
605389.SH,True,True,23,133283831.14,186803574.09,False,False,False,False,True,20241105
000576.SZ,False,True,60,31553348.809999995,-7098550.899999991,False,False,True,False,True,20241105
301368.SZ,False,True,15,43347755.61000001,15346073.260000005,False,False,False,False,True,20241105
605398.SH,True,True,24,57024867.01,117512652.87,False,False,False,False,True,20241105
000581.SZ,False,True,60,1563181429.15,1864571530.3200002,False,False,False,False,True,20241105
301369.SZ,False,True,18,-47219675.22,32442882.980000004,False,False,False,True,True,20241105
605399.SH,True,True,26,58032363.66999999,338246647.7799999,False,False,False,False,True,20241105
000582.SZ,False,True,60,2122783049.5000005,2426446399.5099998,False,False,False,False,True,20241105
301373.SZ,False,True,15,145878638.96,76133963.77000001,False,False,False,False,True,20241105
605488.SH,True,True,22,-73928691.69000001,110052693.97000001,False,False,False,True,True,20241105
000586.SZ,False,True,60,28171931.86,-717535.209999999,False,False,True,False,True,20241105
301377.SZ,False,True,17,234731712.73,141982440.07000005,False,False,False,False,True,20241105
605499.SH,True,True,22,4303241960.85,2617668758.6800003,False,False,False,False,True,20241105
000589.SZ,False,True,60,1377138464.82,998930347.6099999,False,False,False,False,True,20241105
301379.SZ,False,True,15,95740030.44999999,96247861.75,False,False,False,False,True,20241105
605500.SH,True,True,25,113104142.39,212646748.5,False,False,False,False,True,20241105
000590.SZ,False,True,60,5557060.969999997,23793642.940000005,False,False,False,False,True,20241105
301380.SZ,False,True,23,-24522963.23,30094368.76,False,False,False,True,True,20241105
605507.SH,True,True,22,538743047.23,416174531.3000001,False,False,False,False,True,20241105
000591.SZ,False,True,60,2377334214.16,5115270640.5,False,False,False,False,True,20241105
301388.SZ,False,True,15,73087657.34,72437694.39,False,False,False,False,True,20241105
605555.SH,True,True,21,405946484.28999996,229073708.01,False,False,False,False,True,20241105
000592.SZ,False,True,60,-33640154.239999995,170434792.6,False,False,False,True,True,20241105
301389.SZ,False,True,17,70388368.60999998,87895484.98000002,False,False,False,False,True,20241105
605566.SH,True,True,21,222139252.57,24147291.919999987,False,False,False,False,True,20241105
000593.SZ,False,True,60,143186588.36999997,302367465.27000004,False,False,False,False,True,20241105
301391.SZ,False,True,16,-87520643.52000001,-48807488.24999999,False,False,True,True,True,20241105
605567.SH,True,True,21,93471187.42000002,162073179.13,False,False,False,False,True,20241105
000595.SZ,False,True,60,-16978903.07,-38604798.84000002,False,False,True,True,True,20241105
301396.SZ,False,True,19,-209341228.16,-158964349.62000003,False,False,True,True,True,20241105
605577.SH,True,True,22,113928916.84999996,464310477.31000006,False,False,False,False,True,20241105
000596.SZ,False,True,60,4120780306.0999985,3764806927.9399996,False,False,False,False,True,20241105
301398.SZ,False,True,18,81585245.61,30732895.689999998,False,False,False,False,True,20241105
605580.SH,True,True,28,92261846.87999997,200320375.39000002,False,False,False,False,True,20241105
000597.SZ,False,True,60,689221656.63,761982395.9399999,False,False,False,False,True,20241105
301419.SZ,False,True,15,82763536.31,149778044.97000003,False,False,False,False,True,20241105
605588.SH,True,True,22,16293679.109999996,33834948.7,False,False,False,False,True,20241105
000598.SZ,False,True,60,3724120711.29,3148240593.2699995,False,False,False,False,True,20241105
302132.SZ,False,False,0,,,True,False,False,False,False,20241105
605589.SH,True,True,50,-137650067.36,1133443200.71,False,False,False,True,True,20241105
000599.SZ,False,True,60,283185641.60999995,337866663.86,False,False,False,False,True,20241105
600000.SH,False,True,60,118313000000.0,497228000000.0,False,False,False,False,True,20241105
605598.SH,True,True,21,-78402267.93,111745243.69,False,False,False,True,True,20241105
000600.SZ,False,True,60,2779217610.32,782348320.6100001,False,False,False,False,True,20241105
600004.SH,False,True,60,3242828178.24,2324874778.75,False,False,False,False,True,20241105
605599.SH,True,True,21,912965798.3299999,347061899.6999998,False,False,False,False,True,20241105
000601.SZ,False,True,60,1409031552.76,270013669.43999994,False,False,False,False,True,20241105
600006.SH,False,True,60,-2165625703.2200003,-977833454.1300001,False,False,True,True,True,20241105
688001.SH,True,True,28,-128878664.72,289250126.20000005,False,False,False,True,True,20241105
000603.SZ,False,True,60,711373110.77,126740584.78999996,False,False,False,False,True,20241105
600007.SH,False,True,60,1804617278.0,1858552282.0,False,False,False,False,True,20241105
688002.SH,True,True,28,528105211.64,517211616.21,False,False,False,False,True,20241105
000605.SZ,False,True,60,307531873.55,70686290.41,False,False,False,False,True,20241105
600008.SH,False,True,60,3430865583.9199996,3053186121.56,False,False,False,False,True,20241105
688003.SH,True,True,34,-37895425.74000001,385827950.9,False,False,False,True,True,20241105
000607.SZ,False,True,60,125304769.35000002,461011459.60999995,False,False,False,False,True,20241105
600009.SH,False,True,60,5790801480.04,2427878483.94,False,False,False,False,True,20241105
688004.SH,True,True,29,12522776.849999994,-20805049.50999999,False,False,True,False,True,20241105
000608.SZ,False,True,60,61407990.36,93288554.63000003,False,False,False,False,True,20241105
600010.SH,False,True,60,1022644792.7800001,-320549383.74,False,False,True,False,True,20241105
688005.SH,True,True,29,420391264.40999997,138841274.64999992,False,False,False,False,True,20241105
000609.SZ,False,True,60,25372730.91,-37445840.22,False,False,True,False,True,20241105
600011.SH,False,True,60,54829878257.0,40596564398.0,False,False,False,False,True,20241105
688006.SH,True,True,29,-27451128.370000005,464125120.2099999,False,False,False,True,True,20241105
000610.SZ,False,True,60,-17286650.340000004,-20161762.330000013,False,False,True,True,True,20241105
600012.SH,False,True,60,2514272381.75,2416149157.36,False,False,False,False,True,20241105
688007.SH,True,True,27,226672685.23000002,375063445.91999996,False,False,False,False,True,20241105
000612.SZ,False,True,60,1102274923.1000001,524102669.39,False,False,False,False,True,20241105
600015.SH,False,True,60,123587000000.0,171580000000.0,False,False,False,False,True,20241105
688008.SH,True,True,28,1629647728.07,541685809.99,False,False,False,False,True,20241105
000615.SZ,False,True,60,122994914.30999997,233053635.67999998,False,False,False,False,True,20241105
600016.SH,False,True,60,-244461000000.0,302688000000.0,False,False,False,True,True,20241105
688009.SH,True,True,29,6259531791.059999,1466098382.22,False,False,False,False,True,20241105
000617.SZ,False,True,60,36135244904.649994,125424539669.47,False,False,False,False,True,20241105
600017.SH,False,True,60,2480124923.2899995,2650554827.95,False,False,False,False,True,20241105
688010.SH,True,True,28,92142300.27,101466987.44,False,False,False,False,True,20241105
000619.SZ,False,True,60,84839770.79000002,377208237.61,False,False,False,False,True,20241105
600018.SH,False,True,60,13748302383.57,11180807623.310001,False,False,False,False,True,20241105
688011.SH,True,True,29,-39175908.77,1464793.7800000012,False,False,False,True,True,20241105
000620.SZ,False,True,60,-125884017.84999996,898782367.32,False,False,False,True,True,20241105
600019.SH,False,True,60,27685061893.68,34113678498.82,False,False,False,False,True,20241105
688012.SH,True,True,29,567133065.54,-732305478.03,False,False,True,False,True,20241105
000623.SZ,False,True,60,306143452.48,93865526.74999999,False,False,False,False,True,20241105
600020.SH,False,True,60,2070567725.21,2375502893.12,False,False,False,False,True,20241105
688013.SH,True,True,24,72279482.35000001,54254575.13999999,False,False,False,False,True,20241105
000625.SZ,False,True,60,6776314255.920002,19362166834.85,False,False,False,False,True,20241105
600021.SH,False,True,60,10803142845.670002,7985938015.86,False,False,False,False,True,20241105
688015.SH,True,True,29,236489329.36,-40141277.99000001,False,False,True,False,True,20241105
000626.SZ,False,True,60,638261452.1400001,-1416824174.19,False,False,True,False,True,20241105
600022.SH,False,True,60,536278679.32000005,853145249.9899998,False,False,False,False,True,20241105
688016.SH,True,True,28,605947377.6099999,398021210.52,False,False,False,False,True,20241105
000628.SZ,False,True,60,-109029034.48000026,-1128074076.83,False,False,True,True,True,20241105
600023.SH,False,True,50,16109301535.41,2558228366.8,False,False,False,False,True,20241105
688017.SH,True,True,24,107670361.04999998,84084197.0,False,False,False,False,True,20241105
000629.SZ,False,True,60,598481537.22,1017219121.52,False,False,False,False,True,20241105
600025.SH,False,True,60,18592194472.92,16000338545.720001,False,False,False,False,True,20241105
688018.SH,True,True,29,187955101.19,286777681.41,False,False,False,False,True,20241105
000630.SZ,False,True,60,4148123356.589999,3309998593.8499994,False,False,False,False,True,20241105
600026.SH,False,True,60,8048905266.659999,8892280744.49,False,False,False,False,True,20241105
688019.SH,True,True,28,471078700.31999993,296711923.86,False,False,False,False,True,20241105
000631.SZ,False,True,60,39858477.17999999,84270377.23000002,False,False,False,False,True,20241105
600027.SH,False,True,60,13680790000.0,11778445000.0,False,False,False,False,True,20241105
688020.SH,True,True,32,-6637955.8999999985,41012176.17,False,False,False,True,True,20241105
000632.SZ,False,True,60,-523364462.85,595197727.11,False,False,False,True,True,20241105
600028.SH,False,True,60,164707000000.0,155334000000.0,False,False,False,False,True,20241105
688021.SH,True,True,27,131576465.1,-46559857.980000004,False,False,True,False,True,20241105
000633.SZ,False,True,60,-3304299.8100000005,-8527936.09,False,False,True,True,True,20241105
600029.SH,False,True,60,30012000000.0,33144000000.0,False,False,False,False,True,20241105
688022.SH,True,True,28,-124962984.86000001,-451508395.28000003,False,False,True,True,True,20241105
000635.SZ,False,True,60,-639074126.96,-617927725.1999999,False,False,True,True,True,20241105
600030.SH,False,True,60,127074193390.27998,-37522921527.350006,False,False,True,False,True,20241105
688023.SH,True,True,27,24430825.27999997,-308851531.67999995,False,False,True,False,True,20241105
000636.SZ,False,True,60,462458507.92999995,260088017.25999993,False,False,False,False,True,20241105
600031.SH,False,True,60,13021636000.0,5673965000.0,False,False,False,False,True,20241105
688025.SH,True,True,29,89648576.53000002,101324874.49,False,False,False,False,True,20241105
000637.SZ,False,True,56,,141711985.05999994,False,False,False,False,False,20241105
600032.SH,False,True,24,2934682317.68,2837037311.7300005,False,False,False,False,True,20241105
688026.SH,True,True,33,68585537.55,119988379.49000001,False,False,False,False,True,20241105
000639.SZ,False,True,60,443698456.65999997,225518112.77,False,False,False,False,True,20241105
600033.SH,False,True,60,2082489139.0299997,1869844200.1000001,False,False,False,False,True,20241105
688027.SH,True,True,26,-81626877.63999999,62324552.599999994,False,False,False,True,True,20241105
000650.SZ,False,True,60,586951692.19,1188047885.5,False,False,False,False,True,20241105
600035.SH,False,True,60,1859497878.0800002,1995057353.6799998,False,False,False,False,True,20241105
688028.SH,True,True,28,146993753.63,89387210.55,False,False,False,False,True,20241105
000651.SZ,False,True,60,29514694385.980003,45805986441.03,False,False,False,False,True,20241105
600036.SH,False,True,60,591338000000.0,477297000000.0,False,False,False,False,True,20241105
688029.SH,True,True,43,568053441.32,457186532.87,False,False,False,False,True,20241105
000652.SZ,False,True,60,563695048.96,224042108.95,False,False,False,False,True,20241105
600037.SH,False,True,60,559082412.4800001,747848964.25,False,False,False,False,True,20241105
688030.SH,True,True,27,-36800073.13000001,-182766172.94,False,False,True,True,True,20241105
000655.SZ,False,True,60,223647785.90000004,160659267.94,False,False,False,False,True,20241105
600038.SH,False,True,60,-8894289838.29,-200368737.41000032,False,False,True,True,True,20241105
688033.SH,True,True,29,-35423461.30000001,-241568611.92,False,False,True,True,True,20241105
000656.SZ,False,True,60,-2532631366.29,-3359442133.34,False,False,True,True,True,20241105
600039.SH,False,True,60,-1120783605.4899998,9380713304.35,False,False,False,True,True,20241105
688036.SH,True,True,27,1743308433.5200005,12467301988.019999,False,False,False,False,True,20241105
000657.SZ,False,True,60,207050785.39999998,318764556.53000003,False,False,False,False,True,20241105
600048.SH,False,True,60,-8875891005.96,44103395876.119995,False,False,False,True,True,20241105
688037.SH,True,True,27,216507354.08000004,-453022332.38,False,False,True,False,True,20241105
000659.SZ,False,True,60,100737045.66,128960398.75,False,False,False,False,True,20241105
600050.SH,False,True,60,94890780920.0,96800794655.0,False,False,False,False,True,20241105
688038.SH,True,True,33,-21182416.25,-111426974.25,False,False,True,True,True,20241105
000661.SZ,False,True,60,4575813508.08,4851573888.139999,False,False,False,False,True,20241105
600051.SH,False,True,60,116188499.63999999,-169335439.47000006,False,False,True,False,True,20241105
688039.SH,True,True,27,-35735854.5,-53517795.97000001,False,False,True,True,True,20241105
000663.SZ,False,True,60,151468212.60000002,245545005.67000002,False,False,False,False,True,20241105
600052.SH,False,True,60,77124330.57000001,178788274.39,False,False,False,False,True,20241105
688046.SH,True,True,18,63518092.580000006,96135973.00999999,False,False,False,False,True,20241105
000665.SZ,False,True,60,-74333307.55000001,-318758409.51,False,False,True,True,True,20241105
600053.SH,False,True,60,-97349371.60999998,-9293680.700000018,False,False,True,True,True,20241105
688048.SH,True,True,18,-75131654.25999999,63203749.36,False,False,False,True,True,20241105
000668.SZ,False,True,60,-33850380.58,-29839227.53,False,False,True,True,True,20241105
600054.SH,False,True,60,463802279.1500001,602434889.87,False,False,False,False,True,20241105
688049.SH,True,True,20,132901517.03999999,85390923.14000002,False,False,False,False,True,20241105
000669.SZ,False,True,60,169221954.15999997,146682000.96000004,False,False,False,False,True,20241105
600055.SH,False,True,60,186780414.03,159488976.59000003,False,False,False,False,True,20241105
688050.SH,True,True,26,298914981.04999995,178798227.95000002,False,False,False,False,True,20241105
000670.SZ,False,True,60,-75470504.07999998,-182562232.23000002,False,False,True,True,True,20241105
600056.SH,False,True,60,872788131.1199999,1126693235.66,False,False,False,False,True,20241105
688051.SH,True,True,26,-15466976.779999986,-153935448.01000002,False,False,True,True,True,20241105
000672.SZ,False,True,60,1058297230.4300001,778255904.3199998,False,False,False,False,True,20241105
600057.SH,False,True,60,4502381833.809999,11534378132.32,False,False,False,False,True,20241105
688052.SH,True,True,26,172272192.77,-268694849.86,False,False,True,False,True,20241105
000676.SZ,False,True,60,24972684.0,-265078672.6600001,False,False,True,False,True,20241105
600058.SH,False,True,60,-583266649.7300003,12943523.490000129,False,False,False,True,True,20241105
688055.SH,True,True,26,438116758.61,706503739.71,False,False,False,False,True,20241105
000677.SZ,False,True,60,145638129.0,114361714.70000002,False,False,False,False,True,20241105
600059.SH,False,True,60,392677596.03000003,238670638.55,False,False,False,False,True,20241105
688056.SH,True,True,29,23779681.590000004,38646656.19,False,False,False,False,True,20241105
000678.SZ,False,True,60,254202427.17999998,-57258467.57,False,False,True,False,True,20241105
600060.SH,False,True,60,3494470421.2200007,3523504765.4900002,False,False,False,False,True,20241105
688057.SH,True,True,40,260477534.60999995,122407491.10999998,False,False,False,False,True,20241105
000679.SZ,False,True,60,-54376115.37,3946855.670000002,False,False,False,True,True,20241105
600061.SH,False,True,60,45828331888.350006,-41003019822.159996,False,False,True,False,True,20241105
688058.SH,True,True,29,-64858840.42999999,-22378082.32,False,False,True,True,True,20241105
000680.SZ,False,True,60,917636116.4499999,476118974.25,False,False,False,False,True,20241105
600062.SH,False,True,60,2064172883.7199998,1511454975.44,False,False,False,False,True,20241105
688059.SH,True,True,23,12872553.14,32820813.309999987,False,False,False,False,True,20241105
000681.SZ,False,True,60,140468687.47,153892733.11,False,False,False,False,True,20241105
600063.SH,False,True,60,53285104.78999999,567414732.6700001,False,False,False,False,True,20241105
688060.SH,True,True,29,15721301.909999996,-79645766.11000001,False,False,True,False,True,20241105
000682.SZ,False,True,60,1167331997.3500001,906840272.97,False,False,False,False,True,20241105
600064.SH,False,True,60,-1361162466.04,-2288764835.4799995,False,False,True,True,True,20241105
688062.SH,True,True,21,-888490211.8600001,-773931242.1099999,False,False,True,True,True,20241105
000683.SZ,False,True,60,4138237066.13,2780233885.5699997,False,False,False,False,True,20241105
600066.SH,False,True,60,4074950880.4299994,7996236631.56,False,False,False,False,True,20241105
688063.SH,True,True,26,601421730.21,1547918839.9799998,False,False,False,False,True,20241105
000685.SZ,False,True,60,3119033.3200000525,399768246.39,False,False,False,False,True,20241105
600067.SH,False,True,60,1865943940.1999998,1557437078.15,False,False,False,False,True,20241105
688065.SH,True,True,26,715195532.23,684763898.21,False,False,False,False,True,20241105
000686.SZ,False,True,60,9328152889.199999,-5709517872.379999,False,False,True,False,True,20241105
600071.SH,False,True,60,121417798.64000002,163993679.07999998,False,False,False,False,True,20241105
688066.SH,True,True,30,-129298808.44999981,-874261242.2100002,False,False,True,True,True,20241105
000688.SZ,False,True,60,632268535.77,393688303.53000003,False,False,False,False,True,20241105
600072.SH,False,True,60,1473133912.1599998,-6261351027.34,False,False,True,False,True,20241105
688067.SH,True,True,33,26291214.509999998,16304136.189999998,False,False,False,False,True,20241105
000690.SZ,False,True,60,1815121683.6499999,1914486970.58,False,False,False,False,True,20241105
600073.SH,False,True,60,847164657.87,918761365.78,False,False,False,False,True,20241105
688068.SH,True,True,27,289821254.23,-81572745.05000007,False,False,True,False,True,20241105
000691.SZ,False,True,60,-4788986.6499999985,53136025.3,False,False,False,True,True,20241105
600075.SH,False,True,60,2323608746.1699996,1557100565.2199998,False,False,False,False,True,20241105
688069.SH,True,True,26,111867204.78,-61283329.63000001,False,False,True,False,True,20241105
000692.SZ,False,True,60,582393298.3799999,-12019288.879999995,False,False,True,False,True,20241105
600076.SH,False,True,60,69700416.75,15559936.369999997,False,False,False,False,True,20241105
688070.SH,True,True,23,30606.989999994636,-66511980.67,False,False,True,False,True,20241105
000695.SZ,False,True,60,45079079.41,7943475.859999999,False,False,False,False,True,20241105
600078.SH,False,True,60,314627920.65,607993607.29,False,False,False,False,True,20241105
688071.SH,True,True,22,31133134.689999998,73616989.12,False,False,False,False,True,20241105
000697.SZ,False,True,60,103323743.28,-211843268.19,False,False,True,False,True,20241105
600079.SH,False,True,60,2486549944.15,2427832343.91,False,False,False,False,True,20241105
688075.SH,True,True,21,85565435.91000009,-876818747.5699997,False,False,True,False,True,20241105
000698.SZ,False,True,60,210331750.38,-142404871.41999996,False,False,True,False,True,20241105
600080.SH,False,True,60,71739076.4,49927065.64,False,False,False,False,True,20241105
688076.SH,True,True,37,382352668.4699999,279882855.35,False,False,False,False,True,20241105
000700.SZ,False,True,60,1266646897.0299997,1416192307.34,False,False,False,False,True,20241105
600081.SH,False,True,60,374351988.06999993,983540928.8999999,False,False,False,False,True,20241105
688077.SH,True,True,28,42362256.66,308835694.46000004,False,False,False,False,True,20241105
000701.SZ,False,True,60,2035687365.62,563503491.8700001,False,False,False,False,True,20241105
600082.SH,False,True,60,499822499.30999994,550867793.79,False,False,False,False,True,20241105
688078.SH,True,True,36,9724341.43,-6382900.640000001,False,False,True,False,True,20241105
000702.SZ,False,True,60,-33101863.749999996,-15694953.5,False,False,True,True,True,20241105
600084.SH,False,True,60,-32134211.450000003,-9198870.840000002,False,False,True,True,True,20241105
688079.SH,True,True,22,86985448.64,118819006.38,False,False,False,False,True,20241105
000703.SZ,False,True,60,4589251056.99,6907062695.02,False,False,False,False,True,20241105
600085.SH,False,True,60,-577398055.7400002,3075438602.29,False,False,False,True,True,20241105
688080.SH,True,True,38,135898918.92000002,157450521.52,False,False,False,False,True,20241105
000705.SZ,False,True,60,120924072.99,154707682.01999998,False,False,False,False,True,20241105
600088.SH,False,True,60,17806680.98999998,100494369.37000003,False,False,False,False,True,20241105
688081.SH,True,True,27,-27823432.729999997,-34435099.78,False,False,True,True,True,20241105
000707.SZ,False,True,60,588347134.1600001,437754209.07000005,False,False,False,False,True,20241105
600089.SH,False,True,60,17179486896.07,20865687894.140003,False,False,False,False,True,20241105
688082.SH,True,True,20,398169134.91999996,-186799512.75,False,False,True,False,True,20241105
000708.SZ,False,True,60,9265864950.36,11190781076.140001,False,False,False,False,True,20241105
600094.SH,False,True,60,342843750.98,1578276680.8600001,False,False,False,False,True,20241105
688083.SH,True,True,29,88963417.66,72406373.48,False,False,False,False,True,20241105
000709.SZ,False,True,60,10902410965.730001,5652769818.810003,False,False,False,False,True,20241105
600095.SH,False,True,60,6115974187.190001,-372665555.53,False,False,True,False,True,20241105
688085.SH,True,True,26,105612017.79999998,227408826.43,False,False,False,False,True,20241105
000710.SZ,False,True,60,127450030.09,54624410.34,False,False,False,False,True,20241105
600096.SH,False,True,60,9916984032.32,12092492064.18,False,False,False,False,True,20241105
688087.SH,True,True,22,354754520.4599999,179141255.32999998,False,False,False,False,True,20241105
000711.SZ,False,True,60,-443372250.76,51054237.6,False,False,False,True,True,20241105
600097.SH,False,True,60,372367715.64,-56631672.43000001,False,False,True,False,True,20241105
688088.SH,True,True,29,106773074.67999998,147857912.04000002,False,False,False,False,True,20241105
000712.SZ,False,True,60,2177391131.73,-466418044.31999993,False,False,True,False,True,20241105
600098.SH,False,True,60,3883859862.59,3128853297.24,False,False,False,False,True,20241105
688089.SH,True,True,30,149520325.84,118073861.23000002,False,False,False,False,True,20241105
000713.SZ,False,True,60,-56704198.37999998,234694667.41999996,False,False,False,True,True,20241105
600099.SH,False,True,60,160907694.03999996,140026434.13000003,False,False,False,False,True,20241105
688090.SH,True,True,27,124681757.65,-57408506.6,False,False,True,False,True,20241105
000715.SZ,False,True,60,126456679.01000002,220380580.15,False,False,False,False,True,20241105
600100.SH,False,True,60,536158992.8700001,602185218.3700001,False,False,False,False,True,20241105
688091.SH,True,True,22,44692494.37,74346052.72999999,False,False,False,False,True,20241105
000716.SZ,False,True,60,133850807.02000004,384341599.0300001,False,False,False,False,True,20241105
600101.SH,False,True,60,326606174.83000004,380149212.02000004,False,False,False,False,True,20241105
688092.SH,True,True,23,78442419.36,60165793.86,False,False,False,False,True,20241105
000717.SZ,False,True,60,515057307.4100001,962506560.25,False,False,False,False,True,20241105
600103.SH,False,True,60,712426963.31,193805637.16000003,False,False,False,False,True,20241105
688093.SH,True,True,24,179608373.98000002,192355060.76,False,False,False,False,True,20241105
000718.SZ,False,True,60,-203459722.73000002,997065397.48,False,False,False,True,True,20241105
600104.SH,False,True,60,39927639526.58,25501951738.659996,False,False,False,False,True,20241105
688095.SH,True,True,40,-97457158.23999998,-7304592.479999997,False,False,True,True,True,20241105
000719.SZ,False,True,60,2206287734.0399995,1533996176.56,False,False,False,False,True,20241105
600105.SH,False,True,60,-280590953.10999995,63325250.120000005,False,False,False,True,True,20241105
688096.SH,True,True,37,-69592171.07999998,-81100336.84000003,False,False,True,True,True,20241105
000720.SZ,False,True,60,-206842384.0,-95375615.04,False,False,True,True,True,20241105
600106.SH,False,True,60,156542699.46000004,174871243.29,False,False,False,False,True,20241105
688097.SH,True,True,24,412101314.79,-340712120.98,False,False,True,False,True,20241105
000721.SZ,False,True,60,84312672.36999999,39274875.2,False,False,False,False,True,20241105
600107.SH,False,True,59,,-72529694.96000001,False,False,True,False,False,20241105
688098.SH,True,True,32,70674510.72999999,-4366061.819999993,False,False,True,False,True,20241105
000722.SZ,False,True,60,367359158.03,184953199.47,False,False,False,False,True,20241105
600108.SH,False,True,60,57266193.080000006,260628201.86,False,False,False,False,True,20241105
688099.SH,True,True,28,1185295815.79,731010864.6899999,False,False,False,False,True,20241105
000723.SZ,False,True,60,1634885735.7099998,983397320.5499997,False,False,False,False,True,20241105
600109.SH,False,True,60,18594315004.11,-4521261776.68,False,False,True,False,True,20241105
688100.SH,True,True,27,584533428.1500001,426250927.37,False,False,False,False,True,20241105
000725.SZ,False,True,60,49111799209.0,35050810759.0,False,False,False,False,True,20241105
600110.SH,False,True,60,-495830941.9600001,-462346536.0199999,False,False,True,True,True,20241105
688101.SH,True,True,32,141613391.48999995,355818984.02,False,False,False,False,True,20241105
000726.SZ,False,True,60,1455293975.99,853879379.2499999,False,False,False,False,True,20241105
600111.SH,False,True,60,1795326292.25,1743594269.7999992,False,False,False,False,True,20241105
688102.SH,True,True,21,157781496.6,167860264.75,False,False,False,False,True,20241105
000727.SZ,False,True,60,248864794.4699999,4849478062.84,False,False,False,False,True,20241105
600113.SH,False,True,60,120740696.36999999,165264616.62,False,False,False,False,True,20241105
688103.SH,True,True,24,91959054.13,-25752639.199999996,False,False,True,False,True,20241105
000728.SZ,False,True,60,11307196302.82,-1580613639.37,False,False,True,False,True,20241105
600114.SH,False,True,60,273051115.65,217792328.69,False,False,False,False,True,20241105
688105.SH,True,True,21,71592274.67,588708297.0000001,False,False,False,False,True,20241105
000729.SZ,False,True,60,1846149298.5399995,1911564369.46,False,False,False,False,True,20241105
600115.SH,False,True,60,26656000000.0,20080000000.0,False,False,False,False,True,20241105
688106.SH,True,True,39,475089967.93,440822048.72,False,False,False,False,True,20241105
000731.SZ,False,True,60,510153087.75,364291396.4499999,False,False,False,False,True,20241105
600116.SH,False,True,60,1264029355.63,1128985294.7900002,False,False,False,False,True,20241105
688107.SH,True,True,20,84128843.64999998,-388175679.73,False,False,True,False,True,20241105
000733.SZ,False,True,60,2143108264.8600001,932174439.87,False,False,False,False,True,20241105
600117.SH,False,True,60,-663922452.05,117946611.27999997,False,False,False,True,True,20241105
688108.SH,True,True,27,70314529.25999999,-4259384.470000014,False,False,True,False,True,20241105
000735.SZ,False,True,60,168847068.74,340793552.52,False,False,False,False,True,20241105
600118.SH,False,True,60,-956076757.0499998,93650829.54999995,False,False,False,True,True,20241105
688109.SH,True,True,32,65750362.279999994,-57765314.74000001,False,False,True,False,True,20241105
000736.SZ,False,True,60,3608102317.17,3583293114.7199993,False,False,False,False,True,20241105
600119.SH,False,True,60,115124601.86,-5686881.109999999,False,False,True,False,True,20241105
688111.SH,True,True,30,2197660267.93,1681938963.5999997,False,False,False,False,True,20241105
000737.SZ,False,True,60,-10770675.659999847,725058040.0899999,False,False,False,True,True,20241105
600120.SH,False,True,60,2968277020.2599998,785395150.7099999,False,False,False,False,True,20241105
688112.SH,True,True,21,147751292.02000004,36179156.400000006,False,False,False,False,True,20241105
000738.SZ,False,True,60,706972226.5600001,90755561.83999991,False,False,False,False,True,20241105
600121.SH,False,True,60,427786759.65,333527542.5799999,False,False,False,False,True,20241105
688113.SH,True,True,22,86637678.14000002,45305291.44000001,False,False,False,False,True,20241105
000739.SZ,False,True,60,1348531748.06,1303875028.67,False,False,False,False,True,20241105
600123.SH,False,True,60,1647409134.6,3149139843.450001,False,False,False,False,True,20241105
688116.SH,True,True,27,180291266.24000004,339720148.33,False,False,False,False,True,20241105
000750.SZ,False,True,60,3573499639.3099995,-16203302758.96,False,False,True,False,True,20241105
600125.SH,False,True,60,455299679.57,148861779.15999997,False,False,False,False,True,20241105
688117.SH,True,True,22,80628272.74000001,89016885.49000001,False,False,False,False,True,20241105
000751.SZ,False,True,60,-154050663.32999992,-544803318.84,False,False,True,True,True,20241105
600126.SH,False,True,60,-2515481559.39,-3500577939.03,False,False,True,True,True,20241105
688118.SH,True,True,30,-9306968.080000013,-47284161.67999999,False,False,True,True,True,20241105
000752.SZ,False,True,60,124131519.29,133389315.21999998,False,False,False,False,True,20241105
600127.SH,False,True,60,-107367860.83000004,124111585.48000002,False,False,False,True,True,20241105
688121.SH,True,True,21,230129693.57999998,-233891201.25999993,False,False,True,False,True,20241105
000753.SZ,False,True,60,-269856814.25,230465867.78999993,False,False,False,True,True,20241105
600128.SH,False,True,60,-320784322.42,44569174.78999999,False,False,False,True,True,20241105
688122.SH,True,True,49,537409306.66,275394120.4499999,False,False,False,False,True,20241105
000755.SZ,False,True,60,1228974340.8899999,1152404605.9499998,False,False,False,False,True,20241105
600129.SH,False,True,60,457625929.05999994,866296272.5900002,False,False,False,False,True,20241105
688123.SH,True,True,27,271151305.45000005,116337924.13,False,False,False,False,True,20241105
000756.SZ,False,True,60,443274387.58,600666073.09,False,False,False,False,True,20241105
600130.SH,False,True,60,14488191.56000001,63609497.21999997,False,False,False,False,True,20241105
688126.SH,True,True,26,-703362730.37,-384636285.33,False,False,True,True,True,20241105
000757.SZ,False,True,60,352743357.28999996,69789237.23000002,False,False,False,False,True,20241105
600131.SH,False,True,60,1355703599.2199998,1032750987.34,False,False,False,False,True,20241105
688127.SH,True,True,31,505761350.90999997,63798993.26999999,False,False,False,False,True,20241105
000758.SZ,False,True,60,1476338049.8899999,-316301110.7199999,False,False,True,False,True,20241105
600132.SH,False,True,60,2840434690.5000005,3268419820.439999,False,False,False,False,True,20241105
688128.SH,True,True,28,488755907.21,294429030.1700001,False,False,False,False,True,20241105
000759.SZ,False,True,60,340624237.39,661338137.0799999,False,False,False,False,True,20241105
600133.SH,False,True,60,-1157205514.8399997,-355494792.89,False,False,True,True,True,20241105
688129.SH,True,True,24,20090099.959999997,1356996.1199999992,False,False,False,False,True,20241105
000761.SZ,False,True,60,787089740.0500002,4496468717.33,False,False,False,False,True,20241105
600135.SH,False,True,60,31438779.259999983,344336707.33,False,False,False,False,True,20241105
688131.SH,True,True,30,289300649.83000004,-285589915.03,False,False,True,False,True,20241105
000762.SZ,False,True,60,407281292.3299999,1004599000.2800001,False,False,False,False,True,20241105
600136.SH,False,True,60,-71938298.44999999,47314052.47,False,False,False,True,True,20241105
688133.SH,True,True,32,93058485.22999999,-79563451.43,False,False,True,False,True,20241105
000766.SZ,False,True,60,139150603.72,194523702.07,False,False,False,False,True,20241105
600137.SH,False,True,60,85481813.49000001,38689070.42,False,False,False,False,True,20241105
688135.SH,True,True,33,215818403.51,201277145.29,False,False,False,False,True,20241105
000767.SZ,False,True,60,-1271635636.99,-843904163.24,False,False,True,True,True,20241105
600138.SH,False,True,60,616048298.6099999,655900813.6300001,False,False,False,False,True,20241105
688136.SH,True,True,23,40628466.87,-55495046.59,False,False,True,False,True,20241105
000768.SZ,False,True,60,131825922.13999939,-14637580728.519997,False,False,True,False,True,20241105
600141.SH,False,True,60,1358197288.6299996,1622259262.4700003,False,False,False,False,True,20241105
688138.SH,True,True,32,262554858.68999997,189365293.15,False,False,False,False,True,20241105
000776.SZ,False,True,60,9817359869.950005,42781425788.58,False,False,False,False,True,20241105
600143.SH,False,True,60,745209136.6999998,3962824573.0000005,False,False,False,False,True,20241105
688139.SH,True,True,27,195735700.70000002,606390210.26,False,False,False,False,True,20241105
000777.SZ,False,True,60,-102561752.76000005,-22631109.839999974,False,False,True,True,True,20241105
600148.SH,False,True,60,48868693.58,-58544888.739999995,False,False,True,False,True,20241105
688148.SH,True,True,28,-84112208.30000001,-620244011.47,False,False,True,True,True,20241105
000778.SZ,False,True,60,-846479015.96,3928262838.53,False,False,False,True,True,20241105
600149.SH,False,True,60,-7223056.5,14796881.219999999,False,False,False,True,True,20241105
688153.SH,True,True,23,-170170247.72999996,811142317.17,False,False,False,True,True,20241105
000779.SZ,False,True,60,168788387.81,-43033999.44,False,False,True,False,True,20241105
600150.SH,False,True,60,10053936633.869999,15226041282.78,False,False,False,False,True,20241105
688155.SH,True,True,25,714040336.0899999,-57113186.75,False,False,True,False,True,20241105
000782.SZ,False,True,60,-391235073.6,-259060080.06000006,False,False,True,True,True,20241105
600151.SH,False,True,60,478728077.26,136900086.88000005,False,False,False,False,True,20241105
688156.SH,True,True,36,31750801.61,-40953102.33,False,False,True,False,True,20241105
000783.SZ,False,True,60,23595158709.64,5889571564.07,False,False,False,False,True,20241105
600152.SH,False,True,60,87400488.10000002,469769547.9,False,False,False,False,True,20241105
688157.SH,True,True,26,65934229.05,59573703.27000001,False,False,False,False,True,20241105
000785.SZ,False,True,60,2690293458.32,3171419478.48,False,False,False,False,True,20241105
600153.SH,False,True,60,-9092211208.09,61624731614.03999,False,False,False,True,True,20241105
688158.SH,True,True,26,94748429.29999995,169633477.44000003,False,False,False,False,True,20241105
000786.SZ,False,True,60,5479811955.7300005,4122518369.8900003,False,False,False,False,True,20241105
600155.SH,False,True,60,1845626073.22,-545222188.25,False,False,True,False,True,20241105
688159.SH,True,True,33,-136948997.54,20440164.259999994,False,False,False,True,True,20241105
000788.SZ,False,True,60,203226802.37,214050757.74,False,False,False,False,True,20241105
600156.SH,False,True,60,-7681474.009999998,-46591875.97999999,False,False,True,True,True,20241105
688160.SH,True,True,27,96084529.46000001,82936271.24000001,False,False,False,False,True,20241105
000789.SZ,False,True,60,642597146.03,1410189392.35,False,False,False,False,True,20241105
600157.SH,False,True,60,6927641233.219998,6468932045.98,False,False,False,False,True,20241105
688161.SH,True,True,25,216074804.91,239553297.76,False,False,False,False,True,20241105
000790.SZ,False,True,60,233027.3900000006,75123640.16000003,False,False,False,False,True,20241105
600158.SH,False,True,60,-257816041.21999994,-134968197.31999993,False,False,True,True,True,20241105
688162.SH,True,True,21,395300475.70000005,-375744713.6,False,False,True,False,True,20241105
000791.SZ,False,True,60,1809730705.41,1695580642.84,False,False,False,False,True,20241105
600159.SH,False,True,60,-158242876.54000002,-207805268.36999997,False,False,True,True,True,20241105
688163.SH,True,True,27,55069496.13,23858118.500000007,False,False,False,False,True,20241105
000792.SZ,False,True,60,8314515364.95,14056931634.679998,False,False,False,False,True,20241105
600160.SH,False,True,60,2293273535.13,1601506598.6599998,False,False,False,False,True,20241105
688165.SH,True,True,25,-35380887.21000001,-142822042.88000003,False,False,True,True,True,20241105
000793.SZ,False,True,60,5631237.799999982,29657386.940000005,False,False,False,False,True,20241105
600161.SH,False,True,60,1351188515.2200003,2514781431.72,False,False,False,False,True,20241105
688166.SH,True,True,30,215526718.37000006,204247224.51999998,False,False,False,False,True,20241105
000795.SZ,False,True,60,568022017.76,268675514.90999997,False,False,False,False,True,20241105
600162.SH,False,True,60,324239382.63,1100395652.22,False,False,False,False,True,20241105
688167.SH,True,True,27,93743937.19,35926059.510000005,False,False,False,False,True,20241105
000796.SZ,False,True,60,307790025.56,70834433.30999994,False,False,False,False,True,20241105
600163.SH,False,True,60,935866526.3800001,1367526563.16,False,False,False,False,True,20241105
688168.SH,True,True,33,-228425013.39999998,-144665397.03999996,False,False,True,True,True,20241105
000797.SZ,False,True,60,-390755808.4299998,1291574128.58,False,False,False,True,True,20241105
600165.SH,False,True,60,47715614.51,-182679348.65,False,False,True,False,True,20241105
688169.SH,True,True,27,1514827330.0,2464296142.0,False,False,False,False,True,20241105
000798.SZ,False,True,60,-297203894.13,-46934261.36,False,False,True,True,True,20241105
600166.SH,False,True,60,-2697564204.0099998,2779957350.5,False,False,False,True,True,20241105
688170.SH,True,True,22,-64967308.18000001,-3822517.9700000007,False,False,True,True,True,20241105
000799.SZ,False,True,60,-417552692.0,-99864577.48999995,False,False,True,True,True,20241105
600167.SH,False,True,60,1378336049.09,1355868553.31,False,False,False,False,True,20241105
688171.SH,True,True,21,34551365.43000001,25567350.35,False,False,False,False,True,20241105
000800.SZ,False,True,60,-11392999760.15,8994148428.24,False,False,False,True,True,20241105
600168.SH,False,True,60,793282002.0,239541250.09,False,False,False,False,True,20241105
688173.SH,True,True,19,-143456867.5,-217698610.49,False,False,True,True,True,20241105
000801.SZ,False,True,60,115830572.41999999,343962005.22999996,False,False,False,False,True,20241105
600169.SH,False,True,60,704147290.6500001,-206661869.05,False,False,True,False,True,20241105
688176.SH,True,True,19,-439123896.38000005,-358957618.0,False,False,True,True,True,20241105
000802.SZ,False,True,60,-34383663.88000001,-101350485.71,False,False,True,True,True,20241105
600170.SH,False,True,60,5085512269.460001,25919578839.22,False,False,False,False,True,20241105
688177.SH,True,True,27,-186355154.31999993,-504389062.8000001,False,False,True,True,True,20241105
000803.SZ,False,True,60,484619029.56,463765615.42,False,False,False,False,True,20241105
600171.SH,False,True,60,65228485.55999999,107469287.66000001,False,False,False,False,True,20241105
688178.SH,True,True,27,19876477.5,5353774.830000013,False,False,False,False,True,20241105
000807.SZ,False,True,60,6891978247.57,6766319309.919999,False,False,False,False,True,20241105
600172.SH,False,True,60,265854470.27000004,452427406.0500001,False,False,False,False,True,20241105
688179.SH,True,True,40,141557308.03,4866206.57,False,False,False,False,True,20241105
000809.SZ,False,True,60,-168884433.67000002,115029861.66,False,False,False,True,True,20241105
600173.SH,False,True,60,121462568.81000006,-788805547.06,False,False,True,False,True,20241105
688180.SH,True,True,38,-1454339988.9299998,-2322825884.56,False,False,True,True,True,20241105
000810.SZ,False,True,60,696256963.77,543760719.3000002,False,False,False,False,True,20241105
600176.SH,False,True,60,1453991427.34,994730254.8800001,False,False,False,False,True,20241105
688181.SH,True,True,38,193210279.48000002,176487249.24,False,False,False,False,True,20241105
000811.SZ,False,True,60,317214363.49,620801451.03,False,False,False,False,True,20241105
600177.SH,False,True,60,3689720690.5200005,4618062656.55,False,False,False,False,True,20241105
688182.SH,True,True,22,123745796.09,36765516.96000001,False,False,False,False,True,20241105
000812.SZ,False,True,60,169751913.95000002,136726342.15000004,False,False,False,False,True,20241105
600178.SH,False,True,60,-457318528.31000006,-14745633.199999988,False,False,True,True,True,20241105
688183.SH,True,True,23,403275269.84,485295590.6500001,False,False,False,False,True,20241105
000813.SZ,False,True,60,-8840855.019999996,160231934.39999998,False,False,False,True,True,20241105
600179.SH,False,True,60,791070320.57,1614389057.3200002,False,False,False,False,True,20241105
688185.SH,True,True,26,-446667965.84000015,-1207241021.75,False,False,True,True,True,20241105
000815.SZ,False,True,60,-70116702.08999999,74920158.61999999,False,False,False,True,True,20241105
600180.SH,False,True,60,-1060830391.92,1158131179.0499997,False,False,False,True,True,20241105
688186.SH,True,True,27,-989904171.22,-881831906.01,False,False,True,True,True,20241105
000816.SZ,False,True,60,114278870.89,-82294593.59,False,False,True,False,True,20241105
600182.SH,False,True,60,617556978.5700002,533872475.32,False,False,False,False,True,20241105
688187.SH,True,True,31,3570196773.0,1436794859.0,False,False,False,False,True,20241105
000818.SZ,False,True,60,-212248458.68,284362478.77000004,False,False,False,True,True,20241105
600183.SH,False,True,60,1697440768.0699997,3082000351.9400005,False,False,False,False,True,20241105
688188.SH,True,True,28,863361274.2200001,807646660.8100002,False,False,False,False,True,20241105
000819.SZ,False,True,60,61963080.0,205978934.74999997,False,False,False,False,True,20241105
600184.SH,False,True,60,194946886.13,-315820920.98,False,False,True,False,True,20241105
688189.SH,True,True,26,156755298.61,78415110.33999999,False,False,False,False,True,20241105
000820.SZ,False,True,60,-12439216.170000002,-6390114.550000001,False,False,True,True,True,20241105
600185.SH,False,True,60,270529254.92999935,6194344125.82,False,False,False,False,True,20241105
688190.SH,True,True,19,272150857.16999996,248894471.44,False,False,False,False,True,20241105
000821.SZ,False,True,60,254396618.53999996,574728807.04,False,False,False,False,True,20241105
600186.SH,False,True,60,304664247.12,-7218863.460000008,False,False,True,False,True,20241105
688191.SH,True,True,32,55488987.77000001,171605922.68,False,False,False,False,True,20241105
000822.SZ,False,True,60,1153003711.33,513808752.2,False,False,False,False,True,20241105
600187.SH,False,True,60,-44881721.9,344004220.28,False,False,False,True,True,20241105
688193.SH,True,True,18,45785967.9,-678025.0499999989,False,False,True,False,True,20241105
000823.SZ,False,True,60,465269615.26,893311077.1800001,False,False,False,False,True,20241105
600188.SH,False,True,60,15389285000.0,40015680000.0,False,False,False,False,True,20241105
688195.SH,True,True,22,67713519.9,51048487.61,False,False,False,False,True,20241105
000825.SZ,False,True,60,3340035778.43,1763638646.4499989,False,False,False,False,True,20241105
600189.SH,False,True,60,172608673.51,279035544.86,False,False,False,False,True,20241105
688196.SH,True,True,35,-339535047.93,369899945.78999996,False,False,False,True,True,20241105
000826.SZ,False,True,60,949901453.8699999,623662153.9100001,False,False,False,False,True,20241105
600191.SH,False,True,60,114362990.97999999,75840830.49000001,False,False,False,False,True,20241105
688197.SH,True,True,20,-188318533.82,-178182306.85000002,False,False,True,True,True,20241105
000828.SZ,False,True,60,720020631.0799999,208860296.54999995,False,False,False,False,True,20241105
600192.SH,False,True,60,32647005.25,-164194027.97,False,False,True,False,True,20241105
688198.SH,True,True,27,57306669.09,137076601.73000002,False,False,False,False,True,20241105
000829.SZ,False,True,60,770877688.7199998,686891453.6199999,False,False,False,False,True,20241105
600195.SH,False,True,60,71093311.89999999,97949742.84,False,False,False,False,True,20241105
688199.SH,True,True,43,30299223.60000001,-36464343.97,False,False,True,False,True,20241105
000830.SZ,False,True,60,4652245783.76,3827090044.620001,False,False,False,False,True,20241105
600196.SH,False,True,60,3939213932.1200004,3505508437.19,False,False,False,False,True,20241105
688200.SH,True,True,27,121019766.39000002,342576178.9,False,False,False,False,True,20241105
000831.SZ,False,True,60,-411398757.3900001,447654037.7399999,False,False,False,True,True,20241105
600197.SH,False,True,60,116855777.39999995,201803876.92,False,False,False,False,True,20241105
688201.SH,True,True,22,-2187867.700000003,87279747.91,False,False,False,True,True,20241105
000833.SZ,False,True,60,199245453.43,577674148.18,False,False,False,False,True,20241105
600198.SH,False,True,60,-50275700.360000014,-91722225.42999999,False,False,True,True,True,20241105
688202.SH,True,True,29,-26661761.160000004,17313775.160000004,False,False,False,True,True,20241105
000837.SZ,False,True,60,167619761.70999998,141605029.82,False,False,False,False,True,20241105
600199.SH,False,True,60,-281808712.04,104249442.65000004,False,False,False,True,True,20241105
688206.SH,True,True,19,-57725973.18000001,68385437.68,False,False,False,True,True,20241105
000838.SZ,False,True,60,-70048600.39999998,-136345909.62,False,False,True,True,True,20241105
600201.SH,False,True,60,330657037.8600001,429335419.39,False,False,False,False,True,20241105
688207.SH,True,True,18,-67353740.15000002,58787883.37,False,False,False,True,True,20241105
000839.SZ,False,True,60,-238935420.91,-185523499.5,False,False,True,True,True,20241105
600202.SH,False,True,60,55106594.92,-30236055.58,False,False,True,False,True,20241105
688208.SH,True,True,31,726882867.48,145754728.38,False,False,False,False,True,20241105
000848.SZ,False,True,60,627125634.8399999,640033695.61,False,False,False,False,True,20241105
600203.SH,False,True,60,66006713.45999995,49989539.15999997,False,False,False,False,True,20241105
688209.SH,True,True,19,20348478.310000002,162547320.79,False,False,False,False,True,20241105
000850.SZ,False,True,60,-44929360.25999999,557260591.6700001,False,False,False,True,True,20241105
600206.SH,False,True,60,-318009980.0799999,402268656.40999997,False,False,False,True,True,20241105
688210.SH,True,True,21,191252687.64,124246385.27000001,False,False,False,False,True,20241105
000852.SZ,False,True,60,-159693377.06,375605678.06999993,False,False,False,True,True,20241105
600207.SH,False,True,60,-312408511.72999996,-333613652.0500001,False,False,True,True,True,20241105
688211.SH,True,True,21,458917965.81999993,411206958.38,False,False,False,False,True,20241105
000856.SZ,False,True,60,-25361294.59000002,16563989.839999989,False,False,False,True,True,20241105
600208.SH,False,True,60,399273527.28999996,-4681566686.780001,False,False,True,False,True,20241105
688212.SH,True,True,21,-63970648.73,-14537283.310000002,False,False,True,True,True,20241105
000858.SZ,False,True,60,49147853466.850006,36034404188.34,False,False,False,False,True,20241105
600210.SH,False,True,60,2757134310.19,987739984.24,False,False,False,False,True,20241105
688215.SH,True,True,33,-22227163.090000004,-11401420.829999998,False,False,True,True,True,20241105
000859.SZ,False,True,60,59426130.849999994,31680049.430000007,False,False,False,False,True,20241105
600211.SH,False,True,60,1027399300.9300001,1019564098.61,False,False,False,False,True,20241105
688216.SH,True,True,28,44458549.05,-24123252.550000012,False,False,True,False,True,20241105
000860.SZ,False,True,60,367628427.0899999,136857489.55000007,False,False,False,False,True,20241105
600212.SH,False,True,60,-44351759.96000001,-129405451.7,False,False,True,True,True,20241105
688217.SH,True,True,22,48291641.39000001,100687919.28,False,False,False,False,True,20241105
000862.SZ,False,True,60,505257783.08,617769524.88,False,False,False,False,True,20241105
600215.SH,False,True,60,-8153440.7299999595,-326758679.86,False,False,True,True,True,20241105
688218.SH,True,True,36,30294569.299999997,27342972.07,False,False,False,False,True,20241105
000863.SZ,False,True,60,-30658524.57,120065486.57,False,False,False,True,True,20241105
600216.SH,False,True,60,915668185.3399999,790090652.6600001,False,False,False,False,True,20241105
688219.SH,True,True,23,349825214.8000001,249291176.71000004,False,False,False,False,True,20241105
000868.SZ,False,True,60,-54660346.56999999,214808176.9700001,False,False,False,True,True,20241105
600217.SH,False,True,60,-32746684.670000017,-277512084.79999995,False,False,True,True,True,20241105
688220.SH,True,True,20,-412843952.9599999,-777752356.49,False,False,True,True,True,20241105
000869.SZ,False,True,60,624394932.0,861156627.0,False,False,False,False,True,20241105
600218.SH,False,True,60,95264895.62,151849579.02999997,False,False,False,False,True,20241105
688221.SH,True,True,27,-191460990.59000003,-311862453.4,False,False,True,True,True,20241105
000875.SZ,False,True,60,6020014971.779999,4914003189.77,False,False,False,False,True,20241105
600219.SH,False,True,60,5795628303.86,5378683925.289999,False,False,False,False,True,20241105
688222.SH,True,True,27,158378330.08999997,125140496.82000001,False,False,False,False,True,20241105
000876.SZ,False,True,60,15513115149.73,12254986041.37,False,False,False,False,True,20241105
600221.SH,False,True,60,9954626000.0,9217252000.0,False,False,False,False,True,20241105
688223.SH,True,True,45,13348562196.970001,12925947438.39,False,False,False,False,True,20241105
000877.SZ,False,True,60,9221420821.16,16899498555.780003,False,False,False,False,True,20241105
600222.SH,False,True,60,-287509.25,-104103393.54000002,False,False,True,True,True,20241105
688225.SH,True,True,20,-158410368.66999996,-466582670.21999997,False,False,True,True,True,20241105
000878.SZ,False,True,60,-816211810.7800002,6038949117.999999,False,False,False,True,True,20241105
600223.SH,False,True,60,207611242.12,97794349.99000001,False,False,False,False,True,20241105
688226.SH,True,True,30,-46539317.19,-313239055.46,False,False,True,True,True,20241105
000880.SZ,False,True,60,214791932.56000006,557080173.8900001,False,False,False,False,True,20241105
600226.SH,False,True,60,-76544985.64000002,-3160874.480000004,False,False,True,True,True,20241105
688227.SH,True,True,21,-129080303.17999995,-67095744.00000001,False,False,True,True,True,20241105
000881.SZ,False,True,60,285950655.41999996,461879347.58,False,False,False,False,True,20241105
600227.SH,False,True,60,444139089.15,194536112.01999998,False,False,False,False,True,20241105
688228.SH,True,True,31,12256394.460000023,-65282864.480000004,False,False,True,False,True,20241105
000882.SZ,False,True,60,777324550.86,685163181.9600002,False,False,False,False,True,20241105
600228.SH,False,True,60,42159587.89,-9231258.530000001,False,False,True,False,True,20241105
688229.SH,True,True,30,-77523721.97,-93941325.52000003,False,False,True,True,True,20241105
000883.SZ,False,True,60,6297031569.08,3483987287.41,False,False,False,False,True,20241105
600229.SH,False,True,60,339233754.13,284724397.28999996,False,False,False,False,True,20241105
688230.SH,True,True,19,70932984.81000002,59707144.27999999,False,False,False,False,True,20241105
000885.SZ,False,True,60,1625050027.6100001,1805580628.2999997,False,False,False,False,True,20241105
600230.SH,False,True,60,494682477.5899999,649605923.6399999,False,False,False,False,True,20241105
688232.SH,True,True,21,229637236.21,108813949.82,False,False,False,False,True,20241105
000886.SZ,False,True,60,-710489557.89,-252892415.68,False,False,True,True,True,20241105
600231.SH,False,True,60,697769914.2600001,-774448729.8100001,False,False,True,False,True,20241105
688233.SH,True,True,27,162437964.79,66121198.619999975,False,False,False,False,True,20241105
000887.SZ,False,True,60,2030350465.4499998,955507119.27,False,False,False,False,True,20241105
600232.SH,False,True,60,-44071378.870000005,-53832819.3,False,False,True,True,True,20241105
688234.SH,True,True,19,-15530398.349999998,-50850149.64999999,False,False,True,True,True,20241105
000888.SZ,False,True,60,461121029.39000005,361346245.8,False,False,False,False,True,20241105
600233.SH,False,True,60,6310502192.619999,6222220556.2300005,False,False,False,False,True,20241105
688235.SH,True,True,20,-4232801000.0,-6742401000.0,False,False,True,True,True,20241105
000889.SZ,False,True,60,30049093.03999999,40983211.150000006,False,False,False,False,True,20241105
600234.SH,False,True,60,-58131319.61,81774570.47,False,False,False,True,True,20241105
688236.SH,True,True,21,480685317.34,131125626.1,False,False,False,False,True,20241105
000890.SZ,False,True,60,25982613.930000003,79366126.33,False,False,False,False,True,20241105
600235.SH,False,True,60,182423342.06,65709202.41,False,False,False,False,True,20241105
688238.SH,True,True,27,-142751061.43,-56141488.70999999,False,False,True,True,True,20241105
000892.SZ,False,True,60,22845131.559999987,103216287.71000001,False,False,False,False,True,20241105
600236.SH,False,True,60,5107410650.82,3870034794.6800013,False,False,False,False,True,20241105
688239.SH,True,True,29,171359413.54999998,124868100.77,False,False,False,False,True,20241105
000893.SZ,False,True,60,1045206075.6500003,2116433645.85,False,False,False,False,True,20241105
600237.SH,False,True,60,175990216.02999997,139116829.31,False,False,False,False,True,20241105
688246.SH,True,True,21,-78917433.68999997,-196893363.45000005,False,False,True,True,True,20241105
000895.SZ,False,True,60,7849571360.870001,5981265527.150002,False,False,False,False,True,20241105
600238.SH,False,True,60,-14625549.690000005,-79792432.25,False,False,True,True,True,20241105
688248.SH,True,True,19,491179339.85,283664163.44,False,False,False,False,True,20241105
000897.SZ,False,True,60,-128456284.34999996,3426940.8600000143,False,False,False,True,True,20241105
600239.SH,False,True,60,-76880596.26000011,9193071619.939999,False,False,False,True,True,20241105
688255.SH,True,True,28,47796691.54,-32967379.95,False,False,True,False,True,20241105
000898.SZ,False,True,60,-1508000000.0,2715000000.0,False,False,False,True,True,20241105
600241.SH,False,True,60,-13559169.209999993,-11326932.75999999,False,False,True,True,True,20241105
688256.SH,True,True,25,-1881135844.6300004,-696334964.8299999,False,False,True,True,True,20241105
000899.SZ,False,True,60,1310045705.1999998,639103766.69,False,False,False,False,True,20241105
600243.SH,False,True,60,-67223257.65,-61883485.41,False,False,True,True,True,20241105
688257.SH,False,True,30,150130992.78,6002373.98,False,False,False,False,True,20241105
000900.SZ,False,True,60,3015377677.2000003,3023283123.5099998,False,False,False,False,True,20241105
600246.SH,False,True,60,-39893520.84000001,85836926.60000002,False,False,False,True,True,20241105
688258.SH,False,True,27,97248591.26999998,65163860.38,False,False,False,False,True,20241105
000901.SZ,False,True,60,424728279.37,-77758436.38,False,False,True,False,True,20241105
600248.SH,False,True,60,-8370109954.0199995,-3881347156.5999994,False,False,True,True,True,20241105
688259.SH,False,True,21,-57699713.61000001,298317232.89,False,False,False,True,True,20241105
000902.SZ,False,True,60,501028688.3700001,3164305430.56,False,False,False,False,True,20241105
600249.SH,False,True,60,36957933.93,38142092.46,False,False,False,False,True,20241105
688260.SH,False,True,22,-22012404.29,-86680839.28999999,False,False,True,True,True,20241105
000903.SZ,False,True,60,-1999337040.46,-1386314701.47,False,False,True,True,True,20241105
600250.SH,False,True,60,87291231.39999998,58811582.7,False,False,False,False,True,20241105
688261.SH,False,True,19,-11434536.889999993,114978048.07000002,False,False,False,True,True,20241105
000905.SZ,False,True,60,-756849357.2199999,609948552.61,False,False,False,True,True,20241105
600251.SH,False,True,60,203144023.71000004,361152078.1500001,False,False,False,False,True,20241105
688262.SH,False,True,21,-108593390.58999997,-333947623.82000005,False,False,True,True,True,20241105
000906.SZ,False,True,60,-5586339864.380001,-3549902304.6900005,False,False,True,True,True,20241105
600252.SH,False,True,60,462891940.77000004,204535989.61999997,False,False,False,False,True,20241105
688265.SH,False,True,28,37498275.31,12058352.64,False,False,False,False,True,20241105
000908.SZ,False,True,60,18743148.5,49857176.83999999,False,False,False,False,True,20241105
600255.SH,False,True,60,162556638.06,-176367626.77000004,False,False,True,False,True,20241105
688266.SH,False,True,27,63115884.44,-318654482.75000006,False,False,True,False,True,20241105
000909.SZ,False,True,60,359730328.11999995,669953235.77,False,False,False,False,True,20241105
600256.SH,False,True,60,6662978270.070001,7079468224.129999,False,False,False,False,True,20241105
688268.SH,False,True,31,282937416.99,262798289.51,False,False,False,False,True,20241105
000910.SZ,False,True,60,619796020.97,695188351.4199998,False,False,False,False,True,20241105
600257.SH,False,True,60,154535629.32,123838233.72000001,False,False,False,False,True,20241105
688269.SH,False,True,32,95981818.42000002,123962496.73,False,False,False,False,True,20241105
000911.SZ,False,True,59,,449634124.78000003,False,False,False,False,False,20241105
600258.SH,False,True,60,3335522022.54,3754763958.51,False,False,False,False,True,20241105
688270.SH,False,True,19,27094712.48,17454154.93,False,False,False,False,True,20241105
000912.SZ,False,True,60,652787347.0899999,558742310.2300001,False,False,False,False,True,20241105
600259.SH,False,True,60,426506476.03000003,251286150.56999993,False,False,False,False,True,20241105
688272.SH,False,True,21,54819563.63,-29715914.67,False,False,True,False,True,20241105
000913.SZ,False,True,60,1230374663.5900002,-144961118.9000001,False,False,True,False,True,20241105
600261.SH,False,True,60,402712490.8000001,447337405.17,False,False,False,False,True,20241105
688276.SH,False,True,22,364547223.33,253935898.79,False,False,False,False,True,20241105
000915.SZ,False,True,60,776772270.75,1208898068.5900002,False,False,False,False,True,20241105
600262.SH,False,True,60,-26470915.379999995,382422542.45000005,False,False,False,True,True,20241105
688277.SH,False,True,33,-132853666.29999998,-111902394.77000001,False,False,True,True,True,20241105
000917.SZ,False,True,60,225868040.22,65134510.199999996,False,False,False,False,True,20241105
600265.SH,False,True,60,25397394.83,233509739.06,False,False,False,False,True,20241105
688278.SH,False,True,27,421164145.44,519345299.23,False,False,False,False,True,20241105
000919.SZ,False,True,60,162353407.4,111955689.28,False,False,False,False,True,20241105
600266.SH,False,True,60,7082772422.480001,2842703853.3999977,False,False,False,False,True,20241105
688279.SH,False,True,18,165471272.41000003,98929452.17,False,False,False,False,True,20241105
000920.SZ,False,True,60,350943273.66999996,150895441.28000003,False,False,False,False,True,20241105
600267.SH,False,True,59,,1909237925.1200001,False,False,False,False,False,20241105
688280.SH,False,True,21,-66133910.58000004,-354251423.01,False,False,True,True,True,20241105
000921.SZ,False,True,60,7118565634.390001,8620599555.16,False,False,False,False,True,20241105
600268.SH,False,True,60,1652762204.34,378465891.72,False,False,False,False,True,20241105
688281.SH,False,True,19,304108816.86,142449807.23,False,False,False,False,True,20241105
000922.SZ,False,True,60,367028258.33000004,159638376.36,False,False,False,False,True,20241105
600269.SH,False,True,60,2863507322.2599998,1974302416.5700002,False,False,False,False,True,20241105
688285.SH,False,True,26,131832826.60999998,-31840045.699999988,False,False,True,False,True,20241105
000923.SZ,False,True,60,1584819372.72,198232869.1999998,False,False,False,False,True,20241105
600271.SH,False,True,60,542622778.35,1318699280.85,False,False,False,False,True,20241105
688286.SH,False,True,28,-61221442.21,-18907139.13,False,False,True,True,True,20241105
000925.SZ,False,True,60,23472575.119999945,345024668.28999996,False,False,False,False,True,20241105
600272.SH,False,True,60,-228786.4699999988,185460584.26999998,False,False,False,True,True,20241105
688288.SH,False,True,27,-96140075.49000001,-43989667.39,False,False,True,True,True,20241105
000926.SZ,False,True,60,-811315504.8299999,1760859383.6699998,False,False,False,True,True,20241105
600273.SH,False,True,60,1047270227.75,974158874.8,False,False,False,False,True,20241105
688289.SH,False,True,25,203140595.62,1161439248.95,False,False,False,False,True,20241105
000927.SZ,False,True,60,276546034.7800002,386971149.1899999,False,False,False,False,True,20241105
600276.SH,False,True,60,7920239902.719999,3386561360.55,False,False,False,False,True,20241105
688290.SH,False,True,18,20578556.33,51721896.55,False,False,False,False,True,20241105
000928.SZ,False,True,60,-1649032556.37,2724169113.8500004,False,False,False,True,True,20241105
600278.SH,False,True,60,-229094792.94,1111470391.79,False,False,False,True,True,20241105
688295.SH,True,True,18,737813263.0699999,-174609756.28999996,False,False,True,False,True,20241105
000929.SZ,False,True,60,-53568878.78,-14762134.720000003,False,False,True,True,True,20241105
600279.SH,False,True,60,138969124.41000003,719751097.1800001,False,False,False,False,True,20241105
688296.SH,True,True,31,863632.2199999988,-15131860.560000002,False,False,True,False,True,20241105
000930.SZ,False,True,60,790811278.78,334919615.70000005,False,False,False,False,True,20241105
600280.SH,False,True,60,298874863.68000007,437318388.74999994,False,False,False,False,True,20241105
688298.SH,True,True,27,-393068281.9599998,-522081028.45000005,False,False,True,True,True,20241105
000931.SZ,False,True,60,144290061.93,325397778.39,False,False,False,False,True,20241105
600281.SH,False,True,60,20080771.25,-121342382.76000002,False,False,True,False,True,20241105
688299.SH,True,True,31,147899907.83999997,123640499.86999999,False,False,False,False,True,20241105
000932.SZ,False,True,60,6369240572.73,9547361236.18,False,False,False,False,True,20241105
600282.SH,False,True,60,1994129124.98,3649411688.14,False,False,False,False,True,20241105
688300.SH,True,True,38,248069889.57999998,202677513.68,False,False,False,False,True,20241105
000933.SZ,False,True,60,10502766068.940002,11840375920.05,False,False,False,False,True,20241105
600283.SH,False,True,60,354710069.6600001,457943930.5999999,False,False,False,False,True,20241105
688301.SH,True,True,27,412289414.87,286487568.43,False,False,False,False,True,20241105
000935.SZ,False,True,60,504984650.78999996,306910778.37000006,False,False,False,False,True,20241105
600284.SH,False,True,60,-126964316.20000005,1933532037.0699997,False,False,False,True,True,20241105
688302.SH,True,True,18,-195096641.1,-323979811.52,False,False,True,True,True,20241105
000936.SZ,False,True,60,-50557756.74,120738299.56,False,False,False,True,True,20241105
600285.SH,False,True,60,654789048.4899999,865074060.98,False,False,False,False,True,20241105
688303.SH,True,True,30,-5760364561.07,16082013360.980003,False,False,False,True,True,20241105
000937.SZ,False,True,60,4881704616.09,2926087525.7400007,False,False,False,False,True,20241105
600287.SH,False,True,60,366202199.54999995,175394641.13,False,False,False,False,True,20241105
688305.SH,True,True,22,15340817.84,1905908.390000001,False,False,False,False,True,20241105
000938.SZ,False,True,60,133735819.55000019,-1142951117.6,False,False,True,False,True,20241105
600288.SH,False,True,60,54691108.69999999,-9113592.01000002,False,False,True,False,True,20241105
688306.SH,True,True,21,187691999.76000002,110056242.74000001,False,False,False,False,True,20241105
000948.SZ,False,True,60,2737879.689999819,356415657.69000006,False,False,False,False,True,20241105
600289.SH,False,True,60,40558183.249999985,8615801.590000004,False,False,False,False,True,20241105
688308.SH,True,True,23,-34673567.67000002,-29891295.120000005,False,False,True,True,True,20241105
000949.SZ,False,True,60,-20677506.580000043,344639756.19,False,False,False,True,True,20241105
600292.SH,False,True,60,831946863.44,571250096.57,False,False,False,False,True,20241105
688309.SH,True,True,34,50518704.22,31172345.33999999,False,False,False,False,True,20241105
000950.SZ,False,True,60,325064920.9899998,1200856842.5300002,False,False,False,False,True,20241105
600293.SH,False,True,60,-40996696.34,402302259.03999996,False,False,False,True,True,20241105
688310.SH,True,True,34,69908546.47000001,140856253.07000002,False,False,False,False,True,20241105
000951.SZ,False,True,60,3126068594.7700005,6483273718.88,False,False,False,False,True,20241105
600295.SH,False,True,60,4831882100.4,5240466824.880001,False,False,False,False,True,20241105
688311.SH,True,True,26,-119215294.1,61315394.2,False,False,False,True,True,20241105
000952.SZ,False,True,60,-68144938.47,-83287531.22999999,False,False,True,True,True,20241105
600298.SH,False,True,60,1295699913.7099998,2056934149.76,False,False,False,False,True,20241105
688312.SH,True,True,26,-51274888.05,97674108.64,False,False,False,True,True,20241105
000953.SZ,False,True,60,4133681.5200000005,4757326.5,False,False,False,False,True,20241105
600299.SH,False,True,60,3191989510.0,2726580520.0,False,False,False,False,True,20241105
688313.SH,True,True,25,42865060.89999999,99745703.08000001,False,False,False,False,True,20241105
000955.SZ,False,True,60,37355030.050000004,70892152.84,False,False,False,False,True,20241105
600300.SH,False,True,60,26458065.329999924,876702390.01,False,False,False,False,True,20241105
688314.SH,True,True,22,130136859.70000002,81785825.76,False,False,False,False,True,20241105
000957.SZ,False,True,60,1404453437.5400002,612169863.8399999,False,False,False,False,True,20241105
600301.SH,False,True,60,1361103492.48,465069131.95,False,False,False,False,True,20241105
688315.SH,True,True,26,335897823.53000003,279757365.81,False,False,False,False,True,20241105
000958.SZ,False,True,60,2111637734.76,664111101.4699998,False,False,False,False,True,20241105
600302.SH,False,True,60,-13083980.619999997,-29633891.5,False,False,True,True,True,20241105
688316.SH,True,True,23,-48364884.55,-94659060.14000002,False,False,True,True,True,20241105
000959.SZ,False,True,60,3344330771.9699993,8269065083.369999,False,False,False,False,True,20241105
600303.SH,False,True,60,-88463394.59,-162264552.11999997,False,False,True,True,True,20241105
688317.SH,True,True,32,106295037.47,-33664295.129999995,False,False,True,False,True,20241105
000960.SZ,False,True,60,2735706317.6800003,3197096753.4899993,False,False,False,False,True,20241105
600305.SH,False,True,60,385028786.94000006,233620297.24000007,False,False,False,False,True,20241105
688318.SH,True,True,33,189457615.72000003,272249524.90000004,False,False,False,False,True,20241105
000962.SZ,False,True,60,-86906234.40000002,14621542.63000001,False,False,False,True,True,20241105
600307.SH,False,True,60,-1245002910.9,157238808.67000008,False,False,False,True,True,20241105
688319.SH,True,True,30,-7291537.200000005,92746151.31,False,False,False,True,True,20241105
000963.SZ,False,True,60,4186341631.7999997,3310877626.42,False,False,False,False,True,20241105
600308.SH,False,True,60,227164658.44000006,453088693.03,False,False,False,False,True,20241105
688320.SH,True,True,18,-45480906.09000001,-89392026.57,False,False,True,True,True,20241105
000965.SZ,False,True,60,-228142988.92999995,-543134405.5800002,False,False,True,True,True,20241105
600309.SH,False,True,60,28965360608.519997,33529768749.410004,False,False,False,False,True,20241105
688321.SH,True,True,28,29303814.510000005,-70468927.17999999,False,False,True,False,True,20241105
000966.SZ,False,True,60,4225225613.41,1288968541.21,False,False,False,False,True,20241105
600310.SH,False,True,60,1234756951.9199998,719498853.7800001,False,False,False,False,True,20241105
688323.SH,True,True,22,44167002.379999995,67543990.39,False,False,False,False,True,20241105
000967.SZ,False,True,60,966386457.03,1819029071.14,False,False,False,False,True,20241105
600312.SH,False,True,60,2497619781.3399997,2229422032.42,False,False,False,False,True,20241105
688325.SH,True,True,18,98984753.7,31094387.130000003,False,False,False,False,True,20241105
000968.SZ,False,True,60,1591731734.6100001,822358074.6399999,False,False,False,False,True,20241105
600313.SH,False,True,60,80316219.06000006,359387110.12,False,False,False,False,True,20241105
688326.SH,True,True,19,-522279664.35000014,-540741640.57,False,False,True,True,True,20241105
000969.SZ,False,True,60,833814566.13,598239350.73,False,False,False,False,True,20241105
600315.SH,False,True,60,162976264.74,115763632.74000001,False,False,False,False,True,20241105
688328.SH,True,True,34,-54962908.249999985,-103455965.57,False,False,True,True,True,20241105
000970.SZ,False,True,60,1184120955.67,1613705387.21,False,False,False,False,True,20241105
600316.SH,False,True,60,460063592.45000005,236959282.31000006,False,False,False,False,True,20241105
688329.SH,True,True,23,61347357.050000004,86907100.49,False,False,False,False,True,20241105
000972.SZ,False,True,60,81843779.60000002,-165246271.11,False,False,True,False,True,20241105
600318.SH,False,True,60,244013242.32000002,158411391.18000007,False,False,False,False,True,20241105
688330.SH,True,True,25,374314733.42,252354448.63000003,False,False,False,False,True,20241105
000973.SZ,False,True,60,341002476.09999996,192741841.56,False,False,False,False,True,20241105
600319.SH,False,True,60,-57592354.87000002,-158040147.12,False,False,True,True,True,20241105
688331.SH,True,True,19,-1223157844.3500001,-1294721579.6900003,False,False,True,True,True,20241105
000975.SZ,False,True,60,3092685183.66,2220404034.7,False,False,False,False,True,20241105
600320.SH,False,True,60,6072794774.0,3213087261.0,False,False,False,False,True,20241105
688333.SH,True,True,28,-101343331.37999997,-236135435.16000003,False,False,True,True,True,20241105
000977.SZ,False,True,60,-3258994797.0,2890314461.32,False,False,False,True,True,20241105
600322.SH,False,True,60,-213211217.5300001,1281494080.2,False,False,False,True,True,20241105
688335.SH,True,True,35,9108952.269999996,136645923.8,False,False,False,False,True,20241105
000978.SZ,False,True,60,85055873.18,34004081.94,False,False,False,False,True,20241105
600323.SH,False,True,60,2193929057.87,1950877081.4,False,False,False,False,True,20241105
688336.SH,True,True,42,306210845.93,385882830.8499999,False,False,False,False,True,20241105
000980.SZ,False,True,60,-29301098.320000023,242940270.89000002,False,False,False,True,True,20241105
600325.SH,False,True,60,7925825960.949997,63050724142.57001,False,False,False,False,True,20241105
688337.SH,True,True,18,45269865.62,59039993.519999996,False,False,False,False,True,20241105
000981.SZ,False,True,60,593992639.77,-815393382.77,False,False,True,False,True,20241105
600326.SH,False,True,60,286657546.78999996,179118195.16,False,False,False,False,True,20241105
688338.SH,True,True,25,116773955.38999999,98720066.07999998,False,False,False,False,True,20241105
000983.SZ,False,True,60,7355975712.17,17350261498.819996,False,False,False,False,True,20241105
600327.SH,False,True,60,198025286.25,219804062.83999997,False,False,False,False,True,20241105
688339.SH,True,True,33,-378512323.71999997,-520213335.95000005,False,False,True,True,True,20241105
000985.SZ,False,True,60,145881354.73000002,-13450059.219999999,False,False,True,False,True,20241105
600328.SH,False,True,60,608761066.9800001,1302562772.17,False,False,False,False,True,20241105
688345.SH,True,True,22,-47355810.83999999,-1628059.330000013,False,False,True,True,True,20241105
000987.SZ,False,True,60,15109038649.669998,5376050923.78,False,False,False,False,True,20241105
600329.SH,False,True,60,1174911958.67,631956393.66,False,False,False,False,True,20241105
688350.SH,True,True,26,120519209.41,51178189.22000001,False,False,False,False,True,20241105
000988.SZ,False,True,60,466405888.18000007,1416791026.6499999,False,False,False,False,True,20241105
600330.SH,False,True,60,188268071.83,571454832.52,False,False,False,False,True,20241105
688355.SH,True,True,22,112338993.71000002,185969793.56,False,False,False,False,True,20241105
000989.SZ,False,True,60,-9730843.530000001,165973587.85999995,False,False,False,True,True,20241105
600331.SH,False,True,60,220137513.66000003,25489238.089999974,False,False,False,False,True,20241105
688356.SH,True,True,26,65613848.890000015,108179179.16999999,False,False,False,False,True,20241105
000990.SZ,False,True,60,1634471058.3200002,1135188839.8300002,False,False,False,False,True,20241105
600332.SH,False,True,60,2450636339.6000004,4601232612.209999,False,False,False,False,True,20241105
688357.SH,True,True,35,69578216.29,-134343993.0,False,False,True,False,True,20241105
000993.SZ,False,True,60,204226075.29999998,29909913.30000007,False,False,False,False,True,20241105
600333.SH,False,True,60,-57146118.95,315392516.96,False,False,False,True,True,20241105
688358.SH,True,True,27,109028104.82,82475799.7,False,False,False,False,True,20241105
000995.SZ,False,True,60,5629056.92,12599595.120000001,False,False,False,False,True,20241105
600335.SH,False,True,60,-6511450850.72,1872998671.0299997,False,False,False,True,True,20241105
688359.SH,True,True,30,-49876452.879999995,-31653276.320000004,False,False,True,True,True,20241105
000997.SZ,False,True,60,704836802.1399999,2222295291.1800003,False,False,False,False,True,20241105
600336.SH,False,True,60,183554050.41000003,92027696.79,False,False,False,False,True,20241105
688360.SH,True,True,35,86299676.49000001,134733997.84,False,False,False,False,True,20241105
000998.SZ,False,True,60,-1004037597.0699999,1277882504.66,False,False,False,True,True,20241105
600337.SH,False,True,60,249198000.86000004,384504759.47999996,False,False,False,False,True,20241105
688363.SH,True,True,28,738815247.4300001,753590951.5600001,False,False,False,False,True,20241105
000999.SZ,False,True,60,4345835543.860001,4038685240.7800007,False,False,False,False,True,20241105
600338.SH,False,True,60,68799795.92000002,273135399.2600001,False,False,False,False,True,20241105
688365.SH,True,True,26,63651451.83,4076202.9399999976,False,False,False,False,True,20241105
001201.SZ,False,True,25,-110645871.44,-30211031.68,False,False,True,True,True,20241105
600339.SH,False,True,60,5345025476.940001,1366290529.4499989,False,False,False,False,True,20241105
688366.SH,True,True,31,673524325.2,441892242.02,False,False,False,False,True,20241105
001202.SZ,False,True,32,176576474.78,166373986.10000002,False,False,False,False,True,20241105
600340.SH,False,True,60,-2267660615.9800005,-2861579212.01,False,False,True,True,True,20241105
688367.SH,True,True,31,61570559.589999996,19461854.08,False,False,False,False,True,20241105
001203.SZ,False,True,27,1924831069.4,967838789.74,False,False,False,False,True,20241105
600343.SH,False,True,60,-114928317.73999998,-43598120.589999974,False,False,True,True,True,20241105
688368.SH,True,True,30,269304659.02000004,236133163.13,False,False,False,False,True,20241105
001205.SZ,False,True,31,393039424.19,391723415.17999995,False,False,False,False,True,20241105
600345.SH,False,True,60,-127023088.36000001,-23138151.690000013,False,False,True,True,True,20241105
688369.SH,True,True,27,-79934244.45999998,-100872173.11000001,False,False,True,True,True,20241105
001206.SZ,False,True,29,110676887.83000004,301872946.23,False,False,False,False,True,20241105
600346.SH,False,True,60,19696677317.03,27436035022.57,False,False,False,False,True,20241105
688371.SH,True,True,18,67288679.50999999,74002831.72,False,False,False,False,True,20241105
001207.SZ,False,True,38,176391438.58999997,121486710.36999999,False,False,False,False,True,20241105
600348.SH,False,True,60,4498140616.69,9678604691.470001,False,False,False,False,True,20241105
688377.SH,True,True,32,19607151.78999999,186604148.42,False,False,False,False,True,20241105
001208.SZ,False,True,22,484366434.06,104148062.41999999,False,False,False,False,True,20241105
600350.SH,False,True,60,5973997208.429998,5119037716.56,False,False,False,False,True,20241105
688378.SH,True,True,31,-12435401.330000002,-39988648.95999999,False,False,True,True,True,20241105
001209.SZ,False,True,22,66832115.839999996,83745730.36,False,False,False,False,True,20241105
600351.SH,False,True,60,545438784.62,557309607.37,False,False,False,False,True,20241105
688379.SH,True,True,31,-265844282.46999997,-295653464.8000001,False,False,True,True,True,20241105
001210.SZ,False,True,26,222722405.35000002,116560228.61,False,False,False,False,True,20241105
600352.SH,False,True,60,3225384480.2,3043351385.55,False,False,False,False,True,20241105
688383.SH,True,True,22,221632143.94,-190529791.15999997,False,False,True,False,True,20241105
001211.SZ,False,True,22,-90125118.02,32102599.020000003,False,False,False,True,True,20241105
600353.SH,False,True,60,130491051.49,-99124441.57,False,False,True,False,True,20241105
688385.SH,True,True,22,509781659.73,-1047608406.92,False,False,True,False,True,20241105
001212.SZ,False,True,22,144213088.75,8259594.790000003,False,False,False,False,True,20241105
600354.SH,False,True,60,340007018.6,421340811.20000005,False,False,False,False,True,20241105
688386.SH,True,True,25,114636628.75999999,71346815.00000001,False,False,False,False,True,20241105
001213.SZ,False,True,22,196631749.91999984,1397347554.3600001,False,False,False,False,True,20241105
600356.SH,False,True,60,350818217.58000004,183086563.01999998,False,False,False,False,True,20241105
688388.SH,True,True,41,-737397084.2,220741804.95,False,False,False,True,True,20241105
001215.SZ,False,True,21,156494932.69,151741485.48000002,False,False,False,False,True,20241105
600358.SH,False,True,60,-6929408.01,20341560.760000013,False,False,False,True,True,20241105
688389.SH,True,True,27,356737067.65000004,286847864.51,False,False,False,False,True,20241105
001216.SZ,False,True,25,211992919.46,141007609.64000005,False,False,False,False,True,20241105
600359.SH,False,True,60,-160738574.12,84169857.72,False,False,False,True,True,20241105
688390.SH,True,True,31,-1034629782.29,1553743266.18,False,False,False,True,True,20241105
001217.SZ,False,True,21,595465706.7,-130948356.68,False,False,True,False,True,20241105
600360.SH,False,True,60,325736593.58,217086002.07999998,False,False,False,False,True,20241105
688393.SH,True,True,30,17605795.89,-3536414.9499999993,False,False,True,False,True,20241105
001218.SZ,False,True,24,259711594.77999997,107743191.68999997,False,False,False,False,True,20241105
600361.SH,False,True,60,-72439638.46999994,-997308871.7299999,False,False,True,True,True,20241105
688395.SH,True,True,32,42590485.83,65190704.019999996,False,False,False,False,True,20241105
001219.SZ,False,True,27,93566302.96000001,72478954.63000001,False,False,False,False,True,20241105
600362.SH,False,True,60,3197784137.0,8273872594.0,False,False,False,False,True,20241105
688396.SH,True,True,26,1578877555.8200004,1954942266.6799998,False,False,False,False,True,20241105
001222.SZ,False,True,17,14684335.730000004,111278338.88000001,False,False,False,False,True,20241105
600363.SH,False,True,60,275343078.06,155032422.57,False,False,False,False,True,20241105
688398.SH,True,True,30,111384081.43,114728352.83,False,False,False,False,True,20241105
001223.SZ,False,True,16,23425061.160000004,-90617262.65,False,False,True,False,True,20241105
600365.SH,False,True,60,-429293771.45,-552192897.88,False,False,True,True,True,20241105
688399.SH,True,True,27,260906981.83999997,365213262.75,False,False,False,False,True,20241105
001226.SZ,False,True,17,60585030.400000006,-250266516.28000003,False,False,True,False,True,20241105
600366.SH,False,True,60,933931026.55,608748500.4099998,False,False,False,False,True,20241105
688408.SH,True,True,25,-164409902.64999992,646118830.4100001,False,False,False,True,True,20241105
001227.SZ,False,True,32,2902852666.9399996,6319188937.779999,False,False,False,False,True,20241105
600367.SH,False,True,60,179323920.95,245349066.05000004,False,False,False,False,True,20241105
688418.SH,True,True,28,70976943.75,-51349215.18000001,False,False,True,False,True,20241105
001228.SZ,False,True,20,-272029185.78999996,-92640473.23999998,False,False,True,True,True,20241105
600368.SH,False,True,60,989541245.6599998,1417054375.9900002,False,False,False,False,True,20241105
688425.SH,True,True,22,1144646966.06,1189040690.66,False,False,False,False,True,20241105
001229.SZ,False,True,17,81987444.48999998,100242688.85000001,False,False,False,False,True,20241105
600369.SH,False,True,60,6491779181.18,-1691544055.12,False,False,True,False,True,20241105
688432.SH,True,True,18,167959375.23999995,360611404.17,False,False,False,False,True,20241105
001230.SZ,False,True,18,56475023.760000005,179159201.68,False,False,False,False,True,20241105
600370.SH,False,True,60,-1106282121.9699998,-1891670114.5800002,False,False,True,True,True,20241105
688456.SH,True,True,23,-112461130.16000003,43631497.32,False,False,False,True,True,20241105
001231.SZ,False,True,17,112113785.7,55376383.190000005,False,False,False,False,True,20241105
600371.SH,False,True,60,-40458603.6,19734293.030000016,False,False,False,True,True,20241105
688466.SH,True,True,26,113636281.29999998,116858115.45,False,False,False,False,True,20241105
001234.SZ,False,True,21,63517792.379999995,85738631.78999999,False,False,False,False,True,20241105
600372.SH,False,True,60,-1023328550.1699996,-2528257456.7799997,False,False,True,True,True,20241105
688468.SH,True,True,22,184187908.10999995,170395532.28,False,False,False,False,True,20241105
001236.SZ,False,True,22,3100760653.11,-838465531.1300001,False,False,True,False,True,20241105
600373.SH,False,True,60,1007981894.3300002,2504056556.91,False,False,False,False,True,20241105
688488.SH,True,True,26,-57506660.479999974,-114802632.11,False,False,True,True,True,20241105
001238.SZ,False,True,19,-53828101.97,112713637.54000002,False,False,False,True,True,20241105
600375.SH,False,True,60,-708689336.24,889131192.0,False,False,False,True,True,20241105
688499.SH,True,True,24,-186091806.0300001,-608650453.76,False,False,True,True,True,20241105
001255.SZ,False,True,15,56035754.13999999,-6052093.189999998,False,False,True,False,True,20241105
600376.SH,False,True,60,-2948167497.789999,6319204075.68,False,False,False,True,True,20241105
688500.SH,True,True,32,-35323324.8,-5804021.140000008,False,False,True,True,True,20241105
001256.SZ,False,True,16,121908499.51,134953989.23,False,False,False,False,True,20241105
600377.SH,False,True,60,7255874835.889999,7067059218.739998,False,False,False,False,True,20241105
688501.SH,True,True,22,-114461957.37,-56040301.44,False,False,True,True,True,20241105
001258.SZ,False,True,16,377506872.53,754413568.4000001,False,False,False,False,True,20241105
600378.SH,False,True,60,929825781.0699999,1373589073.7200003,False,False,False,False,True,20241105
688505.SH,True,True,26,9150635.0,-29201965.0,False,False,True,False,True,20241105
001259.SZ,False,True,22,45521854.230000004,46230401.86,False,False,False,False,True,20241105
600379.SH,False,True,60,66145739.94,100849717.94,False,False,False,False,True,20241105
688508.SH,True,True,41,66229735.41,22939773.78,False,False,False,False,True,20241105
001260.SZ,False,True,13,47600486.730000004,-6166884.91,False,False,True,False,True,20241105
600380.SH,False,True,60,4082663366.09,3828564351.02,False,False,False,False,True,20241105
688509.SH,True,True,22,-60528192.80999997,-48052849.610000014,False,False,True,True,True,20241105
001266.SZ,False,True,18,-4487740.770000011,-13533469.280000003,False,False,True,True,True,20241105
600381.SH,False,True,60,34410808.7,-2501242.7799999975,False,False,True,False,True,20241105
688510.SH,True,True,29,123475765.29,131884582.38999999,False,False,False,False,True,20241105
001267.SZ,False,True,60,12214492.629999995,-113646186.92000002,False,False,True,False,True,20241105
600382.SH,False,True,60,7051724.799999999,-81384443.43,False,False,True,False,True,20241105
688511.SH,True,True,22,7390066.229999999,49023195.55,False,False,False,False,True,20241105
001268.SZ,False,True,17,137105746.23,43512033.67000001,False,False,False,False,True,20241105
600383.SH,False,True,60,10740434356.26,7194070682.720001,False,False,False,False,True,20241105
688513.SH,True,True,31,224150418.85999998,208347193.84999996,False,False,False,False,True,20241105
001269.SZ,False,True,23,199724033.58999997,19890117.57,False,False,False,False,True,20241105
600386.SH,False,True,60,428269240.22,557432563.41,False,False,False,False,True,20241105
688516.SH,True,True,32,696915624.5399998,727091549.74,False,False,False,False,True,20241105
001270.SZ,False,True,18,-72756337.63,-13451143.919999994,False,False,True,True,True,20241105
600388.SH,False,True,60,2291758381.6000004,1156167612.43,False,False,False,False,True,20241105
688517.SH,True,True,22,172985838.64999998,103116840.83999999,False,False,False,False,True,20241105
001283.SZ,False,True,15,273584239.02000004,268558532.24,False,False,False,False,True,20241105
600389.SH,False,True,60,416428623.34999996,864864376.6200001,False,False,False,False,True,20241105
688518.SH,True,True,39,-81424647.98999998,-57706032.41,False,False,True,True,True,20241105
001288.SZ,False,True,21,-38768238.21000001,-21291858.449999988,False,False,True,True,True,20241105
600390.SH,False,True,60,9443931295.21,-471880298.62999964,False,False,True,False,True,20241105
688519.SH,True,True,35,88392746.09,322010747.52,False,False,False,False,True,20241105
001289.SZ,False,True,53,17684119354.21,16589285159.8,False,False,False,False,True,20241105
600391.SH,False,True,60,-255898462.2199999,-302706510.29,False,False,True,True,True,20241105
688520.SH,True,True,26,179999104.46999997,-435722046.97999996,False,False,True,False,True,20241105
001296.SZ,False,True,27,198760816.14,-107044125.97,False,False,True,False,True,20241105
600392.SH,False,True,60,876612532.6099999,100874060.88999999,False,False,False,False,True,20241105
688521.SH,True,True,26,-257711978.28,-167046378.72000003,False,False,True,True,True,20241105
001298.SZ,False,True,15,-248865506.94000006,-226711239.34999996,False,False,True,True,True,20241105
600395.SH,False,True,60,89656362.48000002,2053833157.2800002,False,False,False,False,True,20241105
688526.SH,True,True,25,365479257.40000004,538224278.87,False,False,False,False,True,20241105
001299.SZ,False,True,20,63867999.050000004,147825516.25,False,False,False,False,True,20241105
600396.SH,False,True,60,908254134.73,-255901418.57999998,False,False,True,False,True,20241105
688528.SH,True,True,26,8456293.0,-25760695.779999997,False,False,True,False,True,20241105
001300.SZ,False,True,15,-14061623.98,-74157732.9,False,False,True,True,True,20241105
600397.SH,False,True,60,425658656.48,236441730.38,False,False,False,False,True,20241105
688529.SH,True,True,23,-794417832.39,-489125724.51,False,False,True,True,True,20241105
001301.SZ,False,True,15,-10845032.400000095,-1254917575.67,False,False,True,True,True,20241105
600398.SH,False,True,60,2814473094.44,4561818674.13,False,False,False,False,True,20241105
688533.SH,True,True,23,224434289.33,176127552.84,False,False,False,False,True,20241105
001308.SZ,False,True,18,-469541790.73,692383475.26,False,False,False,True,True,20241105
600399.SH,False,True,60,32597794.150000006,-522341024.95,False,False,True,False,True,20241105
688536.SH,True,True,26,-4474546.699999988,-40541635.71000004,False,False,True,True,True,20241105
001309.SZ,False,True,19,-1051234888.67,-942045029.72,False,False,True,True,True,20241105
600400.SH,False,True,60,174748408.65999997,117907886.53,False,False,False,False,True,20241105
688538.SH,True,True,22,13640309.120000005,-453567984.3,False,False,True,False,True,20241105
001313.SZ,False,True,24,628791066.74,-274670983.51,False,False,True,False,True,20241105
600403.SH,False,True,60,-200295619.29000008,1568912261.6800003,False,False,False,True,True,20241105
688550.SH,True,True,31,475008105.99000007,368398470.4200001,False,False,False,False,True,20241105
001316.SZ,False,True,17,17850792.03,-22412498.990000002,False,False,True,False,True,20241105
600405.SH,False,True,60,-3334656.5299999937,145107023.74,False,False,False,True,True,20241105
688551.SH,True,True,24,59379269.67999999,35119869.53,False,False,False,False,True,20241105
001317.SZ,False,True,29,-128996415.39000002,-8004244.890000001,False,False,True,True,True,20241105
600406.SH,False,True,60,11181102381.03,8804989467.0,False,False,False,False,True,20241105
688553.SH,True,True,22,208625715.79,-27131587.849999994,False,False,True,False,True,20241105
001318.SZ,False,True,17,153375123.46999997,159303687.93,False,False,False,False,True,20241105
600408.SH,False,True,60,485777441.7900001,113250471.78999998,False,False,False,False,True,20241105
688556.SH,True,True,33,-356701134.9900001,911179810.3100001,False,False,False,True,True,20241105
001319.SZ,False,True,18,73283705.34,99750778.22,False,False,False,False,True,20241105
600409.SH,False,True,60,1766130201.49,1008345680.6199994,False,False,False,False,True,20241105
688557.SH,True,True,23,100974409.28999999,-39446198.25,False,False,True,False,True,20241105
001322.SZ,False,True,15,195543038.35000002,1035299518.3499999,False,False,False,False,True,20241105
600410.SH,False,True,60,825100889.13,-207203941.37000003,False,False,True,False,True,20241105
688558.SH,True,True,29,163298826.40999997,229618106.58999997,False,False,False,False,True,20241105
001323.SZ,False,True,17,1056235162.8599999,1838115478.46,False,False,False,False,True,20241105
600415.SH,False,True,60,1925248417.3400002,2109837580.25,False,False,False,False,True,20241105
688559.SH,True,True,25,-1064374796.1,-368437620.27,False,False,True,True,True,20241105
001330.SZ,False,True,21,-329928394.93,191949661.06000006,False,False,False,True,True,20241105
600416.SH,False,True,60,-148803305.56,1165623346.62,False,False,False,True,True,20241105
688560.SH,True,True,27,295563272.09000003,191626947.44,False,False,False,False,True,20241105
001331.SZ,False,True,16,-98474415.82999998,-23844144.489999995,False,False,True,True,True,20241105
600418.SH,False,True,60,1809091476.8200006,3261445476.99,False,False,False,False,True,20241105
688561.SH,True,True,25,-320398729.3900001,-1409147362.86,False,False,True,True,True,20241105
001332.SZ,False,True,20,229090833.19,225875533.56,False,False,False,False,True,20241105
600419.SH,False,True,60,741027556.58,218303197.75,False,False,False,False,True,20241105
688565.SH,True,True,40,41749001.09,-50376346.93,False,False,True,False,True,20241105
001333.SZ,False,True,17,-207026860.25999993,-79992725.35000001,False,False,True,True,True,20241105
600420.SH,False,True,60,2300290786.01,2336401656.6499996,False,False,False,False,True,20241105
688566.SH,True,True,26,233914125.73000002,142768295.64000002,False,False,False,False,True,20241105
001336.SZ,False,True,17,65301106.3,-12490134.180000007,False,False,True,False,True,20241105
600422.SH,False,True,60,608796105.65,332778255.15,False,False,False,False,True,20241105
688567.SH,True,True,26,599453559.6,-816936450.01,False,False,True,False,True,20241105
001338.SZ,False,True,15,2402271851.33,2736063409.88,False,False,False,False,True,20241105
600423.SH,False,True,60,36040754.05,29470615.310000002,False,False,False,False,True,20241105
688568.SH,True,True,26,12009093.060000002,-73520417.15999997,False,False,True,False,True,20241105
001339.SZ,False,True,17,941944778.7,-48148213.490000024,False,False,True,False,True,20241105
600425.SH,False,True,60,329059182.16999996,273958430.98,False,False,False,False,True,20241105
688569.SH,True,True,25,207128363.19,453477168.88,False,False,False,False,True,20241105
001696.SZ,False,True,60,655032348.31,493247779.01,False,False,False,False,True,20241105
600426.SH,False,True,60,5078420815.21,4572218048.059999,False,False,False,False,True,20241105
688571.SH,True,True,27,186781210.85,155875691.02999997,False,False,False,False,True,20241105
001872.SZ,False,True,60,8089924720.399999,5806457069.49,False,False,False,False,True,20241105
600428.SH,False,True,60,3480301677.9899993,2687248428.6400003,False,False,False,False,True,20241105
688575.SH,True,True,22,734588962.19,291595307.68999994,False,False,False,False,True,20241105
001896.SZ,False,True,60,1380896170.64,524529061.46,False,False,False,False,True,20241105
600429.SH,False,True,60,257104878.87,-152504261.32,False,False,True,False,True,20241105
688577.SH,True,True,32,118320550.15,89354900.06,False,False,False,False,True,20241105
001914.SZ,False,True,60,927570487.6099999,1238489716.0700002,False,False,False,False,True,20241105
600433.SH,False,True,60,-294327267.69000006,74530536.99999994,False,False,False,True,True,20241105
688578.SH,True,True,23,1449266194.3999999,519611991.86,False,False,False,False,True,20241105
001965.SZ,False,True,36,6483557206.91,4517862166.98,False,False,False,False,True,20241105
600435.SH,False,True,60,-180390624.58000004,-24256730.349999994,False,False,True,True,True,20241105
688579.SH,True,True,39,-10258169.909999996,73471058.82999998,False,False,False,True,True,20241105
001979.SZ,False,True,43,18677664246.339996,39782656978.340004,False,False,False,False,True,20241105
600436.SH,False,True,60,1125992369.8000002,3081769481.42,False,False,False,False,True,20241105
688580.SH,True,True,31,124429145.23,142693897.98,False,False,False,False,True,20241105
002001.SZ,False,True,60,7070745566.05,4459350497.24,False,False,False,False,True,20241105
600438.SH,False,True,60,12642883929.119999,35960186368.10999,False,False,False,False,True,20241105
688585.SH,True,True,25,40967964.0,298985728.86,False,False,False,False,True,20241105
002003.SZ,False,True,60,945424795.7,710552940.57,False,False,False,False,True,20241105
600439.SH,False,True,60,226059332.78999996,179344212.81,False,False,False,False,True,20241105
688586.SH,True,True,26,25750619.930000007,244132759.85,False,False,False,False,True,20241105
002004.SZ,False,True,60,1504833587.4499998,1489772837.8400002,False,False,False,False,True,20241105
600444.SH,False,True,60,-5118261.879999999,-35303180.68000001,False,False,True,True,True,20241105
688588.SH,True,True,40,175348903.38,147617356.2,False,False,False,False,True,20241105
002005.SZ,False,True,60,-144191971.41000003,-186494881.3,False,False,True,True,True,20241105
600446.SH,False,True,60,682416962.01,441977185.08000004,False,False,False,False,True,20241105
688589.SH,True,True,30,62779239.75,244923950.1,False,False,False,False,True,20241105
002006.SZ,False,True,60,-64656834.629999995,227819135.56,False,False,False,True,True,20241105
600448.SH,False,True,60,133298563.25000003,166666270.21000004,False,False,False,False,True,20241105
688590.SH,True,True,29,-2163545.6600000113,82831214.05000001,False,False,False,True,True,20241105
002007.SZ,False,True,60,1112930647.7199998,1538405158.17,False,False,False,False,True,20241105
600449.SH,False,True,60,668575576.8100002,1208904861.3000002,False,False,False,False,True,20241105
688595.SH,True,True,32,-93372163.99,21537533.239999995,False,False,False,True,True,20241105
002008.SZ,False,True,60,1241350747.83,1525540948.13,False,False,False,False,True,20241105
600452.SH,False,True,60,1742243604.1800003,1514622003.6999998,False,False,False,False,True,20241105
688596.SH,True,True,32,-47781580.31999999,250939772.8,False,False,False,True,True,20241105
002009.SZ,False,True,60,101998193.52999997,-24461011.28999996,False,False,True,False,True,20241105
600455.SH,False,True,59,,103271401.52,False,False,False,False,False,20241105
688597.SH,True,True,25,-45392156.07,149751145.17000002,False,False,False,True,True,20241105
002010.SZ,False,True,59,,1891645371.5100002,False,False,False,False,False,20241105
600456.SH,False,True,60,254650186.74000013,-1409436.2600000054,False,False,True,False,True,20241105
688598.SH,True,True,26,1248809.650000006,297028051.40999997,False,False,False,False,True,20241105
002011.SZ,False,True,60,1674212964.69,415085908.8900001,False,False,False,False,True,20241105
600458.SH,False,True,60,1288635215.9899998,512164016.2800001,False,False,False,False,True,20241105
688599.SH,True,True,25,17573836336.64,15536687412.55,False,False,False,False,True,20241105
002012.SZ,False,True,60,25635539.35,89085911.86000001,False,False,False,False,True,20241105
600459.SH,False,True,60,-606520170.8599999,1260719826.54,False,False,False,True,True,20241105
688600.SH,True,True,26,40830782.81,97381990.03,False,False,False,False,True,20241105
002014.SZ,False,True,60,631677645.1199999,262203553.0,False,False,False,False,True,20241105
600460.SH,False,True,60,639906699.6500001,25769333.690000013,False,False,False,False,True,20241105
688601.SH,True,True,26,202136470.45999998,126688243.40000002,False,False,False,False,True,20241105
002015.SZ,False,True,60,2609297558.75,1408476239.55,False,False,False,False,True,20241105
600461.SH,False,True,60,1689626635.14,2336478200.71,False,False,False,False,True,20241105
688606.SH,True,True,24,300511459.34999996,270672236.4799998,False,False,False,False,True,20241105
002016.SZ,False,True,60,-595122212.3899999,-191993396.75,False,False,True,True,True,20241105
600463.SH,False,True,60,-72466817.46,-55718180.71000001,False,False,True,True,True,20241105
688607.SH,True,True,23,35923163.36,12211357.690000005,False,False,False,False,True,20241105
002017.SZ,False,True,60,298823307.37,205774913.51000002,False,False,False,False,True,20241105
600467.SH,False,True,60,993757010.55,319063902.46,False,False,False,False,True,20241105
688608.SH,True,True,23,401533432.4799999,356740037.33,False,False,False,False,True,20241105
002019.SZ,False,True,60,444538841.77000004,456313480.70000005,False,False,False,False,True,20241105
600468.SH,False,True,60,228682468.1,152781696.37,False,False,False,False,True,20241105
688609.SH,True,True,22,216552515.3,-503768151.06000006,False,False,True,False,True,20241105
002020.SZ,False,True,60,905074411.8299999,674818899.1499999,False,False,False,False,True,20241105
600469.SH,False,True,60,180740206.0,404910793.9700001,False,False,False,False,True,20241105
688611.SH,True,True,28,70401045.8,15169068.049999997,False,False,False,False,True,20241105
002021.SZ,False,True,60,-384872466.37,188013769.45999998,False,False,False,True,True,20241105
600470.SH,False,True,60,670537306.4300001,10357160.120000005,False,False,False,False,True,20241105
688613.SH,True,True,22,-11112772.36,90658855.84,False,False,False,True,True,20241105
002022.SZ,False,True,60,-1302786.9700000286,136445122.3800001,False,False,False,True,True,20241105
600475.SH,False,True,60,235553923.02999997,671280619.83,False,False,False,False,True,20241105
688616.SH,True,True,25,141123597.78000003,63930118.83000001,False,False,False,False,True,20241105
002023.SZ,False,True,60,456849727.98999995,333582704.23,False,False,False,False,True,20241105
600476.SH,False,True,59,,4320041.219999999,False,False,False,False,False,20241105
688617.SH,True,True,23,728336615.8900001,572440652.48,False,False,False,False,True,20241105
002024.SZ,False,True,60,3144756000.0,1755667000.0,False,False,False,False,True,20241105
600477.SH,False,True,60,-484243998.6899998,-1102593957.8200002,False,False,True,True,True,20241105
688618.SH,True,True,23,93476641.88,39209561.21000001,False,False,False,False,True,20241105
002025.SZ,False,True,60,1182672952.72,875737164.3599999,False,False,False,False,True,20241105
600478.SH,False,True,60,694467676.8399999,-128383951.72999999,False,False,True,False,True,20241105
688619.SH,True,True,23,-10925146.50999999,-114257018.21999997,False,False,True,True,True,20241105
002026.SZ,False,True,60,246907663.88000003,289749708.76,False,False,False,False,True,20241105
600479.SH,False,True,60,418178572.17,381235597.37000006,False,False,False,False,True,20241105
688621.SH,True,True,22,174072934.02,122760419.31,False,False,False,False,True,20241105
002027.SZ,False,True,60,7039229447.17,7342729479.959999,False,False,False,False,True,20241105
600480.SH,False,True,60,1814926605.41,1758997486.1100001,False,False,False,False,True,20241105
688622.SH,True,True,27,-348918.6099999994,-61847561.48999998,False,False,True,True,True,20241105
002028.SZ,False,True,60,2354070414.6400003,1792174012.4699998,False,False,False,False,True,20241105
600481.SH,False,True,60,485764736.07000005,-904995912.0999999,False,False,True,False,True,20241105
688625.SH,True,True,28,254519681.12000003,206659413.68,False,False,False,False,True,20241105
002029.SZ,False,True,60,281098445.6,217691509.22,False,False,False,False,True,20241105
600482.SH,False,True,60,11468780826.57,4335889257.110001,False,False,False,False,True,20241105
688626.SH,True,True,22,151648993.83,266563712.28000003,False,False,False,False,True,20241105
002030.SZ,False,True,60,628301019.49,1560927346.1799998,False,False,False,False,True,20241105
600483.SH,False,True,60,5136595093.37,4936996934.339999,False,False,False,False,True,20241105
688628.SH,True,True,23,193366250.38000003,253610433.33000004,False,False,False,False,True,20241105
002031.SZ,False,True,60,-292170295.61,-25383035.53,False,False,True,True,True,20241105
600486.SH,False,True,60,1873063935.08,2888715774.6500006,False,False,False,False,True,20241105
688630.SH,True,True,22,-23506244.850000024,-88494309.13,False,False,True,True,True,20241105
002032.SZ,False,True,60,2033314530.6799998,2296669761.58,False,False,False,False,True,20241105
600487.SH,False,True,60,1820500012.74,766224356.47,False,False,False,False,True,20241105
688633.SH,True,True,22,220718160.19,-91063025.82,False,False,True,False,True,20241105
002033.SZ,False,True,60,320961224.39,346121290.09000003,False,False,False,False,True,20241105
600488.SH,False,True,60,771968291.7500001,666050135.4800003,False,False,False,False,True,20241105
688636.SH,True,True,23,108896453.63000001,-25985060.379999995,False,False,True,False,True,20241105
002034.SZ,False,True,60,1556905735.15,1680937709.1800003,False,False,False,False,True,20241105
600489.SH,False,True,60,6176210498.119999,7526492991.48,False,False,False,False,True,20241105
688639.SH,True,True,33,36035270.33000004,479946328.38,False,False,False,False,True,20241105
002035.SZ,False,True,60,779855849.92,1141423583.76,False,False,False,False,True,20241105
600490.SH,False,True,60,-410522519.25,62778468.5,False,False,False,True,True,20241105
688655.SH,True,True,22,67279248.19,55241046.82000001,False,False,False,False,True,20241105
002036.SZ,False,True,60,211060844.22,767262784.3399999,False,False,False,False,True,20241105
600491.SH,False,True,60,1393061927.18,362190127.01,False,False,False,False,True,20241105
688656.SH,True,True,24,107452005.94,86319003.26,False,False,False,False,True,20241105
002037.SZ,False,True,60,-261547033.21999997,-135877737.69,False,False,True,True,True,20241105
600493.SH,False,True,60,-34744100.63,21041323.38000001,False,False,False,True,True,20241105
688658.SH,True,True,23,720083202.3800001,392658425.23999995,False,False,False,False,True,20241105
002038.SZ,False,True,60,363747125.6999999,341582700.36,False,False,False,False,True,20241105
600495.SH,False,True,60,70372275.63999999,-97706914.35999998,False,False,True,False,True,20241105
688659.SH,True,True,23,123464730.44000001,-45565465.54,False,False,True,False,True,20241105
002039.SZ,False,True,60,1312122302.3599997,1511914243.8099997,False,False,False,False,True,20241105
600496.SH,False,True,60,1061063444.5,38271528.54000002,False,False,False,False,True,20241105
688660.SH,True,True,22,-2468703052.9199996,53512565.07000065,False,False,False,True,True,20241105
002040.SZ,False,True,60,398721039.68,299076497.37,False,False,False,False,True,20241105
600497.SH,False,True,60,3223735038.25,4088743971.55,False,False,False,False,True,20241105
688661.SH,True,True,22,2497299.6000000015,-36806294.739999995,False,False,True,False,True,20241105
002041.SZ,False,True,60,14847386.800000012,205214113.18000007,False,False,False,False,True,20241105
600498.SH,False,True,60,2748915673.38,260855653.24000025,False,False,False,False,True,20241105
688662.SH,True,True,22,116620552.57,24605439.409999996,False,False,False,False,True,20241105
002042.SZ,False,True,60,413468266.60999966,1241649540.4200003,False,False,False,False,True,20241105
600499.SH,False,True,60,428143796.51000005,626682603.1,False,False,False,False,True,20241105
688663.SH,True,True,30,271683619.18,47427328.989999995,False,False,False,False,True,20241105
002043.SZ,False,True,60,1455782870.8200002,1409864361.52,False,False,False,False,True,20241105
600500.SH,False,True,60,559516967.28,2496609472.2300005,False,False,False,False,True,20241105
688665.SH,True,True,23,-2860113.5500000045,97550657.19000001,False,False,False,True,True,20241105
002044.SZ,False,True,60,1555061667.49,1702231984.3,False,False,False,False,True,20241105
600501.SH,False,True,60,71002582.99000013,308582278.9799999,False,False,False,False,True,20241105
688667.SH,True,True,22,162027547.32,-123860530.08999999,False,False,True,False,True,20241105
002045.SZ,False,True,60,244409817.51,689895429.0,False,False,False,False,True,20241105
600502.SH,False,True,60,-1696320112.65,445626298.39,False,False,False,True,True,20241105
688668.SH,True,True,22,124955849.93999998,43121683.00000001,False,False,False,False,True,20241105
002046.SZ,False,True,60,275905166.55,260915309.32,False,False,False,False,True,20241105
600503.SH,False,True,60,-603088883.53,-93633824.22999999,False,False,True,True,True,20241105
688669.SH,True,True,31,129020439.15999997,562678358.25,False,False,False,False,True,20241105
002047.SZ,False,True,60,-170158841.48000002,-303250245.99,False,False,True,True,True,20241105
600505.SH,False,True,60,206362788.41000003,403546071.63,False,False,False,False,True,20241105
688670.SH,True,True,22,-108190847.09,75902542.35,False,False,False,True,True,20241105
002048.SZ,False,True,60,2544204604.12,2560172812.7900004,False,False,False,False,True,20241105
600506.SH,False,True,60,405941755.72,297055016.79,False,False,False,False,True,20241105
688676.SH,True,True,22,357616082.24,38656756.82999998,False,False,False,False,True,20241105
002049.SZ,False,True,60,1563785071.11,1764338633.94,False,False,False,False,True,20241105
600507.SH,False,True,60,-233244080.7999997,3743416904.16,False,False,False,True,True,20241105
688677.SH,True,True,33,140539507.89,130270443.59,False,False,False,False,True,20241105
002050.SZ,False,True,60,3353809136.69,3816675658.05,False,False,False,False,True,20241105
600508.SH,False,True,60,1310431531.06,1674383440.58,False,False,False,False,True,20241105
688678.SH,True,True,30,134763310.91999996,204968721.34,False,False,False,False,True,20241105
002051.SZ,False,True,60,-702341960.5400001,-565232643.47,False,False,True,True,True,20241105
600509.SH,False,True,60,1548448522.3199997,1689501091.52,False,False,False,False,True,20241105
688679.SH,True,True,29,-146109019.17,12585820.410000019,False,False,False,True,True,20241105
002052.SZ,False,True,60,34312023.97,-56160200.09,False,False,True,False,True,20241105
600510.SH,False,True,60,-1342081458.8600001,-1055186603.8799996,False,False,True,True,True,20241105
688680.SH,True,True,39,774662953.8999999,-1925388149.4100003,False,False,True,False,True,20241105
002053.SZ,False,True,60,1244685724.9300003,756075329.85,False,False,False,False,True,20241105
600511.SH,False,True,60,1687590639.72,2602002455.2199993,False,False,False,False,True,20241105
688681.SH,True,True,32,50456291.57,-6335089.77,False,False,True,False,True,20241105
002054.SZ,False,True,60,134313895.97000003,236006947.73,False,False,False,False,True,20241105
600512.SH,False,True,60,-833300439.99,312639994.04,False,False,False,True,True,20241105
688682.SH,True,True,23,39640292.379999995,-42112580.33,False,False,True,False,True,20241105
002055.SZ,False,True,60,-54616343.63000001,-224674504.65,False,False,True,True,True,20241105
600513.SH,False,True,60,195390986.48000002,145822437.88,False,False,False,False,True,20241105
688683.SH,True,True,22,49680515.53000001,68909997.74,False,False,False,False,True,20241105
002056.SZ,False,True,60,2144056455.31,4333511666.66,False,False,False,False,True,20241105
600515.SH,False,True,60,-934103504.2900002,-1338652804.59,False,False,True,True,True,20241105
688685.SH,True,True,22,97032986.76,74577072.35000001,False,False,False,False,True,20241105
002057.SZ,False,True,60,431706311.40000004,185172133.79,False,False,False,False,True,20241105
600516.SH,False,True,60,701039163.41,420435676.70000005,False,False,False,False,True,20241105
688686.SH,True,True,23,84498016.14999998,255459818.19,False,False,False,False,True,20241105
002058.SZ,False,True,60,4171152.08,7309467.94,False,False,False,False,True,20241105
600517.SH,False,True,60,5413975406.26,63613743.21999991,False,False,False,False,True,20241105
688687.SH,True,True,41,125095120.55,69301480.02,False,False,False,False,True,20241105
002059.SZ,False,True,60,-46829337.870000005,77437854.18,False,False,False,True,True,20241105
600518.SH,False,True,60,-413903410.85,-666307592.21,False,False,True,True,True,20241105
688689.SH,True,True,26,72763204.97,103177814.07999998,False,False,False,False,True,20241105
002060.SZ,False,True,60,2497511703.71,1112302198.7200003,False,False,False,False,True,20241105
600519.SH,False,True,60,61012626919.87999,77295265839.94,False,False,False,False,True,20241105
688690.SH,True,True,22,125166871.91,94219274.09,False,False,False,False,True,20241105
002061.SZ,False,True,60,-57683618.36000013,802487262.1899998,False,False,False,True,True,20241105
600520.SH,False,True,60,86515978.61000001,80168611.59,False,False,False,False,True,20241105
688696.SH,True,True,22,401947356.09000003,251178748.87,False,False,False,False,True,20241105
002062.SZ,False,True,60,159124078.76999998,1708569977.9900002,False,False,False,False,True,20241105
600521.SH,False,True,60,2642683621.1600003,2095580209.33,False,False,False,False,True,20241105
688697.SH,True,True,21,239420427.60000005,390816856.01,False,False,False,False,True,20241105
002063.SZ,False,True,60,-62954221.21999991,-84990517.91000009,False,False,True,True,True,20241105
600522.SH,False,True,60,5082008754.33,3408766511.4000006,False,False,False,False,True,20241105
688698.SH,True,True,23,139007175.57,81036023.43999998,False,False,False,False,True,20241105
002064.SZ,False,True,60,3009588677.75,633954991.81,False,False,False,False,True,20241105
600523.SH,False,True,60,76345549.22,78671639.7,False,False,False,False,True,20241105
688699.SH,True,True,27,34071677.49000001,194478490.82,False,False,False,False,True,20241105
002065.SZ,False,True,60,-701509676.69,420790590.29999995,False,False,False,True,True,20241105
600525.SH,False,True,59,,363767204.09999996,False,False,False,False,False,20241105
688700.SH,True,True,22,-41818035.160000004,69767217.34,False,False,False,True,True,20241105
002066.SZ,False,True,60,203835944.06,156239819.46,False,False,False,False,True,20241105
600526.SH,False,True,60,760762479.2099999,1196851990.01,False,False,False,False,True,20241105
688701.SH,True,True,30,3614274.9399999976,-51904262.05000001,False,False,True,False,True,20241105
002067.SZ,False,True,60,-148612448.87,322197937.28999996,False,False,False,True,True,20241105
600527.SH,False,True,60,57649176.949999996,70812048.03,False,False,False,False,True,20241105
688707.SH,True,True,26,-246208404.87999997,1106449486.59,False,False,False,True,True,20241105
002068.SZ,False,True,60,205579040.19,106644793.75999999,False,False,False,False,True,20241105
600528.SH,False,True,60,250365340.79999983,1762665799.3200002,False,False,False,False,True,20241105
688711.SH,True,True,32,58308955.47999999,-70255214.17000002,False,False,True,False,True,20241105
002069.SZ,False,True,60,16334663.290000021,214735594.18,False,False,False,False,True,20241105
600529.SH,False,True,60,1133678135.67,780682844.4000001,False,False,False,False,True,20241105
688718.SH,True,True,22,41983545.089999996,9412134.55,False,False,False,False,True,20241105
002072.SZ,False,True,60,17300983.36,-10499020.350000001,False,False,True,False,True,20241105
600530.SH,False,True,60,22800608.17,80537117.72,False,False,False,False,True,20241105
688722.SH,True,True,21,115970921.50999999,93108263.63,False,False,False,False,True,20241105
002073.SZ,False,True,60,338102351.94,479595695.1700001,False,False,False,False,True,20241105
600531.SH,False,True,60,1271690858.56,209177374.06,False,False,False,False,True,20241105
688728.SH,True,True,22,93027338.0,1023182066.0,False,False,False,False,True,20241105
002074.SZ,False,True,60,2453719146.81,925042689.79,False,False,False,False,True,20241105
600533.SH,False,True,60,-301293871.8399999,-61061611.67000008,False,False,True,True,True,20241105
688733.SH,True,True,32,-89599572.19,3169328.1400000006,False,False,False,True,True,20241105
002075.SZ,False,True,60,-394178931.27,1122883595.1100001,False,False,False,True,True,20241105
600535.SH,False,True,60,2676017289.63,2288665553.1100006,False,False,False,False,True,20241105
688737.SH,True,True,28,-21965225.820000052,-262461717.51999998,False,False,True,True,True,20241105
002076.SZ,False,True,60,-145594378.02,-41792463.58999999,False,False,True,True,True,20241105
600536.SH,False,True,60,-309609887.35000014,158766426.02999997,False,False,False,True,True,20241105
688739.SH,True,True,41,525716489.76,678388695.67,False,False,False,False,True,20241105
002077.SZ,False,True,60,257265934.37,41784680.90999998,False,False,False,False,True,20241105
600537.SH,False,True,60,125211384.02999999,831723332.9000001,False,False,False,False,True,20241105
688766.SH,True,True,22,23934759.78,50943018.400000006,False,False,False,False,True,20241105
002078.SZ,False,True,60,6783933986.41,6264886818.869999,False,False,False,False,True,20241105
600538.SH,False,True,60,-18091490.649999995,7023751.579999998,False,False,False,True,True,20241105
688767.SH,True,True,21,203908333.42,-47681091.05999994,False,False,True,False,True,20241105
002079.SZ,False,True,60,-108347875.73,193742541.73999998,False,False,False,True,True,20241105
600539.SH,False,True,60,-20196446.11,-46393811.05,False,False,True,True,True,20241105
688768.SH,True,True,22,-535378.6799999923,-70733229.34,False,False,True,True,True,20241105
002080.SZ,False,True,60,6434333361.41,2528824213.02,False,False,False,False,True,20241105
600540.SH,False,True,60,-239819721.01000002,-98777127.61000001,False,False,True,True,True,20241105
688772.SH,True,True,21,2709512682.6800003,1764783035.8799999,False,False,False,False,True,20241105
002081.SZ,False,True,60,113455731.25999999,391223728.48,False,False,False,False,True,20241105
600543.SH,False,True,60,-40603498.03999999,-14681350.23,False,False,True,True,True,20241105
688776.SH,True,True,21,110429508.27000001,76322536.10000001,False,False,False,False,True,20241105
002082.SZ,False,True,60,207960812.79,-162035427.34999996,False,False,True,False,True,20241105
600545.SH,False,True,60,231421000.0,338433000.0,False,False,False,False,True,20241105
688777.SH,True,True,24,584884758.99,100912338.98000002,False,False,False,False,True,20241105
002083.SZ,False,True,60,725021851.3800001,517951563.35,False,False,False,False,True,20241105
600546.SH,False,True,60,4569352642.83,10280788649.939999,False,False,False,False,True,20241105
688778.SH,True,True,22,2353682315.28,1217667848.8000002,False,False,False,False,True,20241105
002084.SZ,False,True,60,317528961.61,273771759.1400001,False,False,False,False,True,20241105
600547.SH,False,True,60,12274960664.029999,5712950436.900001,False,False,False,False,True,20241105
688779.SH,True,True,21,2415059518.52,-1775907503.21,False,False,True,False,True,20241105
002085.SZ,False,True,60,1248528866.93,1782716966.5699997,False,False,False,False,True,20241105
600548.SH,False,True,60,3854005764.7999997,3774890497.02,False,False,False,False,True,20241105
688786.SH,True,True,21,70093053.11999999,78784391.90999998,False,False,False,False,True,20241105
002086.SZ,False,True,60,-146515191.26,-80557083.34,False,False,True,True,True,20241105
600549.SH,False,True,60,4639360527.58,2359301035.28,False,False,False,False,True,20241105
688787.SH,True,True,24,20056156.519999996,-910165.4199999967,False,False,True,False,True,20241105
002088.SZ,False,True,60,445553370.2800001,533661674.4099999,False,False,False,False,True,20241105
600550.SH,False,True,60,292165566.97,-152084304.44999993,False,False,True,False,True,20241105
688788.SH,True,True,24,-99080446.27999997,-188817321.4,False,False,True,True,True,20241105
002090.SZ,False,True,60,266080693.01999995,237457639.0,False,False,False,False,True,20241105
600551.SH,False,True,60,818351113.38,669106229.89,False,False,False,False,True,20241105
688789.SH,True,True,25,87032392.1,280571923.72,False,False,False,False,True,20241105
002091.SZ,False,True,60,1016070758.77,2493733639.7700005,False,False,False,False,True,20241105
600552.SH,False,True,60,-150005114.70999998,439709605.08,False,False,False,True,True,20241105
688793.SH,True,True,28,19575051.409999996,127608298.51,False,False,False,False,True,20241105
002092.SZ,False,True,60,5854467559.42,5446381419.0,False,False,False,False,True,20241105
600556.SH,False,True,60,247036860.93999997,138467796.04000002,False,False,False,False,True,20241105
688798.SH,True,True,32,538376397.22,-22559146.200000018,False,False,True,False,True,20241105
002093.SZ,False,True,60,216292334.52,132807179.18,False,False,False,False,True,20241105
600557.SH,False,True,60,874795518.4599999,1157162369.52,False,False,False,False,True,20241105
688799.SH,True,True,26,114122989.49000001,240984967.69000006,False,False,False,False,True,20241105
002094.SZ,False,True,60,-21488373.849999994,-78932337.24000001,False,False,True,True,True,20241105
600558.SH,False,True,60,335977264.59999996,165861078.57000002,False,False,False,False,True,20241105
688800.SH,True,True,38,271322430.15,77536192.69,False,False,False,False,True,20241105
002095.SZ,False,True,60,-227466447.64999998,-18782329.47999999,False,False,True,True,True,20241105
600559.SH,False,True,60,607906560.1,705449751.2599999,False,False,False,False,True,20241105
688819.SH,True,True,45,2396181245.7599998,4589504066.45,False,False,False,False,True,20241105
002096.SZ,False,True,60,872324468.74,401217070.35,False,False,False,False,True,20241105
600560.SH,False,True,60,-85021353.66,-249322.27999999374,False,False,True,True,True,20241105
688981.SH,True,True,57,18964415000.0,21778992000.0,False,False,False,False,True,20241105
002097.SZ,False,True,60,1016266357.66,-1003565009.0100002,False,False,True,False,True,20241105
600561.SH,False,True,60,284436069.83,348935307.17999995,False,False,False,False,True,20241105
689009.SH,True,False,0,,,True,False,False,False,False,20241105
002098.SZ,False,True,60,229234608.78,231867590.85999998,False,False,False,False,True,20241105
600562.SH,False,True,60,48790588.66999996,-42766270.400000006,False,False,True,False,True,20241105
920000.BJ,True,False,0,,,True,False,False,False,False,20241105
002099.SZ,False,True,60,132695670.27000004,63380185.97999996,False,False,False,False,True,20241105
600563.SH,False,True,60,1215207771.2600002,1311381787.1299999,False,False,False,False,True,20241105
920010.BJ,True,False,0,,,True,False,False,False,False,20241105
002100.SZ,False,True,60,598266275.1399999,1793212340.0600002,False,False,False,False,True,20241105
600566.SH,False,True,60,2343832192.09,3458369291.1400003,False,False,False,False,True,20241105
920017.BJ,True,False,0,,,True,False,False,False,False,20241105
002101.SZ,False,True,60,1192090955.36,543034341.5700002,False,False,False,False,True,20241105
600567.SH,False,True,60,4685612994.34,2006585372.1899998,False,False,False,False,True,20241105
920021.BJ,True,False,0,,,True,False,False,False,False,20241105
002102.SZ,False,True,60,1235304898.67,-838499282.05,False,False,True,False,True,20241105
600568.SH,False,True,60,64462267.31,-34214308.11,False,False,True,False,True,20241105
920030.BJ,True,False,0,,,True,False,False,False,False,20241105
002103.SZ,False,True,60,348348019.74,316711850.81999993,False,False,False,False,True,20241105
600569.SH,False,True,60,-244667394.26,-104197417.83999991,False,False,True,True,True,20241105
920039.BJ,True,False,0,,,True,False,False,False,False,20241105
002104.SZ,False,True,60,286606436.22999996,82044087.92000002,False,False,False,False,True,20241105
600570.SH,False,True,60,1050215241.5799999,957334870.2800001,False,False,False,False,True,20241105
920047.BJ,True,False,0,,,True,False,False,False,False,20241105
002105.SZ,False,True,60,112277431.16000003,373645802.11999995,False,False,False,False,True,20241105
600571.SH,False,True,60,-17145482.879999995,-122524906.50999999,False,False,True,True,True,20241105
920077.BJ,True,False,0,,,True,False,False,False,False,20241105
002106.SZ,False,True,60,502927375.3499999,933522781.43,False,False,False,False,True,20241105
600572.SH,False,True,60,698678493.86,1294630133.4299998,False,False,False,False,True,20241105
920089.BJ,True,False,0,,,True,False,False,False,False,20241105
002107.SZ,False,True,60,104008839.12,154690974.36999997,False,False,False,False,True,20241105
600573.SH,False,True,60,94516883.24999997,147849648.58999997,False,False,False,False,True,20241105
920090.BJ,True,False,0,,,True,False,False,False,False,20241105
002108.SZ,False,True,60,16433104.51000002,426009061.2,False,False,False,False,True,20241105
600575.SH,False,True,60,2424399997.44,1514676938.7399998,False,False,False,False,True,20241105
920092.BJ,True,False,0,,,True,False,False,False,False,20241105
002109.SZ,False,True,60,540064635.9200001,444209622.26,False,False,False,False,True,20241105
600576.SH,False,True,60,256788125.96999997,296061698.09000003,False,False,False,False,True,20241105
920145.BJ,True,False,0,,,True,False,False,False,False,20241105
002110.SZ,False,True,60,-85185990.95000005,-2476589876.49,False,False,True,True,True,20241105
600577.SH,False,True,60,-699770910.37,1156303004.71,False,False,False,True,True,20241105
920146.BJ,True,False,0,,,True,False,False,False,False,20241105
002111.SZ,False,True,60,-170100610.14000005,-31829109.52000004,False,False,True,True,True,20241105
600578.SH,False,True,60,5957344098.900001,3712768457.2799997,False,False,False,False,True,20241105
920149.BJ,True,False,0,,,True,False,False,False,False,20241105
002112.SZ,False,True,60,-103974627.72,-138321707.3,False,False,True,True,True,20241105
600579.SH,False,True,60,-61192005.90999985,-634532702.8199999,False,False,True,True,True,20241105
920163.BJ,True,False,0,,,True,False,False,False,False,20241105
002114.SZ,False,True,60,205197191.77,162734340.75,False,False,False,False,True,20241105
600580.SH,False,True,60,1558551918.76,1393516462.32,False,False,False,False,True,20241105
920167.BJ,True,False,0,,,True,False,False,False,False,20241105
002115.SZ,False,True,60,477068785.66,-82198406.53,False,False,True,False,True,20241105
600581.SH,False,True,60,1059092930.6099998,31538083.350000143,False,False,False,False,True,20241105
920169.BJ,True,False,0,,,True,False,False,False,False,20241105
002116.SZ,False,True,60,-385897425.91,404851514.48,False,False,False,True,True,20241105
600582.SH,False,True,60,2427961133.03,3795206601.2200007,False,False,False,False,True,20241105
920171.BJ,True,False,0,,,True,False,False,False,False,20241105
002117.SZ,False,True,60,229429284.17000002,190495930.43,False,False,False,False,True,20241105
600583.SH,False,True,60,2899112100.0,6643378700.0,False,False,False,False,True,20241105
920174.BJ,True,False,0,,,True,False,False,False,False,20241105
002119.SZ,False,True,60,-9526421.780000001,61367481.79000002,False,False,False,True,True,20241105
600584.SH,False,True,60,5337453836.08,4665427083.809999,False,False,False,False,True,20241105
920179.BJ,True,False,0,,,True,False,False,False,False,20241105
002120.SZ,False,True,60,5081867113.990001,3313747815.0799994,False,False,False,False,True,20241105
600585.SH,False,True,60,20752195425.0,9757707296.0,False,False,False,False,True,20241105
920184.BJ,True,False,0,,,True,False,False,False,False,20241105
002121.SZ,False,True,60,322019098.79999995,820232734.8100001,False,False,False,False,True,20241105
600586.SH,False,True,60,471354213.00999975,443249891.78999996,False,False,False,False,True,20241105
920185.BJ,True,False,0,,,True,False,False,False,False,20241105
002122.SZ,False,True,60,-72053831.88999999,-33843699.03,False,False,True,True,True,20241105
600587.SH,False,True,60,706013029.31,729727809.79,False,False,False,False,True,20241105
920198.BJ,True,False,0,,,True,False,False,False,False,20241105
002123.SZ,False,True,60,165860087.54000002,227653453.27999997,False,False,False,False,True,20241105
600588.SH,False,True,60,-254547890.0,-131382110.0,False,False,True,True,True,20241105
920204.BJ,True,False,0,,,True,False,False,False,False,20241105
002124.SZ,False,True,60,-1375549711.18,678116651.8000001,False,False,False,True,True,20241105
600589.SH,False,True,60,168021819.69,-168694356.32999998,False,False,True,False,True,20241105
920212.BJ,True,False,0,,,True,False,False,False,False,20241105
002125.SZ,False,True,60,505470620.33000004,239446556.57,False,False,False,False,True,20241105
600590.SH,False,True,60,-211163765.13000003,-1129229457.25,False,False,True,True,True,20241105
920225.BJ,True,False,0,,,True,False,False,False,False,20241105
002126.SZ,False,True,60,1347920483.92,863200838.48,False,False,False,False,True,20241105
600592.SH,False,True,60,-36241724.56,190661611.89000002,False,False,False,True,True,20241105
920239.BJ,True,False,0,,,True,False,False,False,False,20241105
002127.SZ,False,True,60,204042533.8,435762124.63,False,False,False,False,True,20241105
600593.SH,False,True,60,219032553.96999997,187350969.35,False,False,False,False,True,20241105
920242.BJ,True,False,0,,,True,False,False,False,False,20241105
002128.SZ,False,True,60,8325982963.45,7146913192.500001,False,False,False,False,True,20241105
600594.SH,False,True,60,234257842.32000005,378967706.24,False,False,False,False,True,20241105
920249.BJ,True,False,0,,,True,False,False,False,False,20241105
002129.SZ,False,True,60,4164695930.410001,4393160424.320001,False,False,False,False,True,20241105
600595.SH,False,True,60,1760881038.58,1938247449.5100002,False,False,False,False,True,20241105
920252.BJ,True,False,0,,,True,False,False,False,False,20241105
002130.SZ,False,True,60,787030885.2100002,902873743.99,False,False,False,False,True,20241105
600596.SH,False,True,60,471837081.18,347293780.7800002,False,False,False,False,True,20241105
920260.BJ,True,False,0,,,True,False,False,False,False,20241105
002131.SZ,False,True,60,-982634665.7099999,-237198374.34,False,False,True,True,True,20241105
600597.SH,False,True,60,1273578176.0,1285878430.0,False,False,False,False,True,20241105
920263.BJ,True,False,0,,,True,False,False,False,False,20241105
002132.SZ,False,True,60,684574300.16,431853639.74,False,False,False,False,True,20241105
600598.SH,False,True,60,1717573491.6599998,1658102222.9600005,False,False,False,False,True,20241105
920266.BJ,True,False,0,,,True,False,False,False,False,20241105
002133.SZ,False,True,60,783417186.89,1072058317.8,False,False,False,False,True,20241105
600600.SH,False,True,60,3923996170.0,3971834183.0,False,False,False,False,True,20241105
920275.BJ,True,False,0,,,True,False,False,False,False,20241105
002134.SZ,False,True,60,31532180.500000015,61601018.129999995,False,False,False,False,True,20241105
600601.SH,False,True,60,476576007.83000004,700998998.5799999,False,False,False,False,True,20241105
920278.BJ,True,False,0,,,True,False,False,False,False,20241105
002135.SZ,False,True,60,-570419177.7800001,-1205285606.75,False,False,True,True,True,20241105
600602.SH,False,True,60,600658789.1,76356232.5,False,False,False,False,True,20241105
920344.BJ,True,False,0,,,True,False,False,False,False,20241105
002136.SZ,False,True,60,-2543179.1899999976,-20652979.579999983,False,False,True,True,True,20241105
600603.SH,False,True,60,1528634303.5399997,1626532557.0299997,False,False,False,False,True,20241105
920346.BJ,True,False,0,,,True,False,False,False,False,20241105
002137.SZ,False,True,60,63144997.41,94070807.95,False,False,False,False,True,20241105
600604.SH,False,True,60,-612388758.5,1816798058.29,False,False,False,True,True,20241105
920368.BJ,True,False,0,,,True,False,False,False,False,20241105
002138.SZ,False,True,60,1600271473.58,969114973.18,False,False,False,False,True,20241105
600605.SH,False,True,60,83222030.25999999,421481099.47,False,False,False,False,True,20241105
920370.BJ,True,False,0,,,True,False,False,False,False,20241105
002139.SZ,False,True,60,1215797544.1000004,857650472.3399999,False,False,False,False,True,20241105
600606.SH,False,True,60,-8851699685.56,5975117601.869999,False,False,False,True,True,20241105
920396.BJ,True,False,0,,,True,False,False,False,False,20241105
002140.SZ,False,True,60,911311433.9100001,232546265.85000008,False,False,False,False,True,20241105
600609.SH,False,True,60,1014493255.1499999,1245493542.34,False,False,False,False,True,20241105
920405.BJ,True,False,0,,,True,False,False,False,False,20241105
002141.SZ,False,True,60,-46886990.78999999,-86563991.46000001,False,False,True,True,True,20241105
600610.SH,False,True,60,109221009.41000001,-57221623.110000014,False,False,True,False,True,20241105
920407.BJ,True,False,0,,,True,False,False,False,False,20241105
002142.SZ,False,True,60,149396000000.0,205261000000.0,False,False,False,False,True,20241105
600611.SH,False,True,60,385868307.18000007,513653241.5899999,False,False,False,False,True,20241105
920415.BJ,True,False,0,,,True,False,False,False,False,20241105
002144.SZ,False,True,60,65441436.75,93023474.18,False,False,False,False,True,20241105
600612.SH,False,True,60,6614646447.379999,4859891817.68,False,False,False,False,True,20241105
920418.BJ,True,False,0,,,True,False,False,False,False,20241105
002145.SZ,False,True,60,-141771233.78,-115196634.50999999,False,False,True,True,True,20241105
600613.SH,False,True,60,231133001.25,214249751.89000005,False,False,False,False,True,20241105
920419.BJ,True,False,0,,,True,False,False,False,False,20241105
002146.SZ,False,True,60,-1353510961.17,-1127454168.0600004,False,False,True,True,True,20241105
600615.SH,False,True,60,-24321479.39,-10769489.670000002,False,False,True,True,True,20241105
920427.BJ,True,False,0,,,True,False,False,False,False,20241105
002148.SZ,False,True,60,13804213.850000005,32890471.379999995,False,False,False,False,True,20241105
600616.SH,False,True,60,35531080.83,6999098.690000005,False,False,False,False,True,20241105
920433.BJ,True,False,0,,,True,False,False,False,False,20241105
002149.SZ,False,True,60,313525049.35999995,317626455.14,False,False,False,False,True,20241105
600617.SH,False,True,60,1514274095.1100004,2139337054.7799997,False,False,False,False,True,20241105
920436.BJ,True,False,0,,,True,False,False,False,False,20241105
002150.SZ,False,True,60,156058558.06999996,262100601.67000002,False,False,False,False,True,20241105
600618.SH,False,True,60,919175444.91,718260903.9500003,False,False,False,False,True,20241105
920445.BJ,True,False,0,,,True,False,False,False,False,20241105
002151.SZ,False,True,60,22768606.569999993,-239459003.06,False,False,True,False,True,20241105
600619.SH,False,True,60,1935030159.8799996,1696289370.95,False,False,False,False,True,20241105
920454.BJ,True,False,0,,,True,False,False,False,False,20241105
002152.SZ,False,True,60,1253215502.12,1542610259.01,False,False,False,False,True,20241105
600620.SH,False,True,60,-179167487.3,159770045.60999998,False,False,False,True,True,20241105
920475.BJ,True,False,0,,,True,False,False,False,False,20241105
002153.SZ,False,True,60,163731498.98000002,-86660634.87999997,False,False,True,False,True,20241105
600621.SH,False,True,60,2161414856.32,-326211262.74999976,False,False,True,False,True,20241105
920489.BJ,True,False,0,,,True,False,False,False,False,20241105
002154.SZ,False,True,60,863172338.63,945434190.4399999,False,False,False,False,True,20241105
600622.SH,False,True,60,559034764.0,333369640.4,False,False,False,False,True,20241105
920508.BJ,True,False,0,,,True,False,False,False,False,20241105
002155.SZ,False,True,60,875301724.0499998,992909016.3200002,False,False,False,False,True,20241105
600623.SH,False,True,60,2495938329.8900003,298151947.89000034,False,False,False,False,True,20241105
920509.BJ,True,False,0,,,True,False,False,False,False,20241105
002156.SZ,False,True,60,4711496789.040001,2340693745.97,False,False,False,False,True,20241105
600624.SH,False,True,60,-48915009.33,33130721.419999998,False,False,False,True,True,20241105
920510.BJ,True,False,0,,,True,False,False,False,False,20241105
002157.SZ,False,True,60,-1687609278.39,-3407897707.2599998,False,False,True,True,True,20241105
600626.SH,False,True,60,685118303.09,25616946.319999993,False,False,False,False,True,20241105
920523.BJ,True,False,0,,,True,False,False,False,False,20241105
002158.SZ,False,True,60,750354427.8900001,646705575.8899999,False,False,False,False,True,20241105
600628.SH,False,True,60,282283447.53,178510348.51,False,False,False,False,True,20241105
920553.BJ,True,False,0,,,True,False,False,False,False,20241105
002159.SZ,False,True,60,266031165.93,416356787.99000007,False,False,False,False,True,20241105
600629.SH,False,True,60,222671261.21999997,810122388.8800001,False,False,False,False,True,20241105
920566.BJ,True,False,0,,,True,False,False,False,False,20241105
002160.SZ,False,True,60,33335044.370000005,-107891886.66999999,False,False,True,False,True,20241105
600630.SH,False,True,60,191252940.69,227061184.05,False,False,False,False,True,20241105
920571.BJ,True,False,0,,,True,False,False,False,False,20241105
002161.SZ,False,True,60,63070508.45999999,43602635.99,False,False,False,False,True,20241105
600633.SH,False,True,60,139975985.90999997,898602663.4699999,False,False,False,False,True,20241105
920640.BJ,True,False,0,,,True,False,False,False,False,20241105
002162.SZ,False,True,60,103307321.07999998,112288484.08000001,False,False,False,False,True,20241105
600635.SH,False,True,60,570710589.3600001,156160048.40999997,False,False,False,False,True,20241105
920642.BJ,True,False,0,,,True,False,False,False,False,20241105
002163.SZ,False,True,60,33656488.869999945,-82060494.54999995,False,False,True,False,True,20241105
600637.SH,False,True,60,343339401.22,2906627151.2799997,False,False,False,False,True,20241105
920675.BJ,True,False,0,,,True,False,False,False,False,20241105
002164.SZ,False,True,60,144036205.67000002,60657027.74000001,False,False,False,False,True,20241105
600638.SH,False,True,60,-177927790.2399999,1204643851.7799997,False,False,False,True,True,20241105
920682.BJ,True,False,0,,,True,False,False,False,False,20241105
002165.SZ,False,True,60,353647577.60999995,-157490641.89999998,False,False,True,False,True,20241105
600639.SH,False,True,60,-228250310.90999985,-4866925357.990001,False,False,True,True,True,20241105
920689.BJ,True,False,0,,,True,False,False,False,False,20241105
002166.SZ,False,True,60,149463737.14,-281760052.05,False,False,True,False,True,20241105
600640.SH,False,True,60,313114001.39,385894730.9,False,False,False,False,True,20241105
920726.BJ,True,False,0,,,True,False,False,False,False,20241105
002167.SZ,False,True,60,581909675.22,-227694317.14000002,False,False,True,False,True,20241105
600641.SH,False,True,60,-113537018.34999996,-386362256.21000004,False,False,True,True,True,20241105
920729.BJ,True,False,0,,,True,False,False,False,False,20241105
002168.SZ,False,True,60,-37633237.34,-71890143.79,False,False,True,True,True,20241105
600642.SH,False,True,60,7349179426.380001,6535594697.699999,False,False,False,False,True,20241105
920735.BJ,True,False,0,,,True,False,False,False,False,20241105
002169.SZ,False,True,60,164448671.77,-26722848.500000015,False,False,True,False,True,20241105
600643.SH,False,True,60,1271798272.87,1933573648.32,False,False,False,False,True,20241105
920765.BJ,True,False,0,,,True,False,False,False,False,20241105
002170.SZ,False,True,60,373831295.05999994,470665443.79,False,False,False,False,True,20241105
600644.SH,False,True,60,244677446.54000002,82056833.72,False,False,False,False,True,20241105
920799.BJ,True,False,0,,,True,False,False,False,False,20241105
002171.SZ,False,True,60,-249394632.70000005,-479644020.6000001,False,False,True,True,True,20241105
600645.SH,False,True,60,290753395.76,269193968.81,False,False,False,False,True,20241105
920819.BJ,True,False,0,,,True,False,False,False,False,20241105
002172.SZ,False,True,60,10096758.170000017,149658178.52999997,False,False,False,False,True,20241105
600648.SH,False,True,60,-2710740232.11,-2011605420.96,False,False,True,True,True,20241105
920826.BJ,True,False,0,,,True,False,False,False,False,20241105
002173.SZ,False,True,60,-1848197.2800000012,74945418.54,False,False,False,True,True,20241105
600649.SH,False,True,60,8403437010.48,-2269246747.1400003,False,False,True,False,True,20241105
920832.BJ,True,False,0,,,True,False,False,False,False,20241105
002174.SZ,False,True,60,228601526.22000003,-411292299.56000006,False,False,True,False,True,20241105
600650.SH,False,True,60,168236079.68999997,104685382.03,False,False,False,False,True,20241105
920873.BJ,True,False,0,,,True,False,False,False,False,20241105
002175.SZ,False,True,60,56898412.42,8357537.789999999,False,False,False,False,True,20241105
600651.SH,False,True,60,149424988.79000002,-68273743.82000001,False,False,True,False,True,20241105
920885.BJ,True,False,0,,,True,False,False,False,False,20241105
002176.SZ,False,True,60,-551936895.24,1724413585.1200004,False,False,False,True,True,20241105
600653.SH,False,True,60,120894397.92000002,65336517.09,False,False,False,False,True,20241105
920892.BJ,True,False,0,,,True,False,False,False,False,20241105
002177.SZ,False,True,60,35577158.870000005,27393327.23,False,False,False,False,True,20241105
600654.SH,False,True,60,-106714184.75999999,-217247584.79000002,False,False,True,True,True,20241105
920924.BJ,True,False,0,,,True,False,False,False,False,20241105
002178.SZ,False,True,60,-9713075.079999998,37728500.16,False,False,False,True,True,20241105
600655.SH,False,True,60,1854495864.9300003,6758916103.87,False,False,False,False,True,20241105
920946.BJ,True,False,0,,,True,False,False,False,False,20241105
002179.SZ,False,True,60,3401020723.98,1833806320.65,False,False,False,False,True,20241105
600657.SH,False,True,60,-3014648607.21,3710695989.7599998,False,False,False,True,True,20241105
920961.BJ,True,False,0,,,True,False,False,False,False,20241105
002180.SZ,False,True,60,2680705774.4700003,2663752474.11,False,False,False,False,True,20241105
600658.SH,False,True,60,-57225850.879999995,-478230318.2700001,False,False,True,True,True,20241105
920964.BJ,True,False,0,,,True,False,False,False,False,20241105
002181.SZ,False,True,60,-12552344.700000003,-355135681.89,False,False,True,True,True,20241105
600660.SH,False,True,60,8459634318.0,7060406394.0,False,False,False,False,True,20241105
920974.BJ,True,False,0,,,True,False,False,False,False,20241105
002182.SZ,False,True,60,188067978.4,878595420.0599998,False,False,False,False,True,20241105
002508.SZ,False,True,60,1523113093.2300003,2162133174.34,False,False,False,False,True,20241105
600661.SH,False,True,60,195051866.31999996,238140925.25000003,False,False,False,False,True,20241105
002183.SZ,False,True,60,5094439.0,805541006.0,False,False,False,False,True,20241105
002510.SZ,False,True,60,184364410.49,114794710.82000001,False,False,False,False,True,20241105
600662.SH,False,True,60,810360740.38,375542031.28999996,False,False,False,False,True,20241105
002184.SZ,False,True,60,-91262705.72999999,188491474.69,False,False,False,True,True,20241105
002511.SZ,False,True,60,-11193730.730000138,713708919.53,False,False,False,True,True,20241105
600663.SH,False,True,60,8376491018.67,13399281163.3,False,False,False,False,True,20241105
002185.SZ,False,True,60,2919138676.8,2051027206.3300004,False,False,False,False,True,20241105
002512.SZ,False,True,60,168268244.17999995,-557123409.88,False,False,True,False,True,20241105
600664.SH,False,True,60,322809868.06999993,1283836710.02,False,False,False,False,True,20241105
002186.SZ,False,True,60,102972919.49000001,71860931.47000001,False,False,False,False,True,20241105
002513.SZ,False,True,60,-223375583.02000004,-126229124.76999998,False,False,True,True,True,20241105
600665.SH,False,True,60,1135215274.45,-518559730.73,False,False,True,False,True,20241105
002187.SZ,False,True,60,581303446.72,301578572.45,False,False,False,False,True,20241105
002514.SZ,False,True,59,,-179329612.29000002,False,False,True,False,False,20241105
600666.SH,False,True,60,-150744075.39,-257359810.89,False,False,True,True,True,20241105
002188.SZ,False,True,60,-16329958.369999997,25513918.18,False,False,False,True,True,20241105
002515.SZ,False,True,60,204544384.34,101842981.50999999,False,False,False,False,True,20241105
600667.SH,False,True,60,2537724802.21,1206063898.0700002,False,False,False,False,True,20241105
002189.SZ,False,True,60,-306064495.77,95319731.44,False,False,False,True,True,20241105
002516.SZ,False,True,60,168219639.15999997,414256628.77,False,False,False,False,True,20241105
600668.SH,False,True,60,133192705.71000002,29397211.45999998,False,False,False,False,True,20241105
002190.SZ,False,True,60,129063830.65,-27915255.639999986,False,False,True,False,True,20241105
002517.SZ,False,True,60,1684175218.6499999,1516332972.4099996,False,False,False,False,True,20241105
600671.SH,False,True,60,-30503638.050000004,-31275045.61,False,False,True,True,True,20241105
002191.SZ,False,True,60,-377787840.11999995,716959562.01,False,False,False,True,True,20241105
002518.SZ,False,True,60,26426964.26000011,1120251967.18,False,False,False,False,True,20241105
600673.SH,False,True,60,616916121.1299999,665003496.71,False,False,False,False,True,20241105
002192.SZ,False,True,60,390289891.14,746753371.6,False,False,False,False,True,20241105
002519.SZ,False,True,60,215202973.9500001,572129174.26,False,False,False,False,True,20241105
600674.SH,False,True,60,828980144.5,641410803.6300001,False,False,False,False,True,20241105
002193.SZ,False,True,60,-3213559.870000001,58882759.87,False,False,False,True,True,20241105
002520.SZ,False,True,60,358896172.84000003,251807232.09000003,False,False,False,False,True,20241105
600675.SH,False,True,60,1797934935.5,-6264023340.09,False,False,True,False,True,20241105
002194.SZ,False,True,60,67921080.31999996,606152913.91,False,False,False,False,True,20241105
002521.SZ,False,True,60,330182143.48,87812357.00999996,False,False,False,False,True,20241105
600676.SH,False,True,60,372055901.43999994,493184536.97,False,False,False,False,True,20241105
002195.SZ,False,True,60,149595078.0,361709798.65,False,False,False,False,True,20241105
002522.SZ,False,True,60,188516819.87,213844649.54,False,False,False,False,True,20241105
600678.SH,False,True,60,50183726.29,-12845094.420000002,False,False,True,False,True,20241105
002196.SZ,False,True,60,189300271.91,183379461.93,False,False,False,False,True,20241105
002523.SZ,False,True,60,313988638.40000004,197980740.71999997,False,False,False,False,True,20241105
600679.SH,False,True,60,130198115.44999997,232954002.34,False,False,False,False,True,20241105
002197.SZ,False,True,60,519327815.68,521828261.86,False,False,False,False,True,20241105
002524.SZ,False,True,60,49945359.39000001,58733100.67,False,False,False,False,True,20241105
600681.SH,False,True,60,755593671.72,452457513.32,False,False,False,False,True,20241105
002198.SZ,False,True,60,64483267.85000001,78818209.67,False,False,False,False,True,20241105
002526.SZ,False,True,60,-172404848.04000002,-179373358.16,False,False,True,True,True,20241105
600682.SH,False,True,60,939296385.47,1141160114.41,False,False,False,False,True,20241105
002199.SZ,False,True,60,-2786742.6,-8828973.139999997,False,False,True,True,True,20241105
002527.SZ,False,True,60,164243835.53,318866010.78999996,False,False,False,False,True,20241105
600683.SH,False,True,60,-6998815607.549999,-5412128391.2,False,False,True,True,True,20241105
002200.SZ,False,True,60,560229891.14,-226204480.49999997,False,False,True,False,True,20241105
002528.SZ,False,True,60,25698222.27999997,255559792.41,False,False,False,False,True,20241105
600684.SH,False,True,60,35064786.28,8756586.840000033,False,False,False,False,True,20241105
002201.SZ,False,True,60,170299641.41,68406347.6,False,False,False,False,True,20241105
002529.SZ,False,True,59,,53125586.12,False,False,False,False,False,20241105
600685.SH,False,True,60,-1912650223.1300006,3028187255.8799996,False,False,False,True,True,20241105
002202.SZ,False,True,60,69116103.5699997,6178763991.349999,False,False,False,False,True,20241105
002530.SZ,False,True,60,10392653.019999998,49396106.01,False,False,False,False,True,20241105
600686.SH,False,True,60,1617386727.15,3052888910.0299997,False,False,False,False,True,20241105
002203.SZ,False,True,60,-2140031347.47,-2236888069.3500004,False,False,True,True,True,20241105
002531.SZ,False,True,60,1509429781.56,1654411333.54,False,False,False,False,True,20241105
600688.SH,False,True,60,12120913000.0,-3491485000.0,False,False,True,False,True,20241105
002204.SZ,False,True,60,515532042.39,-176355230.35000002,False,False,True,False,True,20241105
002532.SZ,False,True,60,5322819239.6,2550437968.9799995,False,False,False,False,True,20241105
600689.SH,False,True,60,3085123.1500000022,47750452.97,False,False,False,False,True,20241105
002205.SZ,False,True,60,51956842.859999985,-205855923.75,False,False,True,False,True,20241105
002533.SZ,False,True,60,627918157.91,-281957188.31,False,False,True,False,True,20241105
600690.SH,False,True,60,25934927698.449997,22151547746.37,False,False,False,False,True,20241105
002206.SZ,False,True,60,624988542.98,1222831115.1,False,False,False,False,True,20241105
002534.SZ,False,True,60,670799209.21,193076739.19,False,False,False,False,True,20241105
600691.SH,False,True,60,1162411787.4299998,1465499053.5,False,False,False,False,True,20241105
002207.SZ,False,True,60,9946394.559999999,9465796.88,False,False,False,False,True,20241105
002535.SZ,False,True,60,569492029.8,244797704.60000002,False,False,False,False,True,20241105
600692.SH,False,True,60,486138046.09999996,-534644384.68,False,False,True,False,True,20241105
002208.SZ,False,True,60,-220251876.68999994,2695461073.5200005,False,False,False,True,True,20241105
002536.SZ,False,True,60,316533585.17999995,470993455.32,False,False,False,False,True,20241105
600693.SH,False,True,60,623159152.6099999,458561868.3,False,False,False,False,True,20241105
002209.SZ,False,True,60,263603452.23000002,222053905.4,False,False,False,False,True,20241105
002537.SZ,False,True,60,-335040178.00000006,387979729.45,False,False,False,True,True,20241105
600694.SH,False,True,60,898734316.73,1056898285.8100002,False,False,False,False,True,20241105
002210.SZ,False,True,60,79273042.14999999,9675681.920000002,False,False,False,False,True,20241105
002538.SZ,False,True,60,151761341.76,651208130.3799999,False,False,False,False,True,20241105
600697.SH,False,True,60,989990315.4500003,1548679664.8399997,False,False,False,False,True,20241105
002211.SZ,False,True,60,-31055833.320000004,23703027.57,False,False,False,True,True,20241105
002539.SZ,False,True,60,974814845.9500002,204857769.75999975,False,False,False,False,True,20241105
600698.SH,False,True,60,-40118354.669999994,-25373313.070000008,False,False,True,True,True,20241105
002212.SZ,False,True,60,408897363.47,413783796.9099999,False,False,False,False,True,20241105
002540.SZ,False,True,60,632373380.76,199379782.79,False,False,False,False,True,20241105
600699.SH,False,True,60,4223726004.4199996,4107406411.1099997,False,False,False,False,True,20241105
002213.SZ,False,True,60,-63940700.76999999,-44443428.85,False,False,True,True,True,20241105
002541.SZ,False,True,60,672540043.2799999,794060858.59,False,False,False,False,True,20241105
600702.SH,False,True,60,-9167425.300000072,564770857.1700002,False,False,False,True,True,20241105
002214.SZ,False,True,60,-82804318.23,-171276361.82,False,False,True,True,True,20241105
002542.SZ,False,True,60,547512790.7,25013526.27999997,False,False,False,False,True,20241105
600703.SH,False,True,60,4481246208.080001,2089181062.1199996,False,False,False,False,True,20241105
002215.SZ,False,True,60,1156921694.15,474065072.1600001,False,False,False,False,True,20241105
002543.SZ,False,True,60,1074365705.1000001,1331231248.4,False,False,False,False,True,20241105
600704.SH,False,True,60,2060521701.3000002,-1623001116.6700006,False,False,True,False,True,20241105
002216.SZ,False,True,60,1065633399.1700001,666736239.5800002,False,False,False,False,True,20241105
002544.SZ,False,True,60,480658350.84999996,218793767.91000003,False,False,False,False,True,20241105
600706.SH,False,True,60,243512784.59,124433176.8,False,False,False,False,True,20241105
002217.SZ,False,True,60,197740709.43,953714458.88,False,False,False,False,True,20241105
002545.SZ,False,True,60,765056374.9499998,1081430758.12,False,False,False,False,True,20241105
600707.SH,False,True,60,4412317100.13,2108838895.6799998,False,False,False,False,True,20241105
002218.SZ,False,True,60,175946403.83000004,254894838.11,False,False,False,False,True,20241105
002546.SZ,False,True,60,285848409.40999997,97356732.1,False,False,False,False,True,20241105
600708.SH,False,True,60,-719937757.3099997,144144498.27999973,False,False,False,True,True,20241105
002219.SZ,False,True,60,293998768.7,349427871.66999996,False,False,False,False,True,20241105
002547.SZ,False,True,60,98584156.37999994,449826264.07000005,False,False,False,False,True,20241105
600710.SH,False,True,60,6414022009.69,2101080191.4300003,False,False,False,False,True,20241105
002221.SZ,False,True,60,2479383116.96,1372128799.0700002,False,False,False,False,True,20241105
002548.SZ,False,True,60,152866835.23000002,60738013.30000001,False,False,False,False,True,20241105
600711.SH,False,True,60,1024857671.55,1352977237.0500002,False,False,False,False,True,20241105
002222.SZ,False,True,60,220733765.66999996,240290583.34,False,False,False,False,True,20241105
002549.SZ,False,True,60,115853622.65999997,235892716.14,False,False,False,False,True,20241105
600712.SH,False,True,60,-27028473.849999994,26663535.029999994,False,False,False,True,True,20241105
002223.SZ,False,True,60,1762783769.83,2885358692.1000004,False,False,False,False,True,20241105
002550.SZ,False,True,60,593075748.3,374288590.35,False,False,False,False,True,20241105
600713.SH,False,True,60,3496227639.66,-1953302720.21,False,False,True,False,True,20241105
002224.SZ,False,True,60,137574835.79000002,198745864.01999998,False,False,False,False,True,20241105
002551.SZ,False,True,60,105610964.07000002,142923974.51,False,False,False,False,True,20241105
600714.SH,False,True,60,40818908.09,-1593101.0000000075,False,False,True,False,True,20241105
002225.SZ,False,True,60,532274006.51999986,355514222.59000003,False,False,False,False,True,20241105
002552.SZ,False,True,60,94701338.18,67357205.72999999,False,False,False,False,True,20241105
600715.SH,False,True,60,49514275.57000001,96643183.11999999,False,False,False,False,True,20241105
002226.SZ,False,True,60,1178360512.56,1355123237.73,False,False,False,False,True,20241105
002553.SZ,False,True,60,108735157.70000002,87122300.72,False,False,False,False,True,20241105
600716.SH,False,True,60,200103772.78,-1364228948.63,False,False,True,False,True,20241105
002227.SZ,False,True,60,-21026514.889999997,-42333677.95999999,False,False,True,True,True,20241105
002554.SZ,False,True,60,-355058765.44000006,238292433.8,False,False,False,True,True,20241105
600717.SH,False,True,60,2691604036.3,2387674643.1500006,False,False,False,False,True,20241105
002228.SZ,False,True,60,633132290.27,375968777.43,False,False,False,False,True,20241105
002555.SZ,False,True,60,2756466141.3000007,3571944500.8199997,False,False,False,False,True,20241105
600718.SH,False,True,60,965081194.0,566193647.0,False,False,False,False,True,20241105
002229.SZ,False,True,60,-1089369.0199999996,-996655.7400000021,False,False,True,True,True,20241105
002556.SZ,False,True,60,-709986412.54,185160564.2800001,False,False,False,True,True,20241105
600719.SH,False,True,60,-31152482.27999997,-100731107.89999999,False,False,True,True,True,20241105
002230.SZ,False,True,60,700418063.03,470548420.73,False,False,False,False,True,20241105
002557.SZ,False,True,60,821194735.0899999,1317529187.7199998,False,False,False,False,True,20241105
600720.SH,False,True,60,-3259614263.6499996,627604597.0500002,False,False,False,True,True,20241105
002232.SZ,False,True,60,100193316.82,24414610.120000005,False,False,False,False,True,20241105
002558.SZ,False,True,60,1059521205.97,978194075.82,False,False,False,False,True,20241105
600721.SH,False,True,60,108074615.44,46317109.32000001,False,False,False,False,True,20241105
002233.SZ,False,True,60,583030463.1600001,1468790012.8700001,False,False,False,False,True,20241105
002559.SZ,False,True,60,34235101.75999999,268760163.2,False,False,False,False,True,20241105
600722.SH,False,True,60,68346327.85999998,180255661.13,False,False,False,False,True,20241105
002234.SZ,False,True,60,-127966220.5,61840928.400000006,False,False,False,True,True,20241105
002560.SZ,False,True,60,-5673219.929999948,-165311126.22,False,False,True,True,True,20241105
600724.SH,False,True,60,392774452.0500001,294925273.17,False,False,False,False,True,20241105
002235.SZ,False,True,60,22929554.56,26627178.64,False,False,False,False,True,20241105
002561.SZ,False,True,60,10392906.800000012,165660713.14999998,False,False,False,False,True,20241105
600725.SH,False,True,60,-19218291.86999999,16144961.019999996,False,False,False,True,True,20241105
002236.SZ,False,True,60,3148610694.2900004,3262217567.1,False,False,False,False,True,20241105
002562.SZ,False,True,60,91575638.15,-119534918.93,False,False,True,False,True,20241105
600726.SH,False,True,60,4082672263.2699995,6961149435.0199995,False,False,False,False,True,20241105
002237.SZ,False,True,60,1742328594.84,62935581.650000095,False,False,False,False,True,20241105
002563.SZ,False,True,60,733049242.26,2154677811.17,False,False,False,False,True,20241105
600727.SH,False,True,60,224743120.92000002,438220350.29999995,False,False,False,False,True,20241105
002238.SZ,False,True,60,549017272.03,432713056.4600001,False,False,False,False,True,20241105
002564.SZ,False,True,60,145165855.89,446224254.39,False,False,False,False,True,20241105
600728.SH,False,True,60,-236282125.3,300896752.42999995,False,False,False,True,True,20241105
002239.SZ,False,True,60,336918722.24,334035783.8399999,False,False,False,False,True,20241105
002565.SZ,False,True,60,247403945.33999997,178070925.99,False,False,False,False,True,20241105
600729.SH,False,True,60,1370073456.8199997,1040907844.54,False,False,False,False,True,20241105
002240.SZ,False,True,60,1351819044.42,738990062.2400002,False,False,False,False,True,20241105
002566.SZ,False,True,60,87958802.09,220996397.92,False,False,False,False,True,20241105
600730.SH,False,True,60,-1949621.3599999994,-69828920.51,False,False,True,True,True,20241105
002241.SZ,False,True,60,7410739769.309999,8158068854.12,False,False,False,False,True,20241105
002567.SZ,False,True,60,729404572.8400002,125357554.86999997,False,False,False,False,True,20241105
600731.SH,False,True,60,161247461.98000002,488993714.1999999,False,False,False,False,True,20241105
002242.SZ,False,True,60,753192526.62,127714692.87,False,False,False,False,True,20241105
002568.SZ,False,True,60,579945527.8000001,1142122410.8300002,False,False,False,False,True,20241105
600732.SH,False,True,60,-5435370734.860001,4608108685.53,False,False,False,True,True,20241105
002243.SZ,False,True,60,-434324240.28000003,-156764812.09999996,False,False,True,True,True,20241105
002569.SZ,False,True,60,-14524383.189999998,-26391262.379999995,False,False,True,True,True,20241105
600733.SH,False,True,60,687640324.0900002,-1252570379.48,False,False,True,False,True,20241105
002244.SZ,False,True,60,3347812833.709999,30083882690.190002,False,False,False,False,True,20241105
002570.SZ,False,True,60,444004243.03999996,370954825.94000006,False,False,False,False,True,20241105
600734.SH,False,True,60,-50854766.58,27758508.759999998,False,False,False,True,True,20241105
002245.SZ,False,True,60,823248440.29,518868190.95000005,False,False,False,False,True,20241105
002571.SZ,False,True,60,115778477.38000001,177958159.74,False,False,False,False,True,20241105
600735.SH,False,True,60,142297506.42000002,182542914.29999998,False,False,False,False,True,20241105
002246.SZ,False,True,60,-73971482.02000004,84385786.85000002,False,False,False,True,True,20241105
002572.SZ,False,True,60,691596472.97,2622153948.0600004,False,False,False,False,True,20241105
600736.SH,False,True,60,-2748848170.54,-1406783428.0500007,False,False,True,True,True,20241105
002247.SZ,False,True,60,74653159.09,80822957.03,False,False,False,False,True,20241105
002573.SZ,False,True,60,1218837607.46,852050683.5999999,False,False,False,False,True,20241105
600737.SH,False,True,60,2731011185.19,-2111055251.9999995,False,False,True,False,True,20241105
002248.SZ,False,True,60,66876863.269999996,31772176.28,False,False,False,False,True,20241105
002574.SZ,False,True,60,799601659.77,-527000423.25,False,False,True,False,True,20241105
600738.SH,False,True,60,285543346.14000005,95891359.61000001,False,False,False,False,True,20241105
002249.SZ,False,True,60,1933326323.9799998,1926978904.21,False,False,False,False,True,20241105
002575.SZ,False,True,60,-54944289.08,30317110.55,False,False,False,True,True,20241105
600739.SH,False,True,60,458139260.86,262110873.27999973,False,False,False,False,True,20241105
002250.SZ,False,True,60,1147094393.2399998,933474672.2600001,False,False,False,False,True,20241105
002576.SZ,False,True,60,354470522.43,-71060678.63,False,False,True,False,True,20241105
600740.SH,False,True,60,-2367190422.4399996,-1438614209.6200001,False,False,True,True,True,20241105
002251.SZ,False,True,60,-651100402.5199999,-2044987988.4699998,False,False,True,True,True,20241105
002577.SZ,False,True,60,100869457.38,47415420.36,False,False,False,False,True,20241105
600741.SH,False,True,60,9687027357.43,9156528206.529999,False,False,False,False,True,20241105
002252.SZ,False,True,60,853059653.22,2462691521.38,False,False,False,False,True,20241105
002578.SZ,False,True,60,82922115.72,110170977.44999999,False,False,False,False,True,20241105
600742.SH,False,True,60,2213910588.58,1470077125.49,False,False,False,False,True,20241105
002253.SZ,False,True,60,42630507.55,67283171.97,False,False,False,False,True,20241105
002579.SZ,False,True,60,337503182.90000004,30435015.430000007,False,False,False,False,True,20241105
600743.SH,False,True,60,-1852084426.4699998,182960662.5,False,False,False,True,True,20241105
002254.SZ,False,True,60,135921432.84,354328328.03,False,False,False,False,True,20241105
002580.SZ,False,True,60,109390184.43,-92560427.38,False,False,True,False,True,20241105
600744.SH,False,True,60,2325507137.15,1039876305.7199999,False,False,False,False,True,20241105
002255.SZ,False,True,60,620931299.06,413300405.14,False,False,False,False,True,20241105
002581.SZ,False,True,60,-86686662.27,-25716118.75,False,False,True,True,True,20241105
600745.SH,False,True,60,4881842428.4,4654907181.19,False,False,False,False,True,20241105
002256.SZ,False,True,60,-7156060.459999997,74283810.50999999,False,False,False,True,True,20241105
002582.SZ,False,True,60,278014616.74,313670824.76,False,False,False,False,True,20241105
600746.SH,False,True,60,931836344.05,-70195318.07000005,False,False,True,False,True,20241105
002258.SZ,False,True,60,313478792.75,1170456208.09,False,False,False,False,True,20241105
002583.SZ,False,True,60,785473357.97,712680146.63,False,False,False,False,True,20241105
600748.SH,False,True,60,-2070862479.67,-1216833696.27,False,False,True,True,True,20241105
002259.SZ,False,True,60,109279178.87,84412045.70999998,False,False,False,False,True,20241105
002584.SZ,False,True,60,-3873327.019999951,-70296058.07000005,False,False,True,True,True,20241105
600749.SH,False,True,60,87189859.28,62102503.79000001,False,False,False,False,True,20241105
002261.SZ,False,True,60,-469852703.2900001,-718263683.36,False,False,True,True,True,20241105
002585.SZ,False,True,60,-192090734.96999997,133402665.99000001,False,False,False,True,True,20241105
600750.SH,False,True,60,907889951.4300001,1132036904.3,False,False,False,False,True,20241105
002262.SZ,False,True,60,1100843960.31,1039416617.7300001,False,False,False,False,True,20241105
002586.SZ,False,True,60,-195069443.34,110711690.07,False,False,False,True,True,20241105
600751.SH,False,True,60,-593515807.6100001,-1780956000.0,False,False,True,True,True,20241105
002263.SZ,False,True,60,350013367.64000005,-185566788.3,False,False,True,False,True,20241105
002587.SZ,False,True,60,29452500.189999998,-5715052.170000002,False,False,True,False,True,20241105
600753.SH,False,True,60,-53612955.50999999,114537204.03,False,False,False,True,True,20241105
002264.SZ,False,True,60,33402072.329999983,415441901.89,False,False,False,False,True,20241105
002588.SZ,False,True,60,757498690.3800001,1892290721.9399998,False,False,False,False,True,20241105
600754.SH,False,True,60,4265947821.38,4689079537.049999,False,False,False,False,True,20241105
002265.SZ,False,True,60,-62962306.10000004,-618419340.7,False,False,True,True,True,20241105
002589.SZ,False,True,60,-238598682.44000003,530022485.9300001,False,False,False,True,True,20241105
600755.SH,False,True,60,9396635773.03,3662012737.6499996,False,False,False,False,True,20241105
002266.SZ,False,True,60,707175830.74,1078921221.22,False,False,False,False,True,20241105
002590.SZ,False,True,60,317990031.53,-59973878.379999995,False,False,True,False,True,20241105
600756.SH,False,True,60,-198193310.82,61874091.400000006,False,False,False,True,True,20241105
002267.SZ,False,True,60,1222161268.0,788252050.6700001,False,False,False,False,True,20241105
002591.SZ,False,True,60,36498326.69,83466141.41,False,False,False,False,True,20241105
600757.SH,False,True,60,385049396.59000003,1759211174.15,False,False,False,False,True,20241105
002268.SZ,False,True,60,115006102.64000005,365784294.46,False,False,False,False,True,20241105
002592.SZ,False,True,58,52728642.61999999,85096593.75,False,False,False,False,True,20241105
600758.SH,False,True,60,447616997.69000006,1033386865.1699998,False,False,False,False,True,20241105
002269.SZ,False,True,60,-487191763.91,24819596.310000002,False,False,False,True,True,20241105
002593.SZ,False,True,60,373758728.90999997,348962454.82000005,False,False,False,False,True,20241105
600759.SH,False,True,60,497709297.71999997,606098811.02,False,False,False,False,True,20241105
002270.SZ,False,True,60,635068058.5999999,695225690.4399999,False,False,False,False,True,20241105
002594.SZ,False,True,60,128138052000.0,147661212000.0,False,False,False,False,True,20241105
600760.SH,False,True,60,2148659866.300001,2330882258.84,False,False,False,False,True,20241105
002271.SZ,False,True,60,6370876368.05,3856605906.96,False,False,False,False,True,20241105
002595.SZ,False,True,60,1055535915.1200001,1428825859.32,False,False,False,False,True,20241105
600761.SH,False,True,60,659624877.4100001,1590191978.5599997,False,False,False,False,True,20241105
002272.SZ,False,True,60,-89245844.64000002,-64528473.19000001,False,False,True,True,True,20241105
002596.SZ,False,True,60,110730376.92000002,105254031.97,False,False,False,False,True,20241105
600763.SH,False,True,60,861020140.97,783993629.5900002,False,False,False,False,True,20241105
002273.SZ,False,True,60,2155802774.0200005,841808420.3299998,False,False,False,False,True,20241105
002597.SZ,False,True,59,866013687.3999999,1654036018.24,False,False,False,False,True,20241105
600764.SH,False,True,60,102465160.2,367284939.78999996,False,False,False,False,True,20241105
002274.SZ,False,True,60,612147332.53,943114603.3900001,False,False,False,False,True,20241105
002598.SZ,False,True,60,-74847750.43,64818611.69,False,False,False,True,True,20241105
600765.SH,False,True,60,532533943.06,623025303.84,False,False,False,False,True,20241105
002275.SZ,False,True,60,552597154.9200001,514086269.52,False,False,False,False,True,20241105
002599.SZ,False,True,59,36613130.33999999,144573966.43000004,False,False,False,False,True,20241105
600768.SH,False,True,60,-19027291.37,-22237740.299999997,False,False,True,True,True,20241105
002276.SZ,False,True,60,1197584045.44,112654851.71999997,False,False,False,False,True,20241105
002600.SZ,False,True,60,2722137955.2099996,5785522667.360001,False,False,False,False,True,20241105
600769.SH,False,True,60,54967623.6,44624445.88999999,False,False,False,False,True,20241105
002277.SZ,False,True,60,335136779.88,303378384.28999996,False,False,False,False,True,20241105
002601.SZ,False,True,60,3714964332.4399996,2745040385.7700005,False,False,False,False,True,20241105
600770.SH,False,True,60,104119818.67999999,146427054.64000002,False,False,False,False,True,20241105
002278.SZ,False,True,60,-30224052.839999996,-52713811.64999999,False,False,True,True,True,20241105
002602.SZ,False,True,60,4068644280.8800006,2527063029.49,False,False,False,False,True,20241105
600771.SH,False,True,60,-7962190.899999976,570860547.6,False,False,False,True,True,20241105
002279.SZ,False,True,60,-35414547.32999998,110223437.87,False,False,False,True,True,20241105
002603.SZ,False,True,59,333464666.52,2408498192.19,False,False,False,False,True,20241105
600773.SH,False,True,60,-641539659.95,-176360607.92999995,False,False,True,True,True,20241105
002281.SZ,False,True,60,-449815330.78999996,599733106.0899999,False,False,False,True,True,20241105
002605.SZ,False,True,59,400506742.87999994,650370709.95,False,False,False,False,True,20241105
600774.SH,False,True,60,186564537.98,252533578.77,False,False,False,False,True,20241105
002282.SZ,False,True,60,155782756.27,166130065.38,False,False,False,False,True,20241105
002606.SZ,False,True,59,-185212945.10000002,319232845.0500001,False,False,False,True,True,20241105
600775.SH,False,True,60,-241575276.59999996,22730411.43,False,False,False,True,True,20241105
002283.SZ,False,True,60,832755036.6099999,763473176.8100002,False,False,False,False,True,20241105
002607.SZ,False,True,59,158131702.29999995,-1190920682.98,False,False,True,False,True,20241105
600776.SH,False,True,60,-79028062.99,234937395.15999997,False,False,False,True,True,20241105
002284.SZ,False,True,60,1046520387.3799999,307959024.83,False,False,False,False,True,20241105
002608.SZ,False,True,59,5510958159.620001,1935141987.96,False,False,False,False,True,20241105
600777.SH,False,True,60,7785977588.28,7103953854.670001,False,False,False,False,True,20241105
002285.SZ,False,True,60,43990780.47000003,604066512.45,False,False,False,False,True,20241105
002609.SZ,False,True,59,141006164.74,514019105.88,False,False,False,False,True,20241105
600778.SH,False,True,60,273935490.33000004,145419939.14,False,False,False,False,True,20241105
002286.SZ,False,True,60,175225142.14,117845052.85999998,False,False,False,False,True,20241105
002611.SZ,False,True,58,387450605.41999996,618142707.3199999,False,False,False,False,True,20241105
600779.SH,False,True,60,1151722652.46,1560119362.96,False,False,False,False,True,20241105
002287.SZ,False,True,60,807592897.9300001,210340661.15,False,False,False,False,True,20241105
002612.SZ,False,True,58,575247225.6,641518817.25,False,False,False,False,True,20241105
600780.SH,False,True,60,1030431189.85,1152351378.5499997,False,False,False,False,True,20241105
002289.SZ,False,True,60,-24030125.83,5393534.859999999,False,False,False,True,True,20241105
002613.SZ,False,True,58,230335555.06,119229801.96000001,False,False,False,False,True,20241105
600782.SH,False,True,60,95593860.24000001,-59563561.870000005,False,False,True,False,True,20241105
002290.SZ,False,True,60,249453800.7,165435579.34000003,False,False,False,False,True,20241105
002614.SZ,False,True,58,373248060.6600001,919276061.47,False,False,False,False,True,20241105
600783.SH,False,True,60,-20780859.11,-127895895.84000003,False,False,True,True,True,20241105
002291.SZ,False,True,60,200728786.05,-371332029.42,False,False,True,False,True,20241105
002615.SZ,False,True,59,531377001.12,63834259.66,False,False,False,False,True,20241105
600784.SH,False,True,60,442602834.74999994,311288840.39000005,False,False,False,False,True,20241105
002292.SZ,False,True,60,349819005.08000004,322876471.82,False,False,False,False,True,20241105
002616.SZ,False,True,58,478125653.7400001,362568103.90999997,False,False,False,False,True,20241105
600785.SH,False,True,60,783162008.9300001,822786399.7399999,False,False,False,False,True,20241105
002293.SZ,False,True,60,756317829.6600001,880512198.6200001,False,False,False,False,True,20241105
002617.SZ,False,True,58,-422334788.84,678942888.47,False,False,False,True,True,20241105
600787.SH,False,True,60,471668633.78999996,1447863297.07,False,False,False,False,True,20241105
002294.SZ,False,True,60,1158407089.78,806189298.63,False,False,False,False,True,20241105
002620.SZ,False,True,58,57014047.83,227788115.29,False,False,False,False,True,20241105
600789.SH,False,True,60,548144788.6600001,624178823.0600001,False,False,False,False,True,20241105
002295.SZ,False,True,60,69333522.33,183184683.81,False,False,False,False,True,20241105
002622.SZ,False,True,58,134327311.11,83132308.25999999,False,False,False,False,True,20241105
600790.SH,False,True,60,463508137.68,-184927088.55,False,False,True,False,True,20241105
002296.SZ,False,True,60,184286999.21999997,149804197.81,False,False,False,False,True,20241105
002623.SZ,False,True,58,84056780.84999996,555504567.46,False,False,False,False,True,20241105
600791.SH,False,True,60,-2770390319.98,3159538392.12,False,False,False,True,True,20241105
002297.SZ,False,True,60,89190040.62,21916248.130000003,False,False,False,False,True,20241105
002624.SZ,False,True,58,45276043.81000006,1078038491.9699998,False,False,False,False,True,20241105
600792.SH,False,True,60,-82333118.65999997,-194235919.78999996,False,False,True,True,True,20241105
002298.SZ,False,True,60,172657150.85,8101264.34,False,False,False,False,True,20241105
002625.SZ,False,True,58,221173962.94000003,-22715004.420000006,False,False,True,False,True,20241105
600793.SH,False,True,60,153014292.29,140849391.51999998,False,False,False,False,True,20241105
002299.SZ,False,True,60,3082357280.04,2108437780.8199997,False,False,False,False,True,20241105
002626.SZ,False,True,58,420068979.08000004,785698599.96,False,False,False,False,True,20241105
600794.SH,False,True,60,1210113944.91,92633975.35000002,False,False,False,False,True,20241105
002300.SZ,False,True,60,590875924.37,16798810.700000048,False,False,False,False,True,20241105
002627.SZ,False,True,58,339398086.20000005,251347514.09999996,False,False,False,False,True,20241105
600795.SH,False,True,60,51297212362.359985,28693756381.33,False,False,False,False,True,20241105
002301.SZ,False,True,60,672388422.1399999,409867942.81,False,False,False,False,True,20241105
002628.SZ,False,True,58,-25361002.689999998,26866490.99000001,False,False,False,True,True,20241105
600796.SH,False,True,60,254217314.0,341310955.3,False,False,False,False,True,20241105
002302.SZ,False,True,60,980296761.02,1134937176.3200002,False,False,False,False,True,20241105
002629.SZ,False,True,58,-27052277.49,-41507089.36,False,False,True,True,True,20241105
600797.SH,False,True,60,141057309.25000003,502383992.03999996,False,False,False,False,True,20241105
002303.SZ,False,True,60,535144472.0000001,389402222.5799999,False,False,False,False,True,20241105
002630.SZ,False,True,58,-586917576.35,297239537.85999995,False,False,False,True,True,20241105
600798.SH,False,True,60,440385928.73,747891239.9200001,False,False,False,False,True,20241105
002304.SZ,False,True,60,5245061833.43,8947091541.890001,False,False,False,False,True,20241105
002631.SZ,False,True,58,-53016855.73000002,587366437.86,False,False,False,True,True,20241105
600800.SH,False,True,60,-160402128.36,-163434261.86,False,False,True,True,True,20241105
002305.SZ,False,True,60,-371955960.8799999,1425465873.83,False,False,False,True,True,20241105
002632.SZ,False,True,58,286053249.72,138804189.51,False,False,False,False,True,20241105
600801.SH,False,True,60,6114452378.0,5559944482.0,False,False,False,False,True,20241105
002306.SZ,False,True,60,12074849.5,-64656707.269999996,False,False,True,False,True,20241105
002633.SZ,False,True,58,5659634.819999998,-23940458.740000002,False,False,True,False,True,20241105
600802.SH,False,True,60,-52961863.03999999,-217853018.66000003,False,False,True,True,True,20241105
002307.SZ,False,True,60,-1414870438.57,1013759454.58,False,False,False,True,True,20241105
002634.SZ,False,True,58,-684658394.41,-80082091.85,False,False,True,True,True,20241105
600803.SH,False,True,60,13787860000.0,11233560000.0,False,False,False,False,True,20241105
002309.SZ,False,True,60,147503294.91000003,610819023.09,False,False,False,False,True,20241105
002635.SZ,False,True,58,796702418.1700001,728444175.8799999,False,False,False,False,True,20241105
600805.SH,False,True,60,-109975002.55999997,-149147332.2,False,False,True,True,True,20241105
002310.SZ,False,True,60,122232455.24000001,-452035038.95,False,False,True,False,True,20241105
002636.SZ,False,True,58,179359110.86999995,259432306.57999998,False,False,False,False,True,20241105
600807.SH,False,True,60,-259318626.52999997,-331237425.74,False,False,True,True,True,20241105
002311.SZ,False,True,60,11213370680.030003,9878332952.349998,False,False,False,False,True,20241105
002637.SZ,False,True,58,751973454.6999999,-43855027.98000002,False,False,True,False,True,20241105
600808.SH,False,True,60,2702527496.0,2474181934.0,False,False,False,False,True,20241105
002312.SZ,False,True,60,673971046.67,791518332.95,False,False,False,False,True,20241105
002638.SZ,False,True,58,-37245640.95999999,47438960.41,False,False,False,True,True,20241105
600809.SH,False,True,60,11356329805.169998,9472599479.369999,False,False,False,False,True,20241105
002313.SZ,False,True,60,-281907166.76,768462641.0699999,False,False,False,True,True,20241105
002639.SZ,False,True,58,70566776.13999997,134230379.43,False,False,False,False,True,20241105
600810.SH,False,True,60,913931767.78,-1258248992.06,False,False,True,False,True,20241105
002314.SZ,False,True,60,-850865356.8500004,6583159024.79,False,False,False,True,True,20241105
002640.SZ,False,True,58,274408612.88,138771951.13000005,False,False,False,False,True,20241105
600812.SH,False,True,60,1488937262.99,1065096739.71,False,False,False,False,True,20241105
002315.SZ,False,True,60,688462122.98,564984964.49,False,False,False,False,True,20241105
002641.SZ,False,True,58,530143711.9,1026499260.2700002,False,False,False,False,True,20241105
600814.SH,False,True,60,2116573031.42,-299281416.99,False,False,True,False,True,20241105
002316.SZ,False,True,60,-15279967.82,33408517.330000013,False,False,False,True,True,20241105
002642.SZ,False,True,58,-76886979.18,185552674.92999998,False,False,False,True,True,20241105
600815.SH,False,True,60,180055782.24,-98428319.0,False,False,True,False,True,20241105
002317.SZ,False,True,60,435430971.75,-21173771.33,False,False,True,False,True,20241105
002643.SZ,False,True,59,1243927538.6599998,928881072.5799998,False,False,False,False,True,20241105
600816.SH,False,True,60,99992281.13999987,-1594005494.39,False,False,True,False,True,20241105
002318.SZ,False,True,60,1732431634.37,782735115.7700001,False,False,False,False,True,20241105
002644.SZ,False,True,58,100755677.37,78354656.47999999,False,False,False,False,True,20241105
600817.SH,False,True,60,229285023.76999998,124583800.15,False,False,False,False,True,20241105
002319.SZ,False,True,60,20918238.43,27631662.240000002,False,False,False,False,True,20241105
002645.SZ,False,True,58,145240779.35999995,169073248.14000002,False,False,False,False,True,20241105
600818.SH,False,True,60,-4003263.8200000003,-50822496.129999995,False,False,True,True,True,20241105
002320.SZ,False,True,60,1557428751.9399998,1834938472.3100002,False,False,False,False,True,20241105
002646.SZ,False,True,58,-23252424.78999999,156303357.98,False,False,False,True,True,20241105
600819.SH,False,True,60,711901427.8299999,518855882.86,False,False,False,False,True,20241105
002321.SZ,False,True,60,222493397.12,-23186939.149999976,False,False,True,False,True,20241105
002647.SZ,False,True,58,122007503.66,164708502.97,False,False,False,False,True,20241105
600820.SH,False,True,60,5202925198.86,4866071929.440001,False,False,False,False,True,20241105
002322.SZ,False,True,60,364082617.68,331599860.23,False,False,False,False,True,20241105
002648.SZ,False,True,58,9146315777.46,7444577850.629999,False,False,False,False,True,20241105
600821.SH,False,True,60,2231960038.1800003,2240334990.41,False,False,False,False,True,20241105
002323.SZ,False,True,60,-143454212.18,-21685975.430000007,False,False,True,True,True,20241105
002649.SZ,False,True,58,104171867.89000002,359103422.46,False,False,False,False,True,20241105
600822.SH,False,True,60,-116010402.32,-31593749.099999994,False,False,True,True,True,20241105
002324.SZ,False,True,60,687153890.8399999,247364796.87,False,False,False,False,True,20241105
002650.SZ,False,True,58,-89441025.74,53514653.11,False,False,False,True,True,20241105
600824.SH,False,True,60,97159813.74000004,199725030.83999997,False,False,False,False,True,20241105
002326.SZ,False,True,60,-324185828.95,-512644074.21000004,False,False,True,True,True,20241105
002651.SZ,False,True,58,322689308.3000001,337884634.64,False,False,False,False,True,20241105
600825.SH,False,True,60,140145921.92000002,234624830.45,False,False,False,False,True,20241105
002327.SZ,False,True,60,403389763.68999994,734533747.08,False,False,False,False,True,20241105
002652.SZ,False,True,57,75684384.39999999,-8150908.6000000015,False,False,True,False,True,20241105
600826.SH,False,True,60,217577189.45,827341044.3299999,False,False,False,False,True,20241105
002328.SZ,False,True,60,853737213.99,336580801.59000003,False,False,False,False,True,20241105
002653.SZ,False,True,58,512970090.20000005,299250062.31,False,False,False,False,True,20241105
600827.SH,False,True,60,2513370770.0399995,3311393711.01,False,False,False,False,True,20241105
002329.SZ,False,True,60,394338364.14,208399265.09,False,False,False,False,True,20241105
002654.SZ,False,True,57,-166961706.01999998,94218060.54000002,False,False,False,True,True,20241105
600828.SH,False,True,60,1067129913.87,964544693.4600002,False,False,False,False,True,20241105
002330.SZ,False,True,60,-90601064.5,4803264.339999974,False,False,False,True,True,20241105
002655.SZ,False,True,57,92057155.02000001,90498118.38,False,False,False,False,True,20241105
600829.SH,False,True,60,-65856394.45000002,274703487.41999996,False,False,False,True,True,20241105
002331.SZ,False,True,60,6442816.579999983,-145373006.20000005,False,False,True,False,True,20241105
002656.SZ,False,True,57,45967307.84,6689296.7200000025,False,False,False,False,True,20241105
600830.SH,False,True,60,-1059791371.1500001,-323590993.96,False,False,True,True,True,20241105
002332.SZ,False,True,60,323776244.02,732150025.23,False,False,False,False,True,20241105
002657.SZ,False,True,57,-20970878.859999985,202173234.51,False,False,False,True,True,20241105
600831.SH,False,True,60,290039431.58,213563975.35,False,False,False,False,True,20241105
002333.SZ,False,True,60,-26170259.179999992,-126659293.86999997,False,False,True,True,True,20241105
002658.SZ,False,True,57,343475056.2,238341058.44000003,False,False,False,False,True,20241105
600833.SH,False,True,60,-239020181.48000002,324317082.67,False,False,False,True,True,20241105
002334.SZ,False,True,60,425688743.28000003,568993239.21,False,False,False,False,True,20241105
002659.SZ,False,True,57,2098936.579999998,81146595.16,False,False,False,False,True,20241105
600834.SH,False,True,60,505047011.76,-248578413.93,False,False,True,False,True,20241105
002335.SZ,False,True,60,927815456.6500002,1488524496.54,False,False,False,False,True,20241105
002660.SZ,False,True,57,-128193210.09,182567120.24,False,False,False,True,True,20241105
600835.SH,False,True,60,989794403.1400003,1119255912.9499998,False,False,False,False,True,20241105
002337.SZ,False,True,60,20530163.14,-47964829.16,False,False,True,False,True,20241105
002661.SZ,False,True,57,873958328.31,752612447.61,False,False,False,False,True,20241105
600838.SH,False,True,60,-1140721.37,15483770.879999999,False,False,False,True,True,20241105
002338.SZ,False,True,60,10027817.909999996,52174974.53999999,False,False,False,False,True,20241105
002662.SZ,False,True,57,663688759.74,570526533.7900001,False,False,False,False,True,20241105
600839.SH,False,True,60,3036781566.7200003,3146515627.46,False,False,False,False,True,20241105
002339.SZ,False,True,60,115398329.84,159092005.08999997,False,False,False,False,True,20241105
002663.SZ,False,True,60,124947485.49,-15264873.609999955,False,False,True,False,True,20241105
600841.SH,False,True,60,-216226353.19000018,577909274.6299996,False,False,False,True,True,20241105
002340.SZ,False,True,60,3679830363.8600006,1644599681.1100001,False,False,False,False,True,20241105
002664.SZ,False,True,57,591144174.42,341812937.86,False,False,False,False,True,20241105
600843.SH,False,True,60,121562596.53999999,41934856.77000001,False,False,False,False,True,20241105
002342.SZ,False,True,59,,69360518.74000001,False,False,False,False,False,20241105
002666.SZ,False,True,57,339218165.49,197794356.84,False,False,False,False,True,20241105
600844.SH,False,True,60,-52228380.109999985,-106178756.50000001,False,False,True,True,True,20241105
002343.SZ,False,True,60,-125387846.77000001,20986693.26999998,False,False,False,True,True,20241105
002667.SZ,False,True,57,-70787968.34,-84139924.91999999,False,False,True,True,True,20241105
600845.SH,False,True,60,2709827525.0600004,2244053220.1499996,False,False,False,False,True,20241105
002344.SZ,False,True,60,256101149.28,23960929.9,False,False,False,False,True,20241105
002668.SZ,False,True,57,2243730829.9600005,1931961760.21,False,False,False,False,True,20241105
600846.SH,False,True,60,-965026573.96,-1161301969.8899999,False,False,True,True,True,20241105
002345.SZ,False,True,60,574355987.45,471238383.26000005,False,False,False,False,True,20241105
002669.SZ,False,True,57,516425634.65000004,-161681569.3,False,False,True,False,True,20241105
600847.SH,False,True,60,25775156.610000003,-39700525.42,False,False,True,False,True,20241105
002346.SZ,False,True,60,101744560.57,82511476.78,False,False,False,False,True,20241105
002670.SZ,False,True,57,4455370583.610001,372598572.8299999,False,False,False,False,True,20241105
600848.SH,False,True,59,,-4840330113.45,False,False,True,False,False,20241105
002347.SZ,False,True,60,55480328.83999999,44195385.72,False,False,False,False,True,20241105
002671.SZ,False,True,57,75737132.99999999,329511415.38,False,False,False,False,True,20241105
600850.SH,False,True,60,-33375544.069999933,838530500.0,False,False,False,True,True,20241105
002348.SZ,False,True,60,912316.9499999993,-11730575.249999996,False,False,True,False,True,20241105
002672.SZ,False,True,56,66957414.79000001,-74237797.68999997,False,False,True,False,True,20241105
600851.SH,False,True,60,-31112694.160000004,69030781.85,False,False,False,True,True,20241105
002349.SZ,False,True,60,278217706.59000003,306960115.67999995,False,False,False,False,True,20241105
002673.SZ,False,True,57,7554193567.699999,-166110008.49000025,False,False,True,False,True,20241105
600853.SH,False,True,60,1324905485.85,604782633.1000001,False,False,False,False,True,20241105
002350.SZ,False,True,60,-49793614.04,102698679.50000001,False,False,False,True,True,20241105
002674.SZ,False,True,57,189323991.43,-153931338.32,False,False,True,False,True,20241105
600854.SH,False,True,60,62645751.43000001,-33085652.02000001,False,False,True,False,True,20241105
002351.SZ,False,True,60,477098119.73999995,560510020.79,False,False,False,False,True,20241105
002675.SZ,False,True,57,362071500.38,490431749.9499999,False,False,False,False,True,20241105
600855.SH,False,True,60,145173918.56,7735432.829999924,False,False,False,False,True,20241105
002352.SZ,False,True,60,28146063000.0,29302351000.0,False,False,False,False,True,20241105
002676.SZ,False,True,57,61560545.29000001,42398955.83,False,False,False,False,True,20241105
600857.SH,False,True,60,49037205.32,7519206.08,False,False,False,False,True,20241105
002353.SZ,False,True,60,3295707969.6699996,171194685.4100001,False,False,False,False,True,20241105
002677.SZ,False,True,57,138221156.29000002,516932150.78,False,False,False,False,True,20241105
600858.SH,False,True,60,1034790141.6199999,694464417.7,False,False,False,False,True,20241105
002354.SZ,False,True,60,-102606713.58,61729843.16000001,False,False,False,True,True,20241105
002678.SZ,False,True,57,-283952940.5499999,-150501644.67000005,False,False,True,True,True,20241105
600859.SH,False,True,60,2537506186.0199995,2778016945.33,False,False,False,False,True,20241105
002355.SZ,False,True,60,135882049.87,-10480283.689999998,False,False,True,False,True,20241105
002679.SZ,False,True,57,60772266.730000004,-10902.280000001192,False,False,True,False,True,20241105
600860.SH,False,True,60,-105386414.05,83378313.97,False,False,False,True,True,20241105
002356.SZ,False,True,60,-117767398.14,197137.33999999613,False,False,False,True,True,20241105
002681.SZ,False,True,57,280086939.3000001,141127172.46,False,False,False,False,True,20241105
600861.SH,False,True,60,513269494.86999995,49303924.42999999,False,False,False,False,True,20241105
002357.SZ,False,True,60,186357552.86,155131985.01000002,False,False,False,False,True,20241105
002682.SZ,False,True,57,294221391.78999996,337079340.53,False,False,False,False,True,20241105
600862.SH,False,True,60,198722445.77000004,628933222.8000001,False,False,False,False,True,20241105
002358.SZ,False,True,60,150437047.07,-11719461.949999988,False,False,True,False,True,20241105
002683.SZ,False,True,57,1372363208.09,1036099340.73,False,False,False,False,True,20241105
600863.SH,False,True,60,5386277795.070001,5162449152.139998,False,False,False,False,True,20241105
002360.SZ,False,True,60,-19109357.189999998,255844199.63000005,False,False,False,True,True,20241105
002685.SZ,False,True,57,398729151.09999996,185668539.58999997,False,False,False,False,True,20241105
600864.SH,False,True,60,4094533606.9299994,2380788247.52,False,False,False,False,True,20241105
002361.SZ,False,True,60,356069295.32,-10880807.719999969,False,False,True,False,True,20241105
002686.SZ,False,True,57,105176820.63,64988693.2,False,False,False,False,True,20241105
600865.SH,False,True,60,81339889.17,82573283.38,False,False,False,False,True,20241105
002362.SZ,False,True,60,896310.4600000083,-11254744.560000002,False,False,True,False,True,20241105
002687.SZ,False,True,57,224029764.47000003,303299750.31,False,False,False,False,True,20241105
600866.SH,False,True,60,2172820831.01,3257183112.3,False,False,False,False,True,20241105
002363.SZ,False,True,60,277921097.17999995,205850861.08999997,False,False,False,False,True,20241105
002688.SZ,False,True,56,408055770.21,123537982.5,False,False,False,False,True,20241105
600867.SH,False,True,60,613506282.0,527511157.7099999,False,False,False,False,True,20241105
002364.SZ,False,True,60,412394052.58,170464474.66,False,False,False,False,True,20241105
002689.SZ,False,True,56,-87140695.39,1821527.4100000113,False,False,False,True,True,20241105
600868.SH,False,True,60,116934760.95999998,28016512.89,False,False,False,False,True,20241105
002365.SZ,False,True,60,120094334.28,312336341.53999996,False,False,False,False,True,20241105
002690.SZ,False,True,56,746942191.84,589726650.5999999,False,False,False,False,True,20241105
600869.SH,False,True,60,-24543354.600000024,575704007.09,False,False,False,True,True,20241105
002366.SZ,False,True,60,-542505356.64,-546727620.0699999,False,False,True,True,True,20241105
002691.SZ,False,True,56,58927758.16,49742454.5,False,False,False,False,True,20241105
600871.SH,False,True,60,2707725000.0,6406366000.0,False,False,False,False,True,20241105
002367.SZ,False,True,60,523409810.8099998,720490738.22,False,False,False,False,True,20241105
002692.SZ,False,True,56,-164423331.29000002,-33304463.46999999,False,False,True,True,True,20241105
600872.SH,False,True,60,911173241.0000002,972510354.6699998,False,False,False,False,True,20241105
002368.SZ,False,True,59,,171948260.72999978,False,False,False,False,False,20241105
002693.SZ,False,True,56,18949105.83,3110166.16,False,False,False,False,True,20241105
600873.SH,False,True,60,4430362826.090001,5083660157.389999,False,False,False,False,True,20241105
002369.SZ,False,True,60,-29134895.39,67456794.53999999,False,False,False,True,True,20241105
002694.SZ,False,True,56,-188853106.79000002,51662761.79000001,False,False,False,True,True,20241105
600874.SH,False,True,60,908628000.0,1033094000.0,False,False,False,False,True,20241105
002370.SZ,False,True,60,75338471.65,31978707.07,False,False,False,False,True,20241105
002695.SZ,False,True,55,286511761.9200001,204857731.36,False,False,False,False,True,20241105
600875.SH,False,True,60,5604782975.469999,1646548628.0399995,False,False,False,False,True,20241105
002371.SZ,False,True,60,1683806872.7599998,598960628.1400001,False,False,False,False,True,20241105
002696.SZ,False,True,55,3970375.099999994,318681826.93,False,False,False,False,True,20241105
600876.SH,False,True,60,168149558.59,-232408346.07,False,False,True,False,True,20241105
002372.SZ,False,True,60,1382845065.4900002,1652305524.0800004,False,False,False,False,True,20241105
002697.SZ,False,True,55,1362797648.67,1191341906.54,False,False,False,False,True,20241105
600877.SH,False,True,60,16651761.719999991,208955804.83999997,False,False,False,False,True,20241105
002373.SZ,False,True,60,190800215.43999997,996318524.09,False,False,False,False,True,20241105
002698.SZ,False,True,55,592254844.3700001,208752147.76,False,False,False,False,True,20241105
600879.SH,False,True,60,-2775554702.11,-640705222.06,False,False,True,True,True,20241105
002374.SZ,False,True,60,21383559.33,71868875.47,False,False,False,False,True,20241105
002700.SZ,False,True,55,94156277.38000001,151879640.04,False,False,False,False,True,20241105
600880.SH,False,True,60,-13880876.450000018,-181156960.05,False,False,True,True,True,20241105
002375.SZ,False,True,60,349248445.35000014,545734605.79,False,False,False,False,True,20241105
002701.SZ,False,True,55,2202728870.0,1950419726.0,False,False,False,False,True,20241105
600881.SH,False,True,60,1293492733.7099998,1437600931.21,False,False,False,False,True,20241105
002376.SZ,False,True,60,212122497.74,617819033.05,False,False,False,False,True,20241105
002702.SZ,False,True,56,62016340.11999999,1769309.6599999964,False,False,False,False,True,20241105
600882.SH,False,True,60,618894302.68,241777428.86999997,False,False,False,False,True,20241105
002377.SZ,False,True,60,-88595261.16,-54588741.95,False,False,True,True,True,20241105
002703.SZ,False,True,55,18996073.76,15118850.469999999,False,False,False,False,True,20241105
600883.SH,False,True,60,-40775943.97,-34657218.16,False,False,True,True,True,20241105
002378.SZ,False,True,60,562190822.92,196461700.81,False,False,False,False,True,20241105
002705.SZ,False,True,52,1518077679.73,1721933863.05,False,False,False,False,True,20241105
600884.SH,False,True,60,2354989242.19,-2836680054.13,False,False,True,False,True,20241105
002379.SZ,False,True,60,34649300.650000006,-28402947.900000006,False,False,True,False,True,20241105
002706.SZ,False,True,53,612021242.25,644014871.35,False,False,False,False,True,20241105
600885.SH,False,True,60,2246272031.5699997,1869360670.94,False,False,False,False,True,20241105
002380.SZ,False,True,60,158867791.66000003,135561253.99,False,False,False,False,True,20241105
002707.SZ,False,True,52,552678568.88,172866831.52,False,False,False,False,True,20241105
600886.SH,False,True,60,25072371740.45001,23113985142.980003,False,False,False,False,True,20241105
002381.SZ,False,True,60,-66755334.41999999,295556907.32,False,False,False,True,True,20241105
002708.SZ,False,True,52,-71002155.14000002,-175362582.57999998,False,False,True,True,True,20241105
600887.SH,False,True,60,20451685822.58,16253898226.340002,False,False,False,False,True,20241105
002382.SZ,False,True,60,43857020.22,53314234.97999996,False,False,False,False,True,20241105
002709.SZ,False,True,59,1504413145.7000003,3238647101.1700006,False,False,False,False,True,20241105
600888.SH,False,True,60,486339652.70000005,778546268.93,False,False,False,False,True,20241105
002383.SZ,False,True,60,28922013.399999976,515745305.39,False,False,False,False,True,20241105
002712.SZ,False,True,52,-203349930.17000002,-384823418.36999995,False,False,True,True,True,20241105
600889.SH,False,True,60,-200440637.93999997,-127825401.17999998,False,False,True,True,True,20241105
002384.SZ,False,True,60,4327740635.26,6292854294.39,False,False,False,False,True,20241105
002713.SZ,False,True,52,-76545271.74,-298575214.85,False,False,True,True,True,20241105
600892.SH,False,True,60,-50097072.57,-30134055.91,False,False,True,True,True,20241105
002385.SZ,False,True,60,1611321669.14,773260574.2600001,False,False,False,False,True,20241105
002714.SZ,False,True,52,32382665155.54,19839148853.88,False,False,False,False,True,20241105
600893.SH,False,True,60,-10628971488.210001,-8791316913.3,False,False,True,True,True,20241105
002386.SZ,False,True,60,100753854.85,-55982458.23000002,False,False,True,False,True,20241105
002715.SZ,False,True,52,44220808.86000001,92182881.7,False,False,False,False,True,20241105
600894.SH,False,True,60,227422104.21,375932769.48,False,False,False,False,True,20241105
002387.SZ,False,True,60,3442956199.52,1449552893.4499998,False,False,False,False,True,20241105
002716.SZ,False,True,52,328678531.31,295589432.48,False,False,False,False,True,20241105
600895.SH,False,True,60,-2269594615.35,-1956823608.8600001,False,False,True,True,True,20241105
002388.SZ,False,True,60,-216224957.41,172275833.16000003,False,False,False,True,True,20241105
002717.SZ,False,True,52,-307940506.69000006,-353006902.49,False,False,True,True,True,20241105
600897.SH,False,True,60,709779194.1299999,493748727.25000006,False,False,False,False,True,20241105
002389.SZ,False,True,60,536322616.54,298228747.7099999,False,False,False,False,True,20241105
002718.SZ,False,True,52,-28301716.709999993,213847787.5,False,False,False,True,True,20241105
600900.SH,False,True,60,75982738681.94,43326876570.89,False,False,False,False,True,20241105
002390.SZ,False,True,60,492329183.6200001,786868922.0699999,False,False,False,False,True,20241105
002719.SZ,False,True,52,7960465.859999999,-16957388.46,False,False,True,False,True,20241105
600901.SH,False,True,41,595164132.2699999,3656723695.8,False,False,False,False,True,20241105
002391.SZ,False,True,60,-185469062.32000002,578328610.55,False,False,False,True,True,20241105
002721.SZ,False,True,52,-83809584.08,-84027952.1,False,False,True,True,True,20241105
600903.SH,False,True,37,474743886.77,1110405127.74,False,False,False,False,True,20241105
002392.SZ,False,True,60,-44775659.27000001,169687053.06000003,False,False,False,True,True,20241105
002722.SZ,False,True,52,246380920.78999996,309965299.02,False,False,False,False,True,20241105
600905.SH,False,True,27,17004215934.789999,18942178527.019997,False,False,False,False,True,20241105
002393.SZ,False,True,60,209833660.14999998,215179145.97999996,False,False,False,False,True,20241105
002723.SZ,False,True,52,107340223.91999999,-19687550.700000003,False,False,True,False,True,20241105
600906.SH,False,True,37,7505814392.26,-501308490.5200002,False,False,True,False,True,20241105
002394.SZ,False,True,60,-25642593.29000002,376349426.65999997,False,False,False,True,True,20241105
002724.SZ,False,True,49,242635530.34999996,145717370.11999997,False,False,False,False,True,20241105
600908.SH,False,True,42,7603460000.0,7286049000.0,False,False,False,False,True,20241105
002395.SZ,False,True,60,-53162880.45,82203062.85000001,False,False,False,True,True,20241105
002725.SZ,False,True,52,96025917.80000001,-42309691.58,False,False,True,False,True,20241105
600909.SH,False,True,46,5359584517.28,-3700068036.1899996,False,False,True,False,True,20241105
002396.SZ,False,True,60,306423842.12999994,1047002788.9,False,False,False,False,True,20241105
002726.SZ,False,True,51,,-482930162.7900001,False,False,True,False,False,20241105
600916.SH,False,True,24,3167165997.76,185669250.84000012,False,False,False,False,True,20241105
002397.SZ,False,True,59,,389555248.06,False,False,False,False,False,20241105
002727.SZ,False,True,51,2015382426.0599997,2360501929.6800003,False,False,False,False,True,20241105
600917.SH,False,True,50,452978221.3100001,207875847.59999996,False,False,False,False,True,20241105
002398.SZ,False,True,60,196786735.09000003,595388485.05,False,False,False,False,True,20241105
002728.SZ,False,True,51,88074259.18,316724859.07,False,False,False,False,True,20241105
600918.SH,False,True,46,26060115958.47,16061105254.43,False,False,False,False,True,20241105
002399.SZ,False,True,60,2424343879.4700003,-271320407.0999999,False,False,True,False,True,20241105
002729.SZ,False,True,47,38308942.42,-29875090.089999996,False,False,True,False,True,20241105
600919.SH,False,True,44,16568020000.0,195462707000.0,False,False,False,False,True,20241105
002400.SZ,False,True,60,-218348635.4000001,-599093819.9599999,False,False,True,True,True,20241105
002730.SZ,False,True,47,49040183.29999998,231131632.53,False,False,False,False,True,20241105
600926.SH,False,True,46,72580970000.0,109547818000.0,False,False,False,False,True,20241105
002401.SZ,False,True,60,7396612.669999987,64200483.25,False,False,False,False,True,20241105
002731.SZ,False,True,47,121241540.80999997,288179007.36,False,False,False,False,True,20241105
600927.SH,False,True,37,-7113561479.3,-13504613438.54,False,False,True,True,True,20241105
002402.SZ,False,True,60,463496578.17999995,54087303.57999998,False,False,False,False,True,20241105
002732.SZ,False,True,48,171818094.50000003,345650907.74,False,False,False,False,True,20241105
600928.SH,False,True,37,-4877083000.0,38206967000.0,False,False,False,True,True,20241105
002403.SZ,False,True,60,45391624.77,48304010.38999999,False,False,False,False,True,20241105
002733.SZ,False,True,47,578068717.15,568918296.28,False,False,False,False,True,20241105
600929.SH,False,True,34,777015751.3400002,1212450911.75,False,False,False,False,True,20241105
002404.SZ,False,True,60,533503383.74,215860465.52000004,False,False,False,False,True,20241105
002734.SZ,False,True,48,319196125.26,314648353.72,False,False,False,False,True,20241105
600933.SH,False,True,39,1689560563.3799999,1077278349.0900002,False,False,False,False,True,20241105
002405.SZ,False,True,60,-196197156.00000003,-348565024.05,False,False,True,True,True,20241105
002735.SZ,False,True,46,53036177.949999996,110128500.0,False,False,False,False,True,20241105
600935.SH,False,True,25,223071157.79000002,453928975.0300001,False,False,False,False,True,20241105
002406.SZ,False,True,60,31381709.29,124905818.00000006,False,False,False,False,True,20241105
002736.SZ,False,True,49,27713219618.4,-7951728696.800003,False,False,True,False,True,20241105
600936.SH,False,True,43,75051136.84,424013072.13,False,False,False,False,True,20241105
002407.SZ,False,True,60,-877174302.12,1151891621.75,False,False,False,True,True,20241105
002737.SZ,False,True,46,102994226.45999998,1577114686.7799997,False,False,False,False,True,20241105
600938.SH,False,True,18,233466000000.0,197727000000.0,False,False,False,False,True,20241105
002408.SZ,False,True,60,905186902.7600001,1082180737.8,False,False,False,False,True,20241105
002738.SZ,False,True,49,200527318.57000065,3552170163.26,False,False,False,False,True,20241105
600939.SH,False,True,60,-187858847.19000006,737456597.43,False,False,False,True,True,20241105
002409.SZ,False,True,60,656132473.0899999,821878622.93,False,False,False,False,True,20241105
002739.SZ,False,True,46,1510064539.9199991,3323247589.0699997,False,False,False,False,True,20241105
600941.SH,False,True,20,290177000000.0,290836000000.0,False,False,False,False,True,20241105
002410.SZ,False,True,60,921434918.38,883521319.97,False,False,False,False,True,20241105
002741.SZ,False,True,46,6709187.450000003,126751273.18999998,False,False,False,False,True,20241105
600955.SH,False,True,21,1173363091.96,743118392.4799999,False,False,False,False,True,20241105
002412.SZ,False,True,60,190555832.17,153511143.14000002,False,False,False,False,True,20241105
002742.SZ,False,True,46,-113720014.84,-35244937.88000001,False,False,True,True,True,20241105
600956.SH,False,True,46,5327196756.129999,7045737318.71,False,False,False,False,True,20241105
002413.SZ,False,True,60,224440368.12,-49131122.879999995,False,False,True,False,True,20241105
002743.SZ,False,True,49,-55379733.01,-95946915.22000003,False,False,True,True,True,20241105
600958.SH,False,True,50,28354108579.83,-2615830233.209999,False,False,True,False,True,20241105
002414.SZ,False,True,60,716615725.3199999,-141745021.17999998,False,False,True,False,True,20241105
002745.SZ,False,True,48,1533070121.1699998,1945779646.02,False,False,False,False,True,20241105
600959.SH,False,True,56,1449780623.0900002,2011508341.94,False,False,False,False,True,20241105
002415.SZ,False,True,60,13313125899.77,15917871722.289997,False,False,False,False,True,20241105
002746.SZ,False,True,48,-23775381.889999986,376529895.05999994,False,False,False,True,True,20241105
600960.SH,False,True,60,56669907.32999998,176346051.89000005,False,False,False,False,True,20241105
002416.SZ,False,True,60,1289961019.6899996,3321338251.9400005,False,False,False,False,True,20241105
002747.SZ,False,True,46,-213608678.01,-117158296.29999998,False,False,True,True,True,20241105
600961.SH,False,True,60,784072268.0400001,951368657.49,False,False,False,False,True,20241105
002418.SZ,False,True,60,-23290976.099999994,115612795.72999999,False,False,False,True,True,20241105
002748.SZ,False,True,49,115112355.92,107587073.05000001,False,False,False,False,True,20241105
600962.SH,False,True,60,-239028147.34,212244621.14,False,False,False,True,True,20241105
002419.SZ,False,True,60,1842977662.1600003,2906983755.0899997,False,False,False,False,True,20241105
002749.SZ,False,True,46,408707434.72,383521628.65000004,False,False,False,False,True,20241105
600963.SH,False,True,60,1277017965.71,628598313.37,False,False,False,False,True,20241105
002420.SZ,False,True,60,-14951248.850000001,99031594.87,False,False,False,True,True,20241105
002752.SZ,False,True,48,1581033154.9,1101657854.07,False,False,False,False,True,20241105
600965.SH,False,True,60,76920848.71,71805415.17999999,False,False,False,False,True,20241105
002421.SZ,False,True,60,77381301.57,206425627.21999997,False,False,False,False,True,20241105
002753.SZ,False,True,45,63603871.110000014,83508086.43,False,False,False,False,True,20241105
600966.SH,False,True,60,1311719612.44,138715088.70000005,False,False,False,False,True,20241105
002422.SZ,False,True,60,4360342672.0,5450945730.0,False,False,False,False,True,20241105
002755.SZ,False,True,46,430376081.06,-102471892.19,False,False,True,False,True,20241105
600967.SH,False,True,60,-829626979.4400003,-626818665.1899996,False,False,True,True,True,20241105
002423.SZ,False,True,60,15428579103.970001,3590866576.619999,False,False,False,False,True,20241105
002756.SZ,False,True,48,852489728.8599997,5838599917.35,False,False,False,False,True,20241105
600968.SH,False,True,32,5603030931.360001,5151199038.09,False,False,False,False,True,20241105
002424.SZ,False,True,59,,333788337.94,False,False,False,False,False,20241105
002757.SZ,False,True,46,412646636.32000005,643328977.55,False,False,False,False,True,20241105
600969.SH,False,True,60,1173642265.2199998,406167657.4699999,False,False,False,False,True,20241105
002425.SZ,False,True,60,-44954275.64,46662641.730000004,False,False,False,True,True,20241105
002758.SZ,False,True,46,178811037.80000007,1065533678.9300001,False,False,False,False,True,20241105
600970.SH,False,True,60,3289783642.55,1628528038.08,False,False,False,False,True,20241105
002426.SZ,False,True,60,174783451.81,466167938.12,False,False,False,False,True,20241105
002759.SZ,False,True,44,,-171014890.94000006,False,False,True,False,False,20241105
600971.SH,False,True,60,2160829790.4599996,4142575831.6899996,False,False,False,False,True,20241105
002427.SZ,False,True,60,-141506669.80999997,-58581806.72,False,False,True,True,True,20241105
002760.SZ,False,True,45,8801187.330000002,64933079.309999995,False,False,False,False,True,20241105
600973.SH,False,True,60,1130849995.07,-513341754.63000005,False,False,True,False,True,20241105
002428.SZ,False,True,60,-67458814.13,29688743.440000005,False,False,False,True,True,20241105
002761.SZ,False,True,45,891418191.81,2769413154.11,False,False,False,False,True,20241105
600975.SH,False,True,60,741433945.9100001,-308978018.74,False,False,True,False,True,20241105
002429.SZ,False,True,60,1760809005.0199995,3503657594.7599998,False,False,False,False,True,20241105
002762.SZ,False,True,45,-2013224.710000001,52658199.879999995,False,False,False,True,True,20241105
600976.SH,False,True,60,206281037.71000004,285002294.27000004,False,False,False,False,True,20241105
002430.SZ,False,True,60,2655677040.1800003,1090859044.5700002,False,False,False,False,True,20241105
002763.SZ,False,True,46,207731302.01999992,417837231.6500001,False,False,False,False,True,20241105
600977.SH,False,True,42,237858744.93999958,2202772524.23,False,False,False,False,True,20241105
002431.SZ,False,True,60,339325779.55,259331024.41,False,False,False,False,True,20241105
002765.SZ,False,True,45,275101046.4,165447438.63,False,False,False,False,True,20241105
600979.SH,False,True,60,666391564.47,731391533.6600001,False,False,False,False,True,20241105
002432.SZ,False,True,60,712809689.1200001,2272465146.0699997,False,False,False,False,True,20241105
002766.SZ,False,True,46,105736147.17000002,130036576.60999998,False,False,False,False,True,20241105
600980.SH,False,True,60,132914233.93,116915785.96000001,False,False,False,False,True,20241105
002434.SZ,False,True,60,458734492.58000004,363873728.53999996,False,False,False,False,True,20241105
002767.SZ,False,True,45,71798480.36000001,30501458.17,False,False,False,False,True,20241105
600981.SH,False,True,60,-827080470.74,1640724366.47,False,False,False,True,True,20241105
002436.SZ,False,True,60,222927957.72000003,334453706.12000006,False,False,False,False,True,20241105
002768.SZ,False,True,45,480796208.26000005,359622086.79999995,False,False,False,False,True,20241105
600982.SH,False,True,60,579763338.9,-63675375.370000005,False,False,True,False,True,20241105
002437.SZ,False,True,60,267537242.64000005,300638278.96000004,False,False,False,False,True,20241105
002769.SZ,False,True,47,-56903640.499999985,394947232.94000006,False,False,False,True,True,20241105
600983.SH,False,True,60,237651343.99999997,45112478.93999994,False,False,False,False,True,20241105
002438.SZ,False,True,60,183720400.72,186435529.5,False,False,False,False,True,20241105
002771.SZ,False,True,45,27523783.83,20205937.040000007,False,False,False,False,True,20241105
600984.SH,False,True,60,414598821.69,484868474.19,False,False,False,False,True,20241105
002439.SZ,False,True,60,-407646863.6,-214584222.24999994,False,False,True,True,True,20241105
002772.SZ,False,True,45,416835653.65000004,537425683.4100001,False,False,False,False,True,20241105
600985.SH,False,True,60,13382852130.52,13711690506.820002,False,False,False,False,True,20241105
002440.SZ,False,True,60,187540167.62,-342369085.54999995,False,False,True,False,True,20241105
002773.SZ,False,True,47,1467074126.1399999,1116772510.31,False,False,False,False,True,20241105
600986.SH,False,True,60,-340687935.23,371516552.66999996,False,False,False,True,True,20241105
002441.SZ,False,True,60,714444406.02,367312386.94,False,False,False,False,True,20241105
002774.SZ,False,True,39,99340980.05000001,181677577.79000002,False,False,False,False,True,20241105
600987.SH,False,True,60,964249275.7599998,1025522275.1899998,False,False,False,False,True,20241105
002442.SZ,False,True,60,-130765322.47,120129594.23000002,False,False,False,True,True,20241105
002775.SZ,False,True,45,-219328060.12000006,-548684625.71,False,False,True,True,True,20241105
600988.SH,False,True,60,3007939783.7400007,1814274607.5500002,False,False,False,False,True,20241105
002443.SZ,False,True,60,699392558.9299998,399843517.54999995,False,False,False,False,True,20241105
002777.SZ,False,True,44,255259808.86,150743780.78000003,False,False,False,False,True,20241105
600989.SH,False,True,56,8788264147.320002,7461579925.999999,False,False,False,False,True,20241105
002444.SZ,False,True,60,1578512204.66,2574096676.3900003,False,False,False,False,True,20241105
002778.SZ,False,True,47,44643208.370000005,-78301990.02000001,False,False,True,False,True,20241105
600990.SH,False,True,60,213605037.58999997,263077869.78000003,False,False,False,False,True,20241105
002445.SZ,False,True,60,136153824.23,1980603.9899999946,False,False,False,False,True,20241105
002779.SZ,False,True,45,43751299.92,44073269.03999999,False,False,False,False,True,20241105
600992.SH,False,True,60,-118875539.92999999,6363049.32,False,False,False,True,True,20241105
002446.SZ,False,True,60,218486316.09,114459254.52,False,False,False,False,True,20241105
002780.SZ,False,True,43,17651266.389999997,-27226594.360000007,False,False,True,False,True,20241105
600993.SH,False,True,60,844891856.8,162176073.12,False,False,False,False,True,20241105
002448.SZ,False,True,60,236231812.95999995,292185637.39,False,False,False,False,True,20241105
002782.SZ,False,True,46,475900530.0199999,268065139.42000002,False,False,False,False,True,20241105
600995.SH,False,True,60,3780104246.02,3428829846.5099998,False,False,False,False,True,20241105
002449.SZ,False,True,60,287320865.21,552288430.39,False,False,False,False,True,20241105
002783.SZ,False,True,45,444375583.54999995,371519282.26,False,False,False,False,True,20241105
600996.SH,False,True,39,668497419.67,429436243.54,False,False,False,False,True,20241105
002451.SZ,False,True,60,37969520.959999986,102421717.31,False,False,False,False,True,20241105
002785.SZ,False,True,45,-56470123.70999999,43170722.54,False,False,False,True,True,20241105
600997.SH,False,True,60,421095206.3000001,1814733938.7099996,False,False,False,False,True,20241105
002452.SZ,False,True,60,377696975.35,333398059.62,False,False,False,False,True,20241105
002786.SZ,False,True,44,31877712.15,94591324.36,False,False,False,False,True,20241105
600998.SH,False,True,60,1290875019.7100005,6256582173.74,False,False,False,False,True,20241105
002453.SZ,False,True,60,-103154981.15,-124187570.47999999,False,False,True,True,True,20241105
002787.SZ,False,True,45,196358233.62,107446310.15000004,False,False,False,False,True,20241105
600999.SH,False,True,60,90895612134.93001,49651388996.04001,False,False,False,False,True,20241105
002454.SZ,False,True,60,300759374.26000005,192399370.20999998,False,False,False,False,True,20241105
002788.SZ,False,True,43,865381870.3900001,881491800.4199998,False,False,False,False,True,20241105
601000.SH,False,True,60,2461310044.09,2469644415.2100005,False,False,False,False,True,20241105
002455.SZ,False,True,60,826189555.63,91910846.56,False,False,False,False,True,20241105
002789.SZ,False,True,43,-376555124.23,64454953.43000001,False,False,False,True,True,20241105
601001.SH,False,True,60,4965932027.429999,6678206592.33,False,False,False,False,True,20241105
002456.SZ,False,True,60,592807.719999969,412577807.7600002,False,False,False,False,True,20241105
002790.SZ,False,True,43,263771602.60999995,357827218.40000004,False,False,False,False,True,20241105
601002.SH,False,True,60,612137065.17,293218346.92,False,False,False,False,True,20241105
002457.SZ,False,True,60,338340579.15999997,28032552.359999996,False,False,False,False,True,20241105
002791.SZ,False,True,43,607281052.55,902927933.57,False,False,False,False,True,20241105
601003.SH,False,True,60,332729593.98,-382402622.2399998,False,False,True,False,True,20241105
002458.SZ,False,True,60,421486256.40999997,1240518280.63,False,False,False,False,True,20241105
002792.SZ,False,True,45,41776617.31000002,-51052818.58000001,False,False,True,False,True,20241105
601005.SH,False,True,60,1626696100.6100001,853824719.9499998,False,False,False,False,True,20241105
002459.SZ,False,True,60,5494346054.879999,12815087759.669998,False,False,False,False,True,20241105
002793.SZ,False,True,43,-12520481.74000001,517117211.33000004,False,False,False,True,True,20241105
601006.SH,False,True,60,8870065288.0,13724553367.0,False,False,False,False,True,20241105
002460.SZ,False,True,60,5621497431.38,3161960699.960001,False,False,False,False,True,20241105
002795.SZ,False,True,43,-70325114.38,23220825.79000002,False,False,False,True,True,20241105
601007.SH,False,True,60,33891164.390000045,157948397.11999997,False,False,False,False,True,20241105
002461.SZ,False,True,60,1009538863.98,683718912.3,False,False,False,False,True,20241105
002796.SZ,False,True,43,60276389.63000001,127150339.38,False,False,False,False,True,20241105
601008.SH,False,True,60,1236356202.6299999,135787004.34000003,False,False,False,False,True,20241105
002462.SZ,False,True,60,920663856.6200001,1415558978.87,False,False,False,False,True,20241105
002797.SZ,False,True,47,4306501384.02,-42346193.51999998,False,False,True,False,True,20241105
601009.SH,False,True,60,-75277229000.0,120374274000.0,False,False,False,True,True,20241105
002463.SZ,False,True,60,2383214110.0,2239804199.0,False,False,False,False,True,20241105
002798.SZ,False,True,43,234027062.56,535439994.96999997,False,False,False,False,True,20241105
601010.SH,False,True,58,,595710922.8799999,False,False,False,False,False,20241105
002465.SZ,False,True,60,-361096989.29999995,-252938456.26999998,False,False,True,True,True,20241105
002799.SZ,False,True,45,170495618.23000002,3546979.849999994,False,False,False,False,True,20241105
601011.SH,False,True,59,383736328.35,704172781.98,False,False,False,False,True,20241105
002466.SZ,False,True,60,6845227789.289997,28597438320.159996,False,False,False,False,True,20241105
002800.SZ,False,True,43,-298821087.43,261488303.74,False,False,False,True,True,20241105
601012.SH,False,True,59,-9633330315.710001,13252300177.02,False,False,False,True,True,20241105
002467.SZ,False,True,60,148813654.83999997,136988879.04000002,False,False,False,False,True,20241105
002801.SZ,False,True,43,313846486.91999996,247756803.86000004,False,False,False,False,True,20241105
601015.SH,False,True,46,-29332200.119999945,296082605.25,False,False,False,True,True,20241105
002468.SZ,False,True,60,4132693173.2800007,2897615774.459999,False,False,False,False,True,20241105
002802.SZ,False,True,43,41069658.599999994,129847986.77000001,False,False,False,False,True,20241105
601016.SH,False,True,50,3455836380.48,4549152951.529999,False,False,False,False,True,20241105
002469.SZ,False,True,60,668755320.81,135351261.86,False,False,False,False,True,20241105
002803.SZ,False,True,43,627961850.9200001,374661098.21000004,False,False,False,False,True,20241105
601018.SH,False,True,60,6901962000.0,9446553000.0,False,False,False,False,True,20241105
002470.SZ,False,True,60,244199750.75,770535809.24,False,False,False,False,True,20241105
002805.SZ,False,True,45,-214751775.25000024,-1958389087.1599998,False,False,True,True,True,20241105
601019.SH,False,True,38,1994520903.17,2932195630.3599997,False,False,False,False,True,20241105
002471.SZ,False,True,60,290040948.36,-196050487.87,False,False,True,False,True,20241105
002806.SZ,False,True,43,35208958.35,-24240682.11,False,False,True,False,True,20241105
601020.SH,False,True,44,241692992.99,169754162.57999998,False,False,False,False,True,20241105
002472.SZ,False,True,60,1403450871.62,1821849780.8799999,False,False,False,False,True,20241105
002807.SZ,False,True,45,6836425000.0,-3406765000.0,False,False,True,False,True,20241105
601021.SH,False,True,47,6109683226.0,6442078282.0,False,False,False,False,True,20241105
002474.SZ,False,True,60,105822426.38,-11996280.669999996,False,False,True,False,True,20241105
002809.SZ,False,True,42,185143728.69,167850189.32999998,False,False,False,False,True,20241105
601038.SH,False,True,56,1300394044.76,1372107077.88,False,False,False,False,True,20241105
002475.SZ,False,True,60,27058039842.590004,16988329812.340002,False,False,False,False,True,20241105
002810.SZ,False,True,42,297176152.17,177371899.83,False,False,False,False,True,20241105
601058.SH,False,True,59,3772419278.7,4162475793.9599996,False,False,False,False,True,20241105
002476.SZ,False,True,60,-15146095.389999986,105180231.91999999,False,False,False,True,True,20241105
002811.SZ,False,True,42,334174949.17999995,316725846.58000004,False,False,False,False,True,20241105
601066.SH,False,True,46,2466407886.04,9822030487.029999,False,False,False,False,True,20241105
002478.SZ,False,True,60,395464692.31,576593798.29,False,False,False,False,True,20241105
002812.SZ,False,True,42,1911718564.0600004,2688681517.91,False,False,False,False,True,20241105
601068.SH,False,True,47,-1374721490.0,1536823577.25,False,False,False,True,True,20241105
002479.SZ,False,True,60,939608121.3599999,711694991.3800001,False,False,False,False,True,20241105
002813.SZ,False,True,42,-26872239.950000003,1982471.9300000016,False,False,False,True,True,20241105
601069.SH,False,True,47,-217425163.04999995,603028753.4,False,False,False,True,True,20241105
002480.SZ,False,True,60,555126374.18,660269609.3700001,False,False,False,False,True,20241105
002815.SZ,False,True,45,416558708.47000015,1554268224.1799998,False,False,False,False,True,20241105
601077.SH,False,True,59,49290541000.0,369935000.0,False,False,False,False,True,20241105
002481.SZ,False,True,60,247866426.97000003,680153453.11,False,False,False,False,True,20241105
002816.SZ,False,True,42,-51044925.41,-15904985.620000005,False,False,True,True,True,20241105
601086.SH,False,True,40,175749442.10000002,335680761.44,False,False,False,False,True,20241105
002482.SZ,False,True,60,-392033773.35,53516370.379999995,False,False,False,True,True,20241105
002817.SZ,False,True,40,51745028.81,82734678.49999997,False,False,False,False,True,20241105
601088.SH,False,True,60,98471000000.0,93364000000.0,False,False,False,False,True,20241105
002483.SZ,False,True,60,-289715456.8800001,1520325654.6299999,False,False,False,True,True,20241105
002818.SZ,False,True,42,775067574.78,879185962.96,False,False,False,False,True,20241105
601098.SH,False,True,60,3928123058.75,2215944213.54,False,False,False,False,True,20241105
002484.SZ,False,True,60,560926747.3100001,613544556.4999999,False,False,False,False,True,20241105
002819.SZ,False,True,42,-44491233.369999945,-361761972.6,False,False,True,True,True,20241105
601099.SH,False,True,60,1964557884.48,925076214.14,False,False,False,False,True,20241105
002485.SZ,False,True,60,-276709390.87,-230080713.04,False,False,True,True,True,20241105
002820.SZ,False,True,41,58941277.45000002,99162494.04,False,False,False,False,True,20241105
601100.SH,False,True,58,2378678642.84,2261959319.3,False,False,False,False,True,20241105
002486.SZ,False,True,60,95363324.32999998,197734939.15,False,False,False,False,True,20241105
002821.SZ,False,True,41,1738333658.5800004,3312468339.15,False,False,False,False,True,20241105
601101.SH,False,True,60,4068046593.2099996,3450518305.770001,False,False,False,False,True,20241105
002487.SZ,False,True,60,1214976506.12,301305061.89,False,False,False,False,True,20241105
002822.SZ,False,True,41,-25993780.319999993,164470881.76999998,False,False,False,True,True,20241105
601106.SH,False,True,60,1600426834.05,-2217959987.74,False,False,True,False,True,20241105
002488.SZ,False,True,60,-55373094.92999998,52603631.80000001,False,False,False,True,True,20241105
002823.SZ,False,True,40,313135217.54,345686330.34,False,False,False,False,True,20241105
601107.SH,False,True,60,3145386442.87,3048051374.45,False,False,False,False,True,20241105
002489.SZ,False,True,60,83076206.22000003,629911734.0899999,False,False,False,False,True,20241105
002824.SZ,False,True,41,323644236.41999996,325991248.84000003,False,False,False,False,True,20241105
601108.SH,False,True,50,13359745897.15,-6922786237.28,False,False,True,False,True,20241105
002490.SZ,False,True,60,166825141.79999998,-16542404.66,False,False,True,False,True,20241105
002825.SZ,False,True,41,148170969.32999998,124287658.66999999,False,False,False,False,True,20241105
601111.SH,False,True,60,33084811000.0,21209099000.0,False,False,False,False,True,20241105
002491.SZ,False,True,60,166844788.88000003,299021709.4,False,False,False,False,True,20241105
002826.SZ,False,True,38,202612425.60000002,54671332.94000001,False,False,False,False,True,20241105
601113.SH,False,True,59,732157586.04,778039543.6999999,False,False,False,False,True,20241105
002492.SZ,False,True,60,32897615.23000002,246289947.22000006,False,False,False,False,True,20241105
002827.SZ,False,True,41,27441870.269999996,-7103377.169999998,False,False,True,False,True,20241105
601116.SH,False,True,60,290019937.25000006,379312396.14,False,False,False,False,True,20241105
002493.SZ,False,True,60,50045953247.78,-15870869962.7,False,False,True,False,True,20241105
002828.SZ,False,True,41,61712437.7,30947893.049999997,False,False,False,False,True,20241105
601117.SH,False,True,60,6868940348.5,4517466920.47,False,False,False,False,True,20241105
002494.SZ,False,True,60,-34415795.660000004,60097176.96,False,False,False,True,True,20241105
002829.SZ,False,True,41,78712412.05000001,-235199005.87,False,False,True,False,True,20241105
601118.SH,False,True,59,,1487612987.56,False,False,False,False,False,20241105
002495.SZ,False,True,60,56604469.55,42330823.59,False,False,False,False,True,20241105
002830.SZ,False,True,43,40810314.68,22174238.37,False,False,False,False,True,20241105
601126.SH,False,True,60,1425265322.3899999,912674561.7500001,False,False,False,False,True,20241105
002496.SZ,False,True,60,-19339747.500000004,-52890409.839999996,False,False,True,True,True,20241105
002831.SZ,False,True,52,2706906401.7,3454753346.200001,False,False,False,False,True,20241105
601127.SH,False,True,51,27269466051.840004,-3225669441.98,False,False,True,False,True,20241105
002497.SZ,False,True,60,1553332573.0900002,-50612791.06000018,False,False,True,False,True,20241105
002832.SZ,False,True,40,975204901.3100001,1123872652.71,False,False,False,False,True,20241105
601128.SH,False,True,44,25036306000.0,16496939000.0,False,False,False,False,True,20241105
002498.SZ,False,True,60,669302396.2199999,858010733.1400001,False,False,False,False,True,20241105
002833.SZ,False,True,42,537838546.33,687915926.41,False,False,False,False,True,20241105
601137.SH,False,True,60,1500263313.59,285393716.11,False,False,False,False,True,20241105
002500.SZ,False,True,60,11047305099.0,-650143000.0,False,False,True,False,True,20241105
002835.SZ,False,True,40,243753766.0,309059166.73,False,False,False,False,True,20241105
601138.SH,False,True,33,15113184000.0,49402545000.0,False,False,False,False,True,20241105
002501.SZ,False,True,60,-152152822.96999997,-398442184.38000005,False,False,True,True,True,20241105
002836.SZ,False,True,40,116886936.98,-29137320.660000004,False,False,True,False,True,20241105
601139.SH,False,True,60,3472644258.7,3305445759.6,False,False,False,False,True,20241105
002506.SZ,False,True,60,358840042.86,1422381222.22,False,False,False,False,True,20241105
002837.SZ,False,True,41,586018914.03,113604793.91999999,False,False,False,False,True,20241105
601155.SH,False,True,42,3210288890.0,6612836814.0,False,False,False,False,True,20241105
002507.SZ,False,True,60,666492551.5799999,592385808.49,False,False,False,False,True,20241105
002838.SZ,False,True,44,-130005648.33999999,77926157.84,False,False,False,True,True,20241105
601156.SH,False,True,24,4259043674.6299996,3788012447.0999994,False,False,False,False,True,20241105
002839.SZ,False,True,42,1285875372.0700002,803564177.7399998,False,False,False,False,True,20241105
601158.SH,False,True,60,1547368583.1900005,2853330232.09,False,False,False,False,True,20241105
002840.SZ,False,True,42,727459776.09,407795666.07,False,False,False,False,True,20241105
601162.SH,False,True,44,5668814714.28,749562884.6399994,False,False,False,False,True,20241105
002841.SZ,False,True,42,169848051.2199998,1456015806.0400004,False,False,False,False,True,20241105
601163.SH,False,True,57,1250305313.5000002,1890313077.87,False,False,False,False,True,20241105
002842.SZ,False,True,40,36155035.89,-4022518.719999999,False,False,True,False,True,20241105
601166.SH,False,True,60,-70688000000.0,224281000000.0,False,False,False,True,True,20241105
002843.SZ,False,True,43,192142968.59,125726076.06,False,False,False,False,True,20241105
601168.SH,False,True,60,8974589217.0,8654745411.0,False,False,False,False,True,20241105
002845.SZ,False,True,42,544137297.22,606495085.44,False,False,False,False,True,20241105
601169.SH,False,True,60,104605000000.0,117176000000.0,False,False,False,False,True,20241105
002846.SZ,False,True,40,74597140.60999998,94160678.72000001,False,False,False,False,True,20241105
601177.SH,False,True,60,79686503.55,78652011.72999999,False,False,False,False,True,20241105
002847.SZ,False,True,40,1114291738.46,497537358.59,False,False,False,False,True,20241105
601179.SH,False,True,60,3704886286.04,894009645.0399998,False,False,False,False,True,20241105
002848.SZ,False,True,42,-20129494.6,-27529792.330000006,False,False,True,True,True,20241105
601186.SH,False,True,60,-25423380000.0,14119898000.0,False,False,False,True,True,20241105
002849.SZ,False,True,39,-28059262.689999998,291000132.01,False,False,False,True,True,20241105
601187.SH,False,True,37,20766001500.83,-8542672137.110001,False,False,True,False,True,20241105
002850.SZ,False,True,41,2499330566.35,425402861.39,False,False,False,False,True,20241105
601188.SH,False,True,59,311468538.65000004,-20395882.209999993,False,False,True,False,True,20241105
002851.SZ,False,True,42,278221489.58000004,334380434.47,False,False,False,False,True,20241105
601198.SH,False,True,49,-9022771300.89,2706853158.1899986,False,False,False,True,True,20241105
002852.SZ,False,True,39,3668472409.6999993,3482595147.4,False,False,False,False,True,20241105
601199.SH,False,True,60,415399025.1499999,345697678.18999994,False,False,False,False,True,20241105
002853.SZ,False,True,39,39058324.15999998,169300889.46000004,False,False,False,False,True,20241105
601200.SH,False,True,58,1545180822.0899997,1793186602.53,False,False,False,False,True,20241105
002855.SZ,False,True,41,-60724629.34,-52063083.769999996,False,False,True,True,True,20241105
601208.SH,False,True,59,270041316.33,-703500171.0300001,False,False,True,False,True,20241105
002856.SZ,False,True,40,-121045197.74,207884842.55,False,False,False,True,True,20241105
601211.SH,False,True,48,66676215535.0,-1797808404.0,False,False,True,False,True,20241105
002857.SZ,False,True,41,10961275.409999996,56271123.53,False,False,False,False,True,20241105
601212.SH,False,True,41,753020707.4200001,2277789018.63,False,False,False,False,True,20241105
002858.SZ,False,True,41,133656681.75,3962325.9699999993,False,False,False,False,True,20241105
601216.SH,False,True,60,1407025813.51,1961506558.69,False,False,False,False,True,20241105
002859.SZ,False,True,39,447766315.12,199451258.20999998,False,False,False,False,True,20241105
601218.SH,False,True,59,333157273.5799999,477207718.16,False,False,False,False,True,20241105
002860.SZ,False,True,39,295235502.21999997,277798414.83,False,False,False,False,True,20241105
601222.SH,False,True,59,1376466323.96,130869308.75,False,False,False,False,True,20241105
002861.SZ,False,True,41,4117803.509999998,84019763.19000001,False,False,False,False,True,20241105
601225.SH,False,True,53,44864398427.070015,46122174395.34,False,False,False,False,True,20241105
002862.SZ,False,True,39,33307959.700000003,20517047.259999998,False,False,False,False,True,20241105
601226.SH,False,True,47,554146568.0799999,112676237.15000004,False,False,False,False,True,20241105
002863.SZ,False,True,39,-30716471.360000014,310881774.2300001,False,False,False,True,True,20241105
601228.SH,False,True,50,2781296133.4599996,1959314462.9299998,False,False,False,False,True,20241105
002864.SZ,False,True,37,150138086.88,92788775.61999999,False,False,False,False,True,20241105
601229.SH,False,True,50,64279802000.0,-20219054000.0,False,False,True,False,True,20241105
002865.SZ,False,True,40,2203428222.3500004,834813720.23,False,False,False,False,True,20241105
601231.SH,False,True,57,4681641737.940001,6409808087.48,False,False,False,False,True,20241105
002866.SZ,False,True,40,93186897.41,440918389.12999994,False,False,False,False,True,20241105
601233.SH,False,True,59,8172641237.22,5863592912.690001,False,False,False,False,True,20241105
002867.SZ,False,True,41,1562268563.5000002,697994666.0,False,False,False,False,True,20241105
601236.SH,False,True,36,1328095242.5200005,-6259704915.14,False,False,True,False,True,20241105
002868.SZ,False,True,39,48147153.25,-117877844.32000001,False,False,True,False,True,20241105
601238.SH,False,True,60,3688686463.0,678671710.0,False,False,False,False,True,20241105
002869.SZ,False,True,38,-91134770.72,71707886.39,False,False,False,True,True,20241105
601279.SH,False,True,24,709681368.46,157532566.0,False,False,False,False,True,20241105
002870.SZ,False,True,39,767618060.9399998,778556194.0600001,False,False,False,False,True,20241105
601288.SH,False,True,60,2321966000000.0,1311102000000.0,False,False,False,False,True,20241105
002871.SZ,False,True,39,100046684.64999999,155077333.15999997,False,False,False,False,True,20241105
601298.SH,False,True,37,4967085165.0,6518400345.0,False,False,False,False,True,20241105
002872.SZ,False,True,38,61556603.04000001,63316612.44,False,False,False,False,True,20241105
601311.SH,False,True,59,564028067.76,482441099.34000003,False,False,False,False,True,20241105
002873.SZ,False,True,41,96326585.35,49064352.29000001,False,False,False,False,True,20241105
601318.SH,False,True,60,465372000000.0,452741000000.0,False,False,False,False,True,20241105
002875.SZ,False,True,38,-52334147.52,21869918.76000002,False,False,False,True,True,20241105
601319.SH,False,True,37,87771000000.0,82969000000.0,False,False,False,False,True,20241105
002876.SZ,False,True,38,42134226.94,76245944.67,False,False,False,False,True,20241105
601326.SH,False,True,43,2132235191.88,2566137599.620001,False,False,False,False,True,20241105
002877.SZ,False,True,39,-143395179.68,-36177432.86,False,False,True,True,True,20241105
601328.SH,False,True,60,13762000000.0,286819000000.0,False,False,False,False,True,20241105
002878.SZ,False,True,37,,-94672392.82999998,False,False,True,False,False,20241105
601330.SH,False,True,35,1373364018.88,1432528149.1499999,False,False,False,False,True,20241105
002879.SZ,False,True,40,167795343.44,147578461.04,False,False,False,False,True,20241105
601333.SH,False,True,60,2448914910.0,1424899850.0,False,False,False,False,True,20241105
002880.SZ,False,True,39,283067340.75000006,268173157.2,False,False,False,False,True,20241105
601336.SH,False,True,58,100725000000.0,94687000000.0,False,False,False,False,True,20241105
002881.SZ,False,True,38,-45075806.96000001,-76251672.28,False,False,True,True,True,20241105
601339.SH,False,True,56,1427204977.35,-759014578.8399999,False,False,True,False,True,20241105
002882.SZ,False,True,39,172792172.46999997,160519369.73999998,False,False,False,False,True,20241105
601360.SH,False,True,57,466556000.0,893147000.0,False,False,False,False,True,20241105
002883.SZ,False,True,38,,48110107.64,False,False,False,False,False,20241105
601366.SH,False,True,40,740495608.5200002,1407385594.56,False,False,False,False,True,20241105
002884.SZ,False,True,39,394474369.29,452598942.19999987,False,False,False,False,True,20241105
601368.SH,False,True,50,497007598.58000004,496908546.76,False,False,False,False,True,20241105
002885.SZ,False,True,38,118364924.78,67612166.80999999,False,False,False,False,True,20241105
601369.SH,False,True,60,1135676710.24,1075060151.02,False,False,False,False,True,20241105
002886.SZ,False,True,39,53413414.139999986,108709831.73999998,False,False,False,False,True,20241105
601375.SH,False,True,47,5943955096.74,1612905922.9999998,False,False,False,False,True,20241105
002887.SZ,False,True,40,184457874.32999998,-175314993.86,False,False,True,False,True,20241105
601377.SH,False,True,60,19673068215.839996,17581444792.48,False,False,False,False,True,20241105
002888.SZ,False,True,40,75646238.49,-24124974.049999997,False,False,True,False,True,20241105
601388.SH,False,True,56,-357138384.47,854810142.82,False,False,False,True,True,20241105
002889.SZ,False,True,41,-245336561.8,372553433.92,False,False,False,True,True,20241105
601390.SH,False,True,60,829642000.0,38618590000.0,False,False,False,False,True,20241105
002890.SZ,False,True,39,22543398.110000003,57187271.94,False,False,False,False,True,20241105
601398.SH,False,True,60,585131000000.0,1471225000000.0,False,False,False,False,True,20241105
002891.SZ,False,True,37,356198847.41,374921009.45,False,False,False,False,True,20241105
601399.SH,False,True,60,1532063307.04,1002001924.5999999,False,False,False,False,True,20241105
002892.SZ,False,True,37,129736206.10000001,174005873.7,False,False,False,False,True,20241105
601456.SH,False,True,38,13913345547.359999,920965051.7799999,False,False,False,False,True,20241105
002893.SZ,False,True,39,40811214.66000001,297038353.15999997,False,False,False,False,True,20241105
601500.SH,False,True,41,718539925.0799999,898025842.05,False,False,False,False,True,20241105
002895.SZ,False,True,37,581806414.89,750548958.22,False,False,False,False,True,20241105
601512.SH,False,True,30,988615196.9699998,1950122976.8599997,False,False,False,False,True,20241105
002896.SZ,False,True,36,307866278.92999995,110580355.41,False,False,False,False,True,20241105
601515.SH,False,True,57,58982169.64,278323136.27000004,False,False,False,False,True,20241105
002897.SZ,False,True,36,117932177.96999998,308060768.04999995,False,False,False,False,True,20241105
601518.SH,False,True,59,600660048.3800001,1152358371.2999997,False,False,False,False,True,20241105
002899.SZ,False,True,36,157413671.73999998,309749358.84000003,False,False,False,False,True,20241105
601519.SH,False,True,60,-112820946.03999999,137586966.28,False,False,False,True,True,20241105
002900.SZ,False,True,38,-36802440.45,112556585.37,False,False,False,True,True,20241105
601528.SH,False,True,33,5387514000.0,17676377000.0,False,False,False,False,True,20241105
002901.SZ,False,True,36,272277787.47,101388189.60000001,False,False,False,False,True,20241105
601555.SH,False,True,57,34435185406.29,-4276688433.790001,False,False,True,False,True,20241105
002902.SZ,False,True,37,-98213437.69,104092098.22999999,False,False,False,True,True,20241105
601566.SH,False,True,59,274477615.46,464391676.5199999,False,False,False,False,True,20241105
002903.SZ,False,True,36,99850082.83,-102316672.6,False,False,True,False,True,20241105
601567.SH,False,True,59,2636862048.54,1293017945.78,False,False,False,False,True,20241105
002905.SZ,False,True,41,198976815.82999998,422248694.69000006,False,False,False,False,True,20241105
601568.SH,False,True,25,1510884350.23,-275426251.4500003,False,False,True,False,True,20241105
002906.SZ,False,True,37,782094798.74,521084651.51,False,False,False,False,True,20241105
601577.SH,False,True,41,-13742816000.0,51689216000.0,False,False,False,True,True,20241105
002907.SZ,False,True,37,145940926.23999998,115754501.44999999,False,False,False,False,True,20241105
601579.SH,False,True,53,306439536.53,262227299.98000002,False,False,False,False,True,20241105
002908.SZ,False,True,36,281998117.78,45879589.63000001,False,False,False,False,True,20241105
601588.SH,False,True,60,-27981860.0,2650294754.0,False,False,False,True,True,20241105
002909.SZ,False,True,38,200153678.29000002,89297962.19999999,False,False,False,False,True,20241105
601595.SH,False,True,42,168986255.33999997,177155946.89,False,False,False,False,True,20241105
002910.SZ,False,True,37,81025691.53000002,164710014.94,False,False,False,False,True,20241105
601598.SH,False,True,58,3451849544.6400003,3990783240.86,False,False,False,False,True,20241105
002911.SZ,False,True,38,1372172617.62,1395613299.44,False,False,False,False,True,20241105
601599.SH,False,True,59,350688344.71000004,-1576923.75,False,False,True,False,True,20241105
002912.SZ,False,True,35,276143974.52,-47943320.859999985,False,False,True,False,True,20241105
601600.SH,False,True,60,30257055000.0,28848203000.0,False,False,False,False,True,20241105
002913.SZ,False,True,37,689557745.82,826990147.07,False,False,False,False,True,20241105
601601.SH,False,True,60,155618000000.0,148599000000.0,False,False,False,False,True,20241105
002915.SZ,False,True,40,-116889523.92999998,-48605446.01,False,False,True,True,True,20241105
601606.SH,False,True,36,-120723877.68999998,127349063.86999997,False,False,False,True,True,20241105
002916.SZ,False,True,47,2703370943.94,2298718196.06,False,False,False,False,True,20241105
601607.SH,False,True,60,5712023573.68,7204575571.419999,False,False,False,False,True,20241105
002917.SZ,False,True,37,129192229.71999998,46884354.39,False,False,False,False,True,20241105
601608.SH,False,True,56,624211793.4300001,1122843336.05,False,False,False,False,True,20241105
002918.SZ,False,True,36,973229802.61,612932959.5000001,False,False,False,False,True,20241105
601609.SH,False,True,37,1325614654.1799998,-1852572998.3300002,False,False,True,False,True,20241105
002919.SZ,False,True,35,140016404.54999998,151112095.66,False,False,False,False,True,20241105
601611.SH,False,True,52,1962968283.2799988,-5970107716.969997,False,False,True,False,True,20241105
002920.SZ,False,True,36,1548360463.9199998,947846478.45,False,False,False,False,True,20241105
601615.SH,False,True,54,-4909781770.5,2104354215.9500003,False,False,False,True,True,20241105
002921.SZ,False,True,36,154401529.26,112330405.06,False,False,False,False,True,20241105
601616.SH,False,True,60,161865517.51,77023116.92000002,False,False,False,False,True,20241105
002922.SZ,False,True,36,213724384.60999995,143076416.89,False,False,False,False,True,20241105
601618.SH,False,True,60,-2366847000.0,-2754339000.0,False,False,True,True,True,20241105
002923.SZ,False,True,38,232424741.1,237391404.68,False,False,False,False,True,20241105
601619.SH,False,True,39,1650807105.4700003,1761430663.3200002,False,False,False,False,True,20241105
002925.SZ,False,True,37,688690439.78,758166085.84,False,False,False,False,True,20241105
601628.SH,False,True,60,395450000000.0,402596000000.0,False,False,False,False,True,20241105
002926.SZ,False,True,39,14384948209.25,-1857764755.3600006,False,False,True,False,True,20241105
601633.SH,False,True,58,33822756336.19,4718360483.470001,False,False,False,False,True,20241105
002927.SZ,False,True,34,134300785.54,42309791.66,False,False,False,False,True,20241105
601636.SH,False,True,59,957114107.6099999,1242236459.09,False,False,False,False,True,20241105
002928.SZ,False,True,36,1839133817.1100001,779969290.8,False,False,False,False,True,20241105
601658.SH,False,True,42,572744000000.0,317282000000.0,False,False,False,False,True,20241105
002929.SZ,False,True,37,-356649062.1300001,121624318.87999988,False,False,False,True,True,20241105
601665.SH,False,True,45,22199439000.0,30998029000.0,False,False,False,False,True,20241105
002930.SZ,False,True,38,988011712.11,1003781487.8299999,False,False,False,False,True,20241105
601666.SH,False,True,60,5205468436.64,11486410470.109999,False,False,False,False,True,20241105
002931.SZ,False,True,34,39679673.66,96934923.17000002,False,False,False,False,True,20241105
601668.SH,False,True,60,-49627773000.0,39970729000.0,False,False,False,True,True,20241105
002932.SZ,False,True,40,109032656.90999997,2282545050.3600006,False,False,False,False,True,20241105
601669.SH,False,True,60,11262557301.07,12837287640.670002,False,False,False,False,True,20241105
002933.SZ,False,True,31,81412975.06,-6654067.34,False,False,True,False,True,20241105
601677.SH,False,True,58,420160533.41,-1285831057.32,False,False,True,False,True,20241105
002935.SZ,False,True,36,-128935461.0,177248752.49,False,False,False,True,True,20241105
601678.SH,False,True,60,789716351.9699999,888451691.9599998,False,False,False,False,True,20241105
002936.SZ,False,True,44,14281444000.0,-9626191000.0,False,False,True,False,True,20241105
601686.SH,False,True,24,2504478192.45,501020109.42,False,False,False,False,True,20241105
002937.SZ,False,True,32,425650044.87,460282569.12,False,False,False,False,True,20241105
601688.SH,False,True,60,83482328399.32999,15878915287.59,False,False,False,False,True,20241105
002938.SZ,False,True,33,5893164130.2300005,8449275374.220002,False,False,False,False,True,20241105
601689.SH,False,True,46,1807177031.4799995,3712163180.1399994,False,False,False,False,True,20241105
002939.SZ,False,True,38,15533769388.989998,-9627354284.869999,False,False,True,False,True,20241105
601696.SH,False,True,42,12218393552.57,-4982212935.190001,False,False,True,False,True,20241105
002940.SZ,False,True,32,222993754.44000006,287031934.82,False,False,False,False,True,20241105
601698.SH,False,True,31,1817581673.31,1764775083.5300002,False,False,False,False,True,20241105
002941.SZ,False,True,50,-374298478.54999995,-1485088753.65,False,False,True,True,True,20241105
601699.SH,False,True,60,3303641720.630001,17066846361.180004,False,False,False,False,True,20241105
002942.SZ,False,True,38,241695091.85,-30712191.72999999,False,False,True,False,True,20241105
601700.SH,False,True,60,-22970257.929999992,261202724.01999998,False,False,False,True,True,20241105
002943.SZ,False,True,36,-97883103.37999998,-63289950.260000005,False,False,True,True,True,20241105
601702.SH,False,True,27,893749015.5999999,375001507.77,False,False,False,False,True,20241105
002945.SZ,False,True,40,6989212208.4,-10191094777.140001,False,False,True,False,True,20241105
601717.SH,False,True,60,4192263137.5700006,2392650656.12,False,False,False,False,True,20241105
002946.SZ,False,True,33,1361777433.26,1531058964.8200002,False,False,False,False,True,20241105
601718.SH,False,True,60,54682092.890000075,1069123621.47,False,False,False,False,True,20241105
002947.SZ,False,True,33,192367701.56999993,305583495.65000004,False,False,False,False,True,20241105
601727.SH,False,True,60,11993252000.0,12840680000.0,False,False,False,False,True,20241105
002948.SZ,False,True,42,25311799000.0,32504401000.0,False,False,False,False,True,20241105
601728.SH,False,True,60,123045165740.23003,133717576339.63,False,False,False,False,True,20241105
002949.SZ,False,True,35,290227659.79999995,323339150.28999996,False,False,False,False,True,20241105
601766.SH,False,True,60,26336007000.0,10101217000.0,False,False,False,False,True,20241105
002950.SZ,False,True,32,480949975.71000004,708125994.8199997,False,False,False,False,True,20241105
601777.SH,False,True,60,795740028.96,-409186010.81000006,False,False,True,False,True,20241105
002951.SZ,False,True,32,-77206355.26,-13733954.25,False,False,True,True,True,20241105
601778.SH,False,True,28,694634801.13,11466478.539999723,False,False,False,False,True,20241105
002952.SZ,False,True,38,51180951.72999999,113474633.66,False,False,False,False,True,20241105
601788.SH,False,True,60,53141353592.31999,2118830462.3399963,False,False,False,False,True,20241105
002953.SZ,False,True,37,287489885.23,-27854771.099999964,False,False,True,False,True,20241105
601789.SH,False,True,59,-585584491.4699999,987420779.2699999,False,False,False,True,True,20241105
002955.SZ,False,True,30,376705635.06999993,702375155.5099999,False,False,False,False,True,20241105
601798.SH,False,True,59,189453947.69,21794411.47,False,False,False,False,True,20241105
002956.SZ,False,True,32,129857891.95,168701711.78,False,False,False,False,True,20241105
601799.SH,False,True,60,1078561150.55,103616026.02999997,False,False,False,False,True,20241105
002957.SZ,False,True,31,215596162.24999997,195556863.99000004,False,False,False,False,True,20241105
601800.SH,False,True,60,-15124408893.0,-6762949843.0,False,False,True,True,True,20241105
002958.SZ,False,True,36,-2637061000.0,23166990000.0,False,False,False,True,True,20241105
601801.SH,False,True,60,209293383.48000002,1641973914.46,False,False,False,False,True,20241105
002959.SZ,False,True,30,62655793.619999945,764407103.4300001,False,False,False,False,True,20241105
601808.SH,False,True,60,13953136454.0,11631422866.0,False,False,False,False,True,20241105
002960.SZ,False,True,35,509726903.13,554527743.72,False,False,False,False,True,20241105
601811.SH,False,True,42,1973460682.84,2316835478.7300005,False,False,False,False,True,20241105
002961.SZ,False,True,32,2158521670.4900002,-8831737.910000026,False,False,True,False,True,20241105
601816.SH,False,True,26,20627269799.78,17831789352.090004,False,False,False,False,True,20241105
002962.SZ,False,True,29,77370709.92,147961491.00000003,False,False,False,False,True,20241105
601818.SH,False,True,60,-117257000000.0,151325000000.0,False,False,False,True,True,20241105
002963.SZ,False,True,29,209643743.99,-72043893.84999996,False,False,True,False,True,20241105
601825.SH,False,True,33,46049328000.0,90390657000.0,False,False,False,False,True,20241105
002965.SZ,False,True,33,84652186.66999999,224302615.54000002,False,False,False,False,True,20241105
601827.SH,False,True,28,2843804681.62,1888165891.13,False,False,False,False,True,20241105
002966.SZ,False,True,37,16020362522.0,24954689965.0,False,False,False,False,True,20241105
601828.SH,False,True,56,-936231089.1500001,2671718569.86,False,False,False,True,True,20241105
002967.SZ,False,True,40,700060813.29,635805300.15,False,False,False,False,True,20241105
601838.SH,False,True,41,-2994035000.0,-15186309000.0,False,False,True,True,True,20241105
002968.SZ,False,True,30,216870725.53000003,144341447.3,False,False,False,False,True,20241105
601857.SH,False,True,60,454524000000.0,421220000000.0,False,False,False,False,True,20241105
002969.SZ,False,True,34,432777306.41999996,468391743.82000005,False,False,False,False,True,20241105
601858.SH,False,True,41,465463855.51,401587156.17999995,False,False,False,False,True,20241105
002970.SZ,False,True,31,361467400.34999996,297054629.52000004,False,False,False,False,True,20241105
601860.SH,False,True,38,8575782000.0,8431895000.0,False,False,False,False,True,20241105
002971.SZ,False,True,28,261308111.84,7636940.9700000025,False,False,False,False,True,20241105
601865.SH,False,True,34,5005093427.46,-916418242.2,False,False,True,False,True,20241105
002972.SZ,False,True,39,68791866.97,-14755924.91,False,False,True,False,True,20241105
601866.SH,False,True,60,4305494919.440001,8421161729.24,False,False,False,False,True,20241105
002973.SZ,False,True,29,375336959.79999995,-168468849.32999998,False,False,True,False,True,20241105
601868.SH,False,True,43,11714708000.0,11741034000.0,False,False,False,False,True,20241105
002975.SZ,False,True,29,-128512938.52000001,86086386.50999999,False,False,False,True,True,20241105
601869.SH,False,True,34,1587963085.0,1321380827.0,False,False,False,False,True,20241105
002976.SZ,False,True,28,-37569002.76,25877734.79999999,False,False,False,True,True,20241105
601872.SH,False,True,60,8641518475.199999,9073313568.71,False,False,False,False,True,20241105
002977.SZ,False,True,28,39031515.47,182204022.93,False,False,False,False,True,20241105
601877.SH,False,True,60,10011062373.980001,9401794804.55,False,False,False,False,True,20241105
002978.SZ,False,True,30,975582279.6799998,918104879.9700001,False,False,False,False,True,20241105
601878.SH,False,True,45,3333670926.949999,13040320494.650002,False,False,False,False,True,20241105
002979.SZ,False,True,32,110510126.77000001,194329633.44,False,False,False,False,True,20241105
601880.SH,False,True,60,3644397442.6399994,3242559552.7499995,False,False,False,False,True,20241105
002980.SZ,False,True,28,216953214.34999996,121010310.72000003,False,False,False,False,True,20241105
601881.SH,False,True,45,41963124213.7,-21257617045.2,False,False,True,False,True,20241105
002981.SZ,False,True,31,101183047.91,280164121.25,False,False,False,False,True,20241105
601882.SH,False,True,42,566874338.87,370949833.22,False,False,False,False,True,20241105
002982.SZ,False,True,37,322175065.27,92623725.97,False,False,False,False,True,20241105
601886.SH,False,True,59,1887851882.9199998,685396143.3499999,False,False,False,False,True,20241105
002983.SZ,False,True,28,-61234651.14999999,178942081.57,False,False,False,True,True,20241105
601888.SH,False,True,60,6787164716.709999,14035171519.02,False,False,False,False,True,20241105
002984.SZ,False,True,27,2343255894.47,2008059832.5199997,False,False,False,False,True,20241105
601890.SH,False,True,60,187003680.68,249986203.10999998,False,False,False,False,True,20241105
002985.SZ,False,True,28,50343297.83999999,299017643.38,False,False,False,False,True,20241105
601898.SH,False,True,60,40366932000.0,34171310000.0,False,False,False,False,True,20241105
002986.SZ,False,True,26,347109471.71999997,311588910.6500001,False,False,False,False,True,20241105
601899.SH,False,True,60,47245914758.0,32453243322.0,False,False,False,False,True,20241105
002987.SZ,False,True,32,77463698.59000015,198790803.5999999,False,False,False,False,True,20241105
601900.SH,False,True,44,565921496.8,1468443761.6499999,False,False,False,False,True,20241105
002988.SZ,False,True,32,249623076.14,531989658.26,False,False,False,False,True,20241105
601901.SH,False,True,59,2159204394.6099997,-5464981681.799998,False,False,True,False,True,20241105
002989.SZ,False,True,32,-158127700.03,261992425.61,False,False,False,True,True,20241105
601908.SH,False,True,59,457795164.33,570162033.52,False,False,False,False,True,20241105
002990.SZ,False,True,26,-49631714.45,66404466.870000005,False,False,False,True,True,20241105
601916.SH,False,True,49,124673000000.0,29614000000.0,False,False,False,False,True,20241105
002991.SZ,False,True,26,355466366.7900001,351737177.9499999,False,False,False,False,True,20241105
601918.SH,False,True,60,2970720105.7300005,3863251176.1800003,False,False,False,False,True,20241105
002992.SZ,False,True,28,27007336.090000004,-32682707.280000005,False,False,True,False,True,20241105
601919.SH,False,True,60,53781990476.58,50887249849.84003,False,False,False,False,True,20241105
002993.SZ,False,True,26,605452292.04,566203491.2,False,False,False,False,True,20241105
601921.SH,False,True,22,220722164.33000016,2102818020.8099995,False,False,False,False,True,20241105
002995.SZ,False,True,29,-15931027.2,183330222.68,False,False,False,True,True,20241105
601928.SH,False,True,57,1149076057.0500002,3907114166.4200006,False,False,False,False,True,20241105
002996.SZ,False,True,46,601025146.95,-400548455.24,False,False,True,False,True,20241105
601929.SH,False,True,57,449132995.45000005,610618731.4599999,False,False,False,False,True,20241105
002997.SZ,False,True,31,83089603.56,196068875.84000003,False,False,False,False,True,20241105
601933.SH,False,True,60,2973886385.8900003,5851679904.259999,False,False,False,False,True,20241105
002998.SZ,False,True,25,-140402925.21999997,182467965.44,False,False,False,True,True,20241105
601939.SH,False,True,60,1120513000000.0,631360000000.0,False,False,False,False,True,20241105
002999.SZ,False,True,31,-356889414.26,-255973069.39999986,False,False,True,True,True,20241105
601949.SH,False,True,39,644169697.9,1333110509.9900002,False,False,False,False,True,20241105
003000.SZ,False,True,25,365887803.7200001,100034997.35999998,False,False,False,False,True,20241105
601952.SH,False,True,39,1661815119.52,2231463193.0,False,False,False,False,True,20241105
003001.SZ,False,True,31,4485950.269999981,-89535684.71000001,False,False,True,False,True,20241105
601956.SH,False,True,20,318113537.15,216720390.5,False,False,False,False,True,20241105
003002.SZ,False,True,30,135523637.2,183835843.03999996,False,False,False,False,True,20241105
601958.SH,False,True,60,3665128897.01,2544745164.75,False,False,False,False,True,20241105
003003.SZ,False,True,33,197910297.68,257924039.35,False,False,False,False,True,20241105
601963.SH,False,True,50,-18863267000.0,7855318000.0,False,False,False,True,True,20241105
003004.SZ,False,True,28,-10157972.920000002,17942715.87000001,False,False,False,True,True,20241105
601965.SH,False,True,56,648962417.9300001,802267331.4399999,False,False,False,False,True,20241105
003005.SZ,False,True,25,16574720.940000001,134920255.83999997,False,False,False,False,True,20241105
601966.SH,False,True,43,2289400598.0,-42118758.0,False,False,True,False,True,20241105
003006.SZ,False,True,30,342367530.0,295395724.0,False,False,False,False,True,20241105
601968.SH,False,True,55,567610455.4000001,1989019735.76,False,False,False,False,True,20241105
003007.SZ,False,True,25,16901866.15,49661723.07,False,False,False,False,True,20241105
601969.SH,False,True,49,1260021020.0,1436644610.0,False,False,False,False,True,20241105
003008.SZ,False,True,26,107684595.44999999,96604891.69999999,False,False,False,False,True,20241105
601975.SH,False,True,60,2814682335.23,2584742617.14,False,False,False,False,True,20241105
003009.SZ,False,True,25,110892156.69,76623735.44,False,False,False,False,True,20241105
601985.SH,False,True,59,41629601880.12999,47134034336.350006,False,False,False,False,True,20241105
003010.SZ,False,True,33,215191192.9,-22375832.59000002,False,False,True,False,True,20241105
601988.SH,False,True,60,498426000000.0,788189000000.0,False,False,False,False,True,20241105
003011.SZ,False,True,25,215229734.1,370780714.75,False,False,False,False,True,20241105
601990.SH,False,True,41,6603556250.33,-1389307509.1100001,False,False,True,False,True,20241105
003012.SZ,False,True,27,803583791.31,1922210310.29,False,False,False,False,True,20241105
601991.SH,False,True,60,25906470000.0,18948881000.0,False,False,False,False,True,20241105
003013.SZ,False,True,25,305582100.11,60106745.33000004,False,False,False,False,True,20241105
601992.SH,False,True,60,-11312194745.05,9866661230.42,False,False,False,True,True,20241105
003015.SZ,False,True,30,150272408.89999998,116463096.28000003,False,False,False,False,True,20241105
601995.SH,False,True,43,39814451041.0,-3764160156.0,False,False,True,False,True,20241105
003016.SZ,False,True,30,98575745.50000003,241400323.7,False,False,False,False,True,20241105
601996.SH,False,True,59,-98923608.55000004,360696187.23,False,False,False,True,True,20241105
003017.SZ,False,True,34,165263330.06,101744153.19,False,False,False,False,True,20241105
601997.SH,False,True,46,25035072000.0,-14918227000.0,False,False,True,False,True,20241105
003018.SZ,False,True,24,204488006.32999995,194624116.91,False,False,False,False,True,20241105
601998.SH,False,True,60,-218854000000.0,185714000000.0,False,False,False,True,True,20241105
003019.SZ,False,True,24,264193475.58999997,501191006.34,False,False,False,False,True,20241105
601999.SH,False,True,60,126535814.25999999,217671814.14,False,False,False,False,True,20241105
003020.SZ,False,True,28,268368522.18999994,138181711.88,False,False,False,False,True,20241105
603000.SH,False,True,56,407620775.73,375767544.69,False,False,False,False,True,20241105
003021.SZ,False,True,25,206563853.48000002,217077214.63000003,False,False,False,False,True,20241105
603001.SH,False,True,57,520256162.1999999,277760312.89,False,False,False,False,True,20241105
003022.SZ,False,True,25,934424029.1199999,532932132.9100001,False,False,False,False,True,20241105
603002.SH,False,True,56,126038811.38999999,104867493.18999997,False,False,False,False,True,20241105
003023.SZ,False,True,25,196852675.92999998,127052965.76999998,False,False,False,False,True,20241105
603005.SH,True,True,52,330775552.21000004,344834751.00999993,False,False,False,False,True,20241105
003025.SZ,False,True,29,232894937.85999995,58550635.249999985,False,False,False,False,True,20241105
603006.SH,True,True,51,163159844.79999998,230199742.56,False,False,False,False,True,20241105
003026.SZ,False,True,32,70744450.68,3219626.8599999994,False,False,False,False,True,20241105
603007.SH,True,True,42,-16964341.769999996,-28295514.8,False,False,True,True,True,20241105
003027.SZ,False,True,25,347015993.94,-287732287.93,False,False,True,False,True,20241105
603008.SH,True,True,56,1138865870.08,978581959.06,False,False,False,False,True,20241105
003028.SZ,False,True,24,155759767.93000004,363914838.51,False,False,False,False,True,20241105
603009.SH,True,True,56,238211807.01,232060933.03999996,False,False,False,False,True,20241105
003029.SZ,False,True,25,-74437550.14000002,-73920831.9,False,False,True,True,True,20241105
603010.SH,True,True,47,384824126.20000005,578505252.98,False,False,False,False,True,20241105
003030.SZ,False,True,31,78496070.97999996,248503850.95,False,False,False,False,True,20241105
603011.SH,True,True,47,321700644.65,44630845.63000001,False,False,False,False,True,20241105
003031.SZ,False,True,24,616051975.6700001,676724068.39,False,False,False,False,True,20241105
603012.SH,True,True,46,209734187.15,192155128.85000002,False,False,False,False,True,20241105
003032.SZ,False,True,28,-81675550.24000001,18957521.199999988,False,False,False,True,True,20241105
603013.SH,True,True,37,853868670.49,909776255.01,False,False,False,False,True,20241105
003033.SZ,False,True,28,247024661.76,203344618.85999998,False,False,False,False,True,20241105
603015.SH,True,True,46,71912957.81999998,119232378.04999998,False,False,False,False,True,20241105
003035.SZ,False,True,24,1515565649.11,768083514.51,False,False,False,False,True,20241105
603016.SH,True,True,43,132049271.11000001,114754410.30000001,False,False,False,False,True,20241105
003036.SZ,False,True,28,90849952.32000002,312581479.78000003,False,False,False,False,True,20241105
603017.SH,True,True,47,265057317.14,236982895.07,False,False,False,False,True,20241105
003037.SZ,False,True,25,-154665689.57,-71472486.73999998,False,False,True,True,True,20241105
603018.SH,True,True,48,336078121.02000004,506306329.1,False,False,False,False,True,20241105
003038.SZ,False,True,22,-554440794.2499999,-831798977.6700001,False,False,True,True,True,20241105
603019.SH,True,True,47,1391208982.83,3729169184.99,False,False,False,False,True,20241105
003039.SZ,False,True,49,496326405.33,545024933.4099998,False,False,False,False,True,20241105
603020.SH,True,True,46,325658982.58,163183359.70000002,False,False,False,False,True,20241105
003040.SZ,False,True,22,92826565.85000001,112327720.91000003,False,False,False,False,True,20241105
603021.SH,True,True,46,85536362.7,17079525.46,False,False,False,False,True,20241105
003041.SZ,False,True,25,109207590.09,226147413.42000002,False,False,False,False,True,20241105
603022.SH,True,True,45,135783037.34,92227828.75999999,False,False,False,False,True,20241105
003042.SZ,False,True,29,107496981.97999999,5986762.949999988,False,False,False,False,True,20241105
603023.SH,True,True,47,16929667.580000002,11617272.340000004,False,False,False,False,True,20241105
003043.SZ,False,True,25,130079662.83000001,109178826.42000002,False,False,False,False,True,20241105
603025.SH,True,True,46,325657027.46000004,-68026874.80000001,False,False,True,False,True,20241105
003816.SZ,False,True,48,31942496206.96,34037418058.440002,False,False,False,False,True,20241105
603026.SH,True,True,50,-572489187.73,-338690987.51999986,False,False,True,True,True,20241105
300001.SZ,False,True,60,986478674.6700001,1211200652.7900002,False,False,False,False,True,20241105
603027.SH,True,True,43,533158850.79,674375354.8999999,False,False,False,False,True,20241105
300002.SZ,False,True,60,1694938558.6499999,997678048.7599999,False,False,False,False,True,20241105
603028.SH,True,True,43,248395321.02000004,-21129568.090000004,False,False,True,False,True,20241105
300003.SZ,False,True,60,809633409.4799999,1572820845.1000001,False,False,False,False,True,20241105
603029.SH,True,True,43,-162505631.01999998,172451918.35999998,False,False,False,True,True,20241105
300004.SZ,False,True,60,-20758622.340000004,-85487608.92999999,False,False,True,True,True,20241105
603030.SH,True,True,46,-262062914.62,99425281.41000001,False,False,False,True,True,20241105
300005.SZ,False,True,60,221234507.01999998,409592329.86,False,False,False,False,True,20241105
603031.SH,True,True,41,1080510244.48,1266695848.97,False,False,False,False,True,20241105
300006.SZ,False,True,60,223595827.42000002,122861284.66,False,False,False,False,True,20241105
603032.SH,True,True,42,294645189.36,252291430.79,False,False,False,False,True,20241105
300007.SZ,False,True,60,82195595.35,-34946521.24000001,False,False,True,False,True,20241105
603033.SH,True,True,40,352649052.2900001,496959464.81000006,False,False,False,False,True,20241105
300008.SZ,False,True,60,152695577.2,34957019.06000003,False,False,False,False,True,20241105
603035.SH,True,True,40,-266803534.60000002,384106466.45000005,False,False,False,True,True,20241105
300009.SZ,False,True,60,748045834.1,883168330.6500001,False,False,False,False,True,20241105
603036.SH,True,True,41,68525299.42,41297497.01,False,False,False,False,True,20241105
300010.SZ,False,True,60,119018901.01999998,88657160.69,False,False,False,False,True,20241105
603037.SH,True,True,41,127804095.34,101953857.23,False,False,False,False,True,20241105
300011.SZ,False,True,60,21633765.299999997,168814696.49,False,False,False,False,True,20241105
603038.SH,True,True,42,134985243.18,207403602.47000003,False,False,False,False,True,20241105
300012.SZ,False,True,60,991174078.6699998,1053511240.31,False,False,False,False,True,20241105
603039.SH,True,True,42,252660927.15,200456232.23,False,False,False,False,True,20241105
300013.SZ,False,True,60,39639252.8,62472403.83,False,False,False,False,True,20241105
603040.SH,True,True,42,291767963.46000004,274581458.54999995,False,False,False,False,True,20241105
300014.SZ,False,True,60,5433934816.840001,5337327615.210001,False,False,False,False,True,20241105
603041.SH,True,True,39,48660880.11999999,95289857.96000001,False,False,False,False,True,20241105
300015.SZ,False,True,60,4596279828.809999,6062741576.060001,False,False,False,False,True,20241105
603042.SH,True,True,39,66414240.98,93388456.77,False,False,False,False,True,20241105
300016.SZ,False,True,60,134799877.62,94162208.65000002,False,False,False,False,True,20241105
603043.SH,True,True,40,941756413.9299998,945913040.22,False,False,False,False,True,20241105
300017.SZ,False,True,60,828330335.7800001,1067702951.2699997,False,False,False,False,True,20241105
603045.SH,True,True,38,-116690159.85,-223960868.73999998,False,False,True,True,True,20241105
300018.SZ,False,True,60,131636455.23,36701556.77,False,False,False,False,True,20241105
603048.SH,True,True,21,72380614.58999999,91903138.14999999,False,False,False,False,True,20241105
300019.SZ,False,True,60,230116163.62,533462773.78999996,False,False,False,False,True,20241105
603050.SH,True,True,39,391986504.40000004,86423740.19,False,False,False,False,True,20241105
300020.SZ,False,True,60,-153598903.82000002,-218233560.19,False,False,True,True,True,20241105
603051.SH,True,True,21,373822319.46000004,-218501281.80999994,False,False,True,False,True,20241105
300021.SZ,False,True,60,332579390.05,119285572.10999998,False,False,False,False,True,20241105
603053.SH,True,True,28,927283985.3100002,1148587127.19,False,False,False,False,True,20241105
300022.SZ,False,True,60,42793941.64,59927866.92,False,False,False,False,True,20241105
603055.SH,True,True,38,278561776.97999996,366452392.9899999,False,False,False,False,True,20241105
300024.SZ,False,True,60,-15602922.460000038,-156493208.8399999,False,False,True,True,True,20241105
603058.SH,True,True,39,207729860.35000002,13369737.780000001,False,False,False,False,True,20241105
300025.SZ,False,True,60,-57208841.120000005,31765969.58,False,False,False,True,True,20241105
603059.SH,True,True,36,168850490.43,173222597.98000002,False,False,False,False,True,20241105
300026.SZ,False,True,60,1042629795.72,1485156226.0800002,False,False,False,False,True,20241105
603060.SH,True,True,41,250011981.98999995,293721748.45,False,False,False,False,True,20241105
300027.SZ,False,True,60,-24311295.11,15774198.670000002,False,False,False,True,True,20241105
603063.SH,True,True,39,513916343.47,106016314.17999998,False,False,False,False,True,20241105
300030.SZ,False,True,60,88257044.61999999,55929683.2,False,False,False,False,True,20241105
603066.SH,True,True,45,191370448.27,-22268888.190000005,False,False,True,False,True,20241105
300031.SZ,False,True,60,612716633.88,211509576.66,False,False,False,False,True,20241105
603067.SH,True,True,42,364335279.17,359125488.90999997,False,False,False,False,True,20241105
300032.SZ,False,True,60,-105204704.16,63548406.380000025,False,False,False,True,True,20241105
603068.SH,True,True,32,-101612707.96000001,89588697.12,False,False,False,True,True,20241105
300033.SZ,False,True,60,1497388567.7599998,1601895356.1000001,False,False,False,False,True,20241105
603069.SH,True,True,42,124288635.43,19621936.15,False,False,False,False,True,20241105
300034.SZ,False,True,60,323771052.43000007,443634415.29999995,False,False,False,False,True,20241105
603070.SH,True,True,18,249140765.95,254082762.38999996,False,False,False,False,True,20241105
300035.SZ,False,True,60,279729397.77,191741630.6300001,False,False,False,False,True,20241105
603071.SH,True,True,21,-50654745.26999998,322119009.52,False,False,False,True,True,20241105
300036.SZ,False,True,60,-60666814.98000002,58931068.360000014,False,False,False,True,True,20241105
603076.SH,True,True,36,278549841.81,-58348778.739999995,False,False,True,False,True,20241105
300037.SZ,False,True,60,755521829.6300001,2857364549.8999996,False,False,False,False,True,20241105
603077.SH,True,True,56,-204587172.44,885800559.1099999,False,False,False,True,True,20241105
300039.SZ,False,True,60,351899012.06,430054310.15,False,False,False,False,True,20241105
603078.SH,True,True,39,85865853.95,144907385.51999998,False,False,False,False,True,20241105
300040.SZ,False,True,60,514579222.01,357390207.78,False,False,False,False,True,20241105
603079.SH,True,True,38,130331635.47999999,15684025.230000004,False,False,False,False,True,20241105
300041.SZ,False,True,60,587431206.8000001,259995585.95,False,False,False,False,True,20241105
603080.SH,True,True,40,347640732.2299999,273539434.59000003,False,False,False,False,True,20241105
300042.SZ,False,True,60,-29561180.419999987,-49759500.91,False,False,True,True,True,20241105
603081.SH,True,True,39,243031960.47,-294520561.7,False,False,True,False,True,20241105
300043.SZ,False,True,60,150040043.21,253043355.06,False,False,False,False,True,20241105
603083.SH,True,True,36,494163153.40999997,157391436.61,False,False,False,False,True,20241105
300044.SZ,False,True,60,36758317.08,-21638648.730000004,False,False,True,False,True,20241105
603085.SH,True,True,45,124206573.87,-43812082.79999998,False,False,True,False,True,20241105
300045.SZ,False,True,60,256853717.72,19575148.740000002,False,False,False,False,True,20241105
603086.SH,True,True,41,28620590.870000005,-91270792.0,False,False,True,False,True,20241105
300046.SZ,False,True,60,72588345.54,34793864.44,False,False,False,False,True,20241105
603087.SH,True,True,30,651748637.38,-241070575.0,False,False,True,False,True,20241105
300047.SZ,False,True,60,-108844942.37,302378327.9699999,False,False,False,True,True,20241105
603088.SH,True,True,49,141176551.34000003,219716872.06,False,False,False,False,True,20241105
300048.SZ,False,True,60,517119293.58000004,17175908.78999999,False,False,False,False,True,20241105
603089.SH,True,True,39,172877946.39,301596358.03,False,False,False,False,True,20241105
300049.SZ,False,True,60,224903404.28000003,281855601.79999995,False,False,False,False,True,20241105
603090.SH,True,True,41,135514701.76,74775431.69,False,False,False,False,True,20241105
300050.SZ,False,True,60,-53973406.919999994,56584600.26,False,False,False,True,True,20241105
603093.SH,True,True,34,7967523625.1,1145151857.3300004,False,False,False,False,True,20241105
300051.SZ,False,True,60,-5456501.849999994,-7158167.710000001,False,False,True,True,True,20241105
603095.SH,True,True,28,167619945.92000002,5927628.439999998,False,False,False,False,True,20241105
300052.SZ,False,True,60,55718398.5,83032700.77,False,False,False,False,True,20241105
603096.SH,True,True,39,133561060.39,191404318.47000003,False,False,False,False,True,20241105
300053.SZ,False,True,60,36742438.06999999,132159502.15,False,False,False,False,True,20241105
603098.SH,True,True,40,306028853.06,329689049.31,False,False,False,False,True,20241105
300054.SZ,False,True,60,779535719.8699999,439855568.05,False,False,False,False,True,20241105
603099.SH,True,True,51,220678212.24,239746707.82999998,False,False,False,False,True,20241105
300055.SZ,False,True,60,126531149.92,256307430.10999995,False,False,False,False,True,20241105
603100.SH,True,True,51,401406012.54,522814885.2600001,False,False,False,False,True,20241105
300056.SZ,False,True,60,-161434608.67999998,7152164.239999995,False,False,False,True,True,20241105
603101.SH,True,True,43,406720046.66,337455092.7,False,False,False,False,True,20241105
300057.SZ,False,True,60,-284194612.70000005,146365552.72000003,False,False,False,True,True,20241105
603102.SH,True,True,21,152234755.44,200611468.53,False,False,False,False,True,20241105
300058.SZ,False,True,60,-125949718.42999992,786114333.3900001,False,False,False,True,True,20241105
603103.SH,True,True,36,504543695.13999987,510327410.6000001,False,False,False,False,True,20241105
300059.SZ,False,True,60,69819257296.34,-3662647046.4600005,False,False,True,False,True,20241105
603105.SH,True,True,37,371210900.33000004,400629975.46000004,False,False,False,False,True,20241105
300061.SZ,False,True,60,-2252220.269999981,-102435453.86000003,False,False,True,True,True,20241105
603106.SH,True,True,36,76305711.42999999,75590625.34,False,False,False,False,True,20241105
300062.SZ,False,True,60,-34905614.269999996,41449945.2,False,False,False,True,True,20241105
603108.SH,True,True,46,753690130.8799999,452490012.16,False,False,False,False,True,20241105
300063.SZ,False,True,60,76875782.73000002,195412697.6,False,False,False,False,True,20241105
603109.SH,True,True,31,229943285.78999996,219873809.06,False,False,False,False,True,20241105
300065.SZ,False,True,60,150629458.5,-21155191.519999996,False,False,True,False,True,20241105
603110.SH,True,True,38,24589023.41,26659577.090000004,False,False,False,False,True,20241105
300066.SZ,False,True,60,234608828.1,-61137625.839999996,False,False,True,False,True,20241105
603111.SH,True,True,52,240550615.13,284263989.99,False,False,False,False,True,20241105
300067.SZ,False,True,60,-56569598.45999999,42634917.49999999,False,False,False,True,True,20241105
603112.SH,True,True,25,390342627.44000006,351653318.35,False,False,False,False,True,20241105
300068.SZ,False,True,60,845837037.38,-1137561833.85,False,False,True,False,True,20241105
603113.SH,True,True,39,1112199903.86,-1582464616.55,False,False,True,False,True,20241105
300069.SZ,False,True,60,42899297.019999996,8582416.32,False,False,False,False,True,20241105
603115.SH,True,True,31,205715220.28,53583546.99000001,False,False,False,False,True,20241105
300070.SZ,False,True,60,190652958.32999998,141225225.45999992,False,False,False,False,True,20241105
603116.SH,True,True,46,131234813.50999999,310320374.43,False,False,False,False,True,20241105
300071.SZ,False,True,60,-118022162.52,110681755.02,False,False,False,True,True,20241105
603117.SH,True,True,46,242210530.07,-166658531.57,False,False,True,False,True,20241105
300072.SZ,False,True,60,952978208.81,-72702443.05000007,False,False,True,False,True,20241105
603118.SH,True,True,46,219889571.07999998,569279561.48,False,False,False,False,True,20241105
300073.SZ,False,True,60,565642594.44,2623208611.83,False,False,False,False,True,20241105
603121.SH,True,True,31,221988502.68,44455186.50000001,False,False,False,False,True,20241105
300074.SZ,False,True,60,90816003.89,42295229.55,False,False,False,False,True,20241105
603122.SH,True,True,22,62216785.18,103770883.13999999,False,False,False,False,True,20241105
300075.SZ,False,True,60,131432336.20000002,124280455.1,False,False,False,False,True,20241105
603123.SH,True,True,57,-353438350.92999995,146965641.54999998,False,False,False,True,True,20241105
300076.SZ,False,True,60,-99272464.91000003,-39428454.38,False,False,True,True,True,20241105
603126.SH,True,True,51,4401938.659999996,-161541997.88,False,False,True,False,True,20241105
300077.SZ,False,True,60,26956546.610000014,-353982402.5300001,False,False,True,False,True,20241105
603127.SH,True,True,37,366760629.3600001,641217951.52,False,False,False,False,True,20241105
300078.SZ,False,True,60,23144276.05,110869018.5,False,False,False,False,True,20241105
603128.SH,True,True,56,-242092622.58000004,826782792.9599998,False,False,False,True,True,20241105
300079.SZ,False,True,60,102790377.72999999,225113299.18,False,False,False,False,True,20241105
603129.SH,True,True,38,2293866962.74,1741938637.77,False,False,False,False,True,20241105
300080.SZ,False,True,60,125546401.83000001,358516044.61,False,False,False,False,True,20241105
603131.SH,True,True,42,198328305.6,107302563.30000001,False,False,False,False,True,20241105
300081.SZ,False,True,60,-30817274.489999995,10437818.629999995,False,False,False,True,True,20241105
603132.SH,True,True,18,900654256.6700001,613986097.1299999,False,False,False,False,True,20241105
300082.SZ,False,True,60,-523602880.82,216601113.88,False,False,False,True,True,20241105
603136.SH,True,True,36,204551476.85999998,294882728.47999996,False,False,False,False,True,20241105
300083.SZ,False,True,60,138946352.88,369440368.9,False,False,False,False,True,20241105
603138.SH,True,True,39,-13400994.159999996,-58496695.309999995,False,False,True,True,True,20241105
300084.SZ,False,True,60,97449872.51000002,101583937.5,False,False,False,False,True,20241105
603139.SH,True,True,39,-7945297.229999989,-95760046.95,False,False,True,True,True,20241105
300085.SZ,False,True,60,53987117.66999999,116670987.27,False,False,False,False,True,20241105
603150.SH,True,True,23,233946561.58,60892991.03999999,False,False,False,False,True,20241105
300086.SZ,False,True,59,,14280613.17,False,False,False,False,False,20241105
603155.SH,True,True,30,117383356.59,246162310.38000003,False,False,False,False,True,20241105
300087.SZ,False,True,59,,547359632.8000002,False,False,False,False,False,20241105
603156.SH,True,True,39,2426661371.4100003,1585450138.14,False,False,False,False,True,20241105
300088.SZ,False,True,60,-329213591.8000001,811206599.95,False,False,False,True,True,20241105
603158.SH,True,True,46,265646411.16000003,303651065.18,False,False,False,False,True,20241105
300091.SZ,False,True,60,2050197.7900000066,111253284.28,False,False,False,False,True,20241105
603159.SH,True,True,42,50329743.839999996,49968091.7,False,False,False,False,True,20241105
300092.SZ,False,True,60,131220241.32000001,10642799.109999994,False,False,False,False,True,20241105
603160.SH,True,True,42,1003043233.4900002,1254661389.7399998,False,False,False,False,True,20241105
300093.SZ,False,True,60,-213729316.38,-355450757.24,False,False,True,True,True,20241105
603161.SH,True,True,41,731961291.7900001,450304288.0,False,False,False,False,True,20241105
300094.SZ,False,True,60,241126733.88,-82366187.29999995,False,False,True,False,True,20241105
603165.SH,True,True,41,64626512.78000003,247145511.96999997,False,False,False,False,True,20241105
300095.SZ,False,True,60,126977425.3,184332744.90999997,False,False,False,False,True,20241105
603166.SH,True,True,49,223000192.51,248798107.02999997,False,False,False,False,True,20241105
300096.SZ,False,True,60,-25629542.889999986,-37400641.09,False,False,True,True,True,20241105
603167.SH,True,True,56,450006801.71,508533241.25,False,False,False,False,True,20241105
300097.SZ,False,True,60,30054313.29,18080238.4,False,False,False,False,True,20241105
603168.SH,True,True,53,58336217.25,70181093.22999999,False,False,False,False,True,20241105
300098.SZ,False,True,60,146069684.96,228612258.99,False,False,False,False,True,20241105
603169.SH,True,True,47,-3477971.6700000167,439615874.21,False,False,False,True,True,20241105
300099.SZ,False,True,60,189904135.32,36145201.59,False,False,False,False,True,20241105
603171.SH,True,True,24,362789129.74,118483657.61999999,False,False,False,False,True,20241105
300100.SZ,False,True,60,569839235.4300001,351897492.24,False,False,False,False,True,20241105
603177.SH,True,True,41,106985246.28999999,86521271.77,False,False,False,False,True,20241105
300101.SZ,False,True,60,155600445.32999998,-74518227.15,False,False,True,False,True,20241105
603178.SH,True,True,39,108256254.85999998,207247360.97,False,False,False,False,True,20241105
300102.SZ,False,True,60,272620450.5099999,315754082.69000006,False,False,False,False,True,20241105
603179.SH,True,True,39,686852517.61,556247747.8100001,False,False,False,False,True,20241105
300103.SZ,False,True,60,-35313492.64,-22904057.090000004,False,False,True,True,True,20241105
603180.SH,True,True,39,205801164.99999997,395069226.32,False,False,False,False,True,20241105
300105.SZ,False,True,60,203262171.65,-127943421.85000001,False,False,True,False,True,20241105
603181.SH,True,True,37,147388147.80999997,291164473.57,False,False,False,False,True,20241105
300106.SZ,False,True,60,46566309.67,-16689045.459999993,False,False,True,False,True,20241105
603183.SH,True,True,37,97040827.61000001,111455262.12,False,False,False,False,True,20241105
300107.SZ,False,True,60,-799287.2399999909,65381410.22,False,False,False,True,True,20241105
603185.SH,True,True,35,284477129.78999996,562370053.6799998,False,False,False,False,True,20241105
300109.SZ,False,True,60,426828750.26,504779378.36,False,False,False,False,True,20241105
603186.SH,True,True,40,5455710.770000011,152120118.95,False,False,False,False,True,20241105
300110.SZ,False,True,60,393925478.87,307720243.18,False,False,False,False,True,20241105
603187.SH,True,True,39,554178685.31,513424292.2800001,False,False,False,False,True,20241105
300111.SZ,False,True,60,77215551.49,-25962815.009999998,False,False,True,False,True,20241105
603188.SH,True,True,47,-96672057.19000003,-90590526.77000001,False,False,True,True,True,20241105
300112.SZ,False,True,60,75207909.72,90500136.3,False,False,False,False,True,20241105
603189.SH,True,True,41,125572319.66,71308332.61,False,False,False,False,True,20241105
300113.SZ,False,True,60,313082627.9,253219702.7,False,False,False,False,True,20241105
603191.SH,True,True,33,-143296281.14,248765995.84000003,False,False,False,True,True,20241105
300115.SZ,False,True,60,1438638822.0799997,2152732436.29,False,False,False,False,True,20241105
603192.SH,True,True,32,100026481.46000001,200566613.17000002,False,False,False,False,True,20241105
300118.SZ,False,True,60,-7389484682.410001,1580833655.7799997,False,False,False,True,True,20241105
603195.SH,True,True,29,3821821782.1100006,5097146075.09,False,False,False,False,True,20241105
300119.SZ,False,True,60,537352545.0400001,385535943.42,False,False,False,False,True,20241105
603196.SH,True,True,39,39471739.57000001,65322781.32,False,False,False,False,True,20241105
300120.SZ,False,True,60,181249198.57,-223839392.65,False,False,True,False,True,20241105
603197.SH,True,True,41,499062124.5799999,501561901.37,False,False,False,False,True,20241105
300121.SZ,False,True,60,271546094.85,248532894.26999992,False,False,False,False,True,20241105
603198.SH,True,True,45,2423621682.8700004,2054167448.5700004,False,False,False,False,True,20241105
300122.SZ,False,True,60,3345567755.3999996,3585640809.25,False,False,False,False,True,20241105
603199.SH,True,True,46,235488157.47999996,268574882.63000005,False,False,False,False,True,20241105
300123.SZ,False,True,60,560670944.8,-139909920.36,False,False,True,False,True,20241105
603200.SH,True,True,38,54507938.67,94601854.67,False,False,False,False,True,20241105
300124.SZ,False,True,60,5777910977.0199995,2549898645.25,False,False,False,False,True,20241105
603203.SH,True,True,41,146745377.83,220897546.58000004,False,False,False,False,True,20241105
300125.SZ,False,True,60,9357934.879999995,202800331.19,False,False,False,False,True,20241105
603206.SH,True,True,18,-375594142.4100001,-457099657.45000005,False,False,True,True,True,20241105
300126.SZ,False,True,60,7153358.020000003,32551957.709999993,False,False,False,False,True,20241105
603208.SH,True,True,41,96567935.70999998,568025635.53,False,False,False,False,True,20241105
300127.SZ,False,True,60,302066659.63000005,60614537.00000003,False,False,False,False,True,20241105
603212.SH,True,True,30,608518000.41,-98446930.23999998,False,False,True,False,True,20241105
300128.SZ,False,True,60,-334376873.36,41007923.140000015,False,False,False,True,True,20241105
603213.SH,True,True,21,-115763299.60999998,172995457.45999998,False,False,False,True,True,20241105
300129.SZ,False,True,60,-1269190157.54,557479940.5,False,False,False,True,True,20241105
603214.SH,True,True,35,298916705.59000003,430941535.13,False,False,False,False,True,20241105
300130.SZ,False,True,60,1051728750.3500001,770272568.8799999,False,False,False,False,True,20241105
603215.SH,True,True,19,184226007.23999995,361462942.52,False,False,False,False,True,20241105
300131.SZ,False,True,60,327788561.05,51839796.94999999,False,False,False,False,True,20241105
603216.SH,True,True,21,134605684.51000002,232040284.98000002,False,False,False,False,True,20241105
300132.SZ,False,True,60,189460195.09000003,136414249.05,False,False,False,False,True,20241105
603217.SH,True,True,33,-236656345.32999998,177766752.88,False,False,False,True,True,20241105
300133.SZ,False,True,60,-686205005.6999999,612947242.89,False,False,False,True,True,20241105
603218.SH,True,True,41,587200328.48,-516709620.56,False,False,True,False,True,20241105
300134.SZ,False,True,60,215284476.07999998,78219244.52999999,False,False,False,False,True,20241105
603219.SH,True,True,21,369546404.1700001,258024268.60000002,False,False,False,False,True,20241105
300135.SZ,False,True,60,322690966.24,-69081748.49,False,False,True,False,True,20241105
603220.SH,True,True,33,175039095.15,228952835.21,False,False,False,False,True,20241105
300136.SZ,False,True,60,1011890429.8900003,1765503839.7099998,False,False,False,False,True,20241105
603221.SH,True,True,28,223039871.60999998,102356355.63,False,False,False,False,True,20241105
300137.SZ,False,True,60,-82177548.0,-8437205.620000005,False,False,True,True,True,20241105
603222.SH,True,True,46,97902880.71999998,145015278.48000002,False,False,False,False,True,20241105
300138.SZ,False,True,60,19078830.909999847,33404144.880000114,False,False,False,False,True,20241105
603223.SH,True,True,48,396000805.99,271564688.07,False,False,False,False,True,20241105
300139.SZ,False,True,60,11367885.91,40477748.379999995,False,False,False,False,True,20241105
603225.SH,True,True,55,7135975734.32,3313724517.17,False,False,False,False,True,20241105
300140.SZ,False,True,60,2235978768.7099996,1276997669.36,False,False,False,False,True,20241105
603226.SH,True,True,40,-73472350.50999999,18325605.540000003,False,False,False,True,True,20241105
300141.SZ,False,True,60,146367731.20999998,68412517.97999999,False,False,False,False,True,20241105
603227.SH,True,True,46,993471055.03,1397915674.55,False,False,False,False,True,20241105
300142.SZ,False,True,60,832237074.8799999,1191165392.84,False,False,False,False,True,20241105
603228.SH,True,True,42,2416182745.6299996,2209405218.32,False,False,False,False,True,20241105
300143.SZ,False,True,60,252801474.48,243824524.51999998,False,False,False,False,True,20241105
603229.SH,True,True,40,295464828.70000005,17981501.440000013,False,False,False,False,True,20241105
300144.SZ,False,True,60,1498628123.6999996,1284195781.87,False,False,False,False,True,20241105
603230.SH,True,True,20,229929531.24999994,552675069.22,False,False,False,False,True,20241105
300145.SZ,False,True,60,674957494.4,545749070.01,False,False,False,False,True,20241105
603232.SH,True,True,39,-29371931.75999999,-25728181.75,False,False,True,True,True,20241105
300146.SZ,False,True,60,1046480430.8899999,1938124959.5700002,False,False,False,False,True,20241105
603233.SH,True,True,40,3201892983.06,4159760498.91,False,False,False,False,True,20241105
300147.SZ,False,True,60,35308577.96000001,305300066.49,False,False,False,False,True,20241105
603236.SH,True,True,34,979410637.95,505257161.73,False,False,False,False,True,20241105
300148.SZ,False,True,60,6155435.760000005,65096859.0,False,False,False,False,True,20241105
603238.SH,True,True,39,277070226.98,169842109.35999998,False,False,False,False,True,20241105
300149.SZ,False,True,60,176731522.7,413646951.13,False,False,False,False,True,20241105
603239.SH,True,True,40,90018424.39,416938139.22,False,False,False,False,True,20241105
300150.SZ,False,True,60,106527475.24000001,-88941470.43,False,False,True,False,True,20241105
603256.SH,True,True,31,67181880.11,-96643449.74000001,False,False,True,False,True,20241105
300151.SZ,False,True,60,164743057.57,263065761.59999996,False,False,False,False,True,20241105
603258.SH,True,True,41,177238795.3,180599216.32,False,False,False,False,True,20241105
300152.SZ,False,True,60,11112888.829999998,59042260.69,False,False,False,False,True,20241105
603259.SH,True,True,34,11449216304.349998,13223167227.76,False,False,False,False,True,20241105
300153.SZ,False,True,60,153045517.37,115197849.32000001,False,False,False,False,True,20241105
603260.SH,True,True,39,1188441434.59,-1476733769.4,False,False,True,False,True,20241105
300154.SZ,False,True,60,114780579.57,93858274.17,False,False,False,False,True,20241105
603261.SH,True,True,20,18858980.430000007,-9216654.00999999,False,False,True,False,True,20241105
300155.SZ,False,True,60,42263908.68,139759171.28,False,False,False,False,True,20241105
603266.SH,True,True,42,190596377.70000002,205999460.76000005,False,False,False,False,True,20241105
300157.SZ,False,True,60,72521178.02,28108325.930000003,False,False,False,False,True,20241105
603267.SH,True,True,32,688428558.7099999,323364045.19000006,False,False,False,False,True,20241105
300158.SZ,False,True,60,-136680306.64000002,-41637411.7,False,False,True,True,True,20241105
603268.SH,True,True,46,-28529952.349999998,-13779408.81,False,False,True,True,True,20241105
300159.SZ,False,True,60,-60242136.47,201031139.44000003,False,False,False,True,True,20241105
603269.SH,True,True,39,260443361.25999996,163528368.2,False,False,False,False,True,20241105
300160.SZ,False,True,60,258877144.56,371355471.99,False,False,False,False,True,20241105
603277.SH,True,True,39,662493098.9900001,881318881.0400001,False,False,False,False,True,20241105
300161.SZ,False,True,60,-23815171.4,366464914.21,False,False,False,True,True,20241105
603278.SH,True,True,37,288214729.85,64284884.06999999,False,False,False,False,True,20241105
300162.SZ,False,True,60,53075902.769999996,29821279.669999994,False,False,False,False,True,20241105
603279.SH,True,True,38,757726002.0999999,293824683.32000005,False,False,False,False,True,20241105
300163.SZ,False,True,60,17999508.520000003,48062809.15999999,False,False,False,False,True,20241105
603283.SH,True,True,35,-181773960.12000012,1042773761.8999999,False,False,False,True,True,20241105
300164.SZ,False,True,60,136205388.75,138269102.2,False,False,False,False,True,20241105
603286.SH,True,True,40,19723788.979999997,-2874968.2399999946,False,False,True,False,True,20241105
300165.SZ,False,True,60,72423199.66,-515459499.91999996,False,False,True,False,True,20241105
603288.SH,True,True,52,6652042845.860001,5867617528.879999,False,False,False,False,True,20241105
300166.SZ,False,True,60,446785486.96,383412255.71000004,False,False,False,False,True,20241105
603289.SH,True,True,38,33843007.31,138103409.07999998,False,False,False,False,True,20241105
300167.SZ,False,True,60,24393649.01,-24863509.439999998,False,False,True,False,True,20241105
603290.SH,True,True,28,817402952.39,360334752.49,False,False,False,False,True,20241105
300168.SZ,False,True,60,37020681.92000008,94569695.25999999,False,False,False,False,True,20241105
603297.SH,True,True,32,199336423.82,260807885.53000003,False,False,False,False,True,20241105
300169.SZ,False,True,60,-105112288.34999998,122882697.24000001,False,False,False,True,True,20241105
603298.SH,True,True,41,1360747386.5899997,1012554349.82,False,False,False,False,True,20241105
300170.SZ,False,True,60,265389635.7,144321026.06,False,False,False,False,True,20241105
603299.SH,True,True,54,988456242.2199998,1236903409.0999997,False,False,False,False,True,20241105
300171.SZ,False,True,60,447725110.1,-199609541.59000003,False,False,True,False,True,20241105
603300.SH,True,True,46,2413090020.2,1793154846.71,False,False,False,False,True,20241105
300172.SZ,False,True,60,256645825.66,-29078040.689999983,False,False,True,False,True,20241105
603301.SH,True,True,34,348773054.56000006,1207161895.7000003,False,False,False,False,True,20241105
300173.SZ,False,True,60,-58639871.730000004,-82388363.48,False,False,True,True,True,20241105
603303.SH,True,True,41,180067239.77999997,791600363.67,False,False,False,False,True,20241105
300174.SZ,False,True,60,252567838.37,152181262.89000002,False,False,False,False,True,20241105
603305.SH,True,True,37,1135438281.25,844417168.0799999,False,False,False,False,True,20241105
300175.SZ,False,True,60,46675885.699999996,-5268635.480000004,False,False,True,False,True,20241105
603306.SH,True,True,47,598091482.45,144934517.85999998,False,False,False,False,True,20241105
300176.SZ,False,True,60,136797401.96000004,288877130.13,False,False,False,False,True,20241105
603308.SH,True,True,52,20963174.849999994,52425200.16999999,False,False,False,False,True,20241105
300177.SZ,False,True,60,112413545.72999999,-79635161.56,False,False,True,False,True,20241105
603309.SH,True,True,46,232133193.93,239345346.97,False,False,False,False,True,20241105
300179.SZ,False,True,60,76881155.58999999,187952927.85999998,False,False,False,False,True,20241105
603311.SH,True,True,46,116255751.09000002,189963342.40999997,False,False,False,False,True,20241105
300180.SZ,False,True,60,921059157.38,108028634.25,False,False,False,False,True,20241105
603313.SH,True,True,41,614572811.37,1132680631.4099998,False,False,False,False,True,20241105
300181.SZ,False,True,60,278634906.12,348638705.63,False,False,False,False,True,20241105
603315.SH,True,True,46,623018.7700000107,98944803.77000001,False,False,False,False,True,20241105
300182.SZ,False,True,60,1471048174.62,1697766410.43,False,False,False,False,True,20241105
603316.SH,True,True,39,119583872.30000001,-35985408.05000001,False,False,True,False,True,20241105
300183.SZ,False,True,60,316469657.0,-68820298.66999999,False,False,True,False,True,20241105
603317.SH,True,True,34,685342057.6500001,504060773.34000003,False,False,False,False,True,20241105
300184.SZ,False,True,60,35149007.80999999,149334627.35,False,False,False,False,True,20241105
603318.SH,True,True,46,342403760.96,347660528.61999995,False,False,False,False,True,20241105
300185.SZ,False,True,60,-89677145.01,-107834379.78,False,False,True,True,True,20241105
603319.SH,True,True,41,249394324.57999995,138355752.99,False,False,False,False,True,20241105
300187.SZ,False,True,60,143217557.49,177970797.44,False,False,False,False,True,20241105
603320.SH,True,True,40,94207043.92,98957412.47,False,False,False,False,True,20241105
300188.SZ,False,True,60,164417755.48000002,112111760.96000004,False,False,False,False,True,20241105
603321.SH,True,True,36,197785568.67000002,132891424.07000002,False,False,False,False,True,20241105
300189.SZ,False,True,60,-11968114.3,11579203.43,False,False,False,True,True,20241105
603322.SH,True,True,44,-48483902.400000006,130430567.81,False,False,False,True,True,20241105
300190.SZ,False,True,60,391473402.22,71399386.59,False,False,False,False,True,20241105
603323.SH,True,True,44,504668000.0,9150651000.0,False,False,False,False,True,20241105
300191.SZ,False,True,60,70159165.43,69816757.56,False,False,False,False,True,20241105
603324.SH,True,True,24,-83243513.63999999,-127178531.81999993,False,False,True,True,True,20241105
300192.SZ,False,True,60,218515696.57999998,295884398.32000005,False,False,False,False,True,20241105
603326.SH,True,True,40,321808383.15000004,379023443.15,False,False,False,False,True,20241105
300193.SZ,False,True,60,203205662.55999997,242666757.42999998,False,False,False,False,True,20241105
603327.SH,True,True,32,229752224.34000003,370048763.5,False,False,False,False,True,20241105
300194.SZ,False,True,60,461968691.8000001,234988794.07,False,False,False,False,True,20241105
603328.SH,True,True,53,402384848.40999997,826888587.5699999,False,False,False,False,True,20241105
300195.SZ,False,True,60,73747431.82,103934273.43999998,False,False,False,False,True,20241105
603329.SH,True,True,37,-11999723.180000007,57794128.55000001,False,False,False,True,True,20241105
300196.SZ,False,True,60,352510617.8399999,666179270.78,False,False,False,False,True,20241105
603330.SH,True,True,41,3284839.310000006,74937374.01999998,False,False,False,False,True,20241105
300197.SZ,False,True,60,92211803.66000003,-578112929.0,False,False,True,False,True,20241105
603331.SH,True,True,39,259429230.11,127702629.26999995,False,False,False,False,True,20241105
300198.SZ,False,True,60,152678716.35,86579209.78999999,False,False,False,False,True,20241105
603332.SH,True,True,32,22654369.490000002,-80518330.78,False,False,True,False,True,20241105
300199.SZ,False,True,60,138839832.89,-46475379.86,False,False,True,False,True,20241105
603333.SH,True,True,56,124521649.77000001,122389037.82,False,False,False,False,True,20241105
300200.SZ,False,True,60,19269660.910000004,126442289.45000002,False,False,False,False,True,20241105
603335.SH,True,True,38,30421916.680000007,15929661.61999999,False,False,False,False,True,20241105
300201.SZ,False,True,60,266323818.91000003,84024874.16,False,False,False,False,True,20241105
603336.SH,True,True,42,-45370958.730000004,24060211.520000007,False,False,False,True,True,20241105
300203.SZ,False,True,59,680826586.02,114021325.93,False,False,False,False,True,20241105
603337.SH,True,True,42,1525143558.67,1536848786.48,False,False,False,False,True,20241105
300204.SZ,False,True,60,-111421002.25,-169858972.3,False,False,True,True,True,20241105
603338.SH,True,True,46,2150591990.1000004,2119379304.04,False,False,False,False,True,20241105
300205.SZ,False,True,60,-217347376.96000004,-104331677.53000002,False,False,True,True,True,20241105
603339.SH,True,True,43,93073769.16000003,677817913.71,False,False,False,False,True,20241105
300206.SZ,False,True,60,291442972.34000003,308466020.02,False,False,False,False,True,20241105
603345.SH,True,True,41,2341025045.5300007,1785853454.0199995,False,False,False,False,True,20241105
300207.SZ,False,True,60,3920033912.84,2226949179.25,False,False,False,False,True,20241105
603348.SH,True,True,39,544636922.49,671291423.98,False,False,False,False,True,20241105
300209.SZ,False,True,60,-93478284.17999999,-51127290.5,False,False,True,True,True,20241105
603351.SH,True,True,33,225881422.08999997,124104005.98000002,False,False,False,False,True,20241105
300210.SZ,False,True,60,95468971.66,-12183743.27,False,False,True,False,True,20241105
603353.SH,True,True,28,191265825.59999996,249350590.25,False,False,False,False,True,20241105
300211.SZ,False,True,59,-27386763.48,43720428.79000001,False,False,False,True,True,20241105
603355.SH,True,True,46,1273012320.1100001,455482563.0099999,False,False,False,False,True,20241105
300212.SZ,False,True,59,-55167768.73000002,-470377159.24,False,False,True,True,True,20241105
603356.SH,True,True,36,103924612.07,176893807.7,False,False,False,False,True,20241105
300213.SZ,False,True,60,41851748.88,81450706.05999999,False,False,False,False,True,20241105
603357.SH,True,True,40,124107451.67999995,36229842.97000001,False,False,False,False,True,20241105
300214.SZ,False,True,60,19260678.72,-22824530.949999988,False,False,True,False,True,20241105
603358.SH,True,True,42,327690024.35,208512472.11000004,False,False,False,False,True,20241105
300215.SZ,False,True,60,415716874.5,262888810.26,False,False,False,False,True,20241105
603359.SH,True,True,43,47922881.250000015,-220384699.57,False,False,True,False,True,20241105
300217.SZ,False,True,60,135984824.24,491018993.93000007,False,False,False,False,True,20241105
603360.SH,True,True,42,304045599.33,432513900.49999994,False,False,False,False,True,20241105
300218.SZ,False,True,60,318508710.26,168957990.07000005,False,False,False,False,True,20241105
603363.SH,True,True,36,478075778.39999986,1306540944.0400002,False,False,False,False,True,20241105
300219.SZ,False,True,60,537738466.46,497736404.29,False,False,False,False,True,20241105
603365.SH,True,True,36,256374611.38,484933869.6700001,False,False,False,False,True,20241105
300220.SZ,False,True,60,-12312366.23,36906782.300000004,False,False,False,True,True,20241105
603366.SH,True,True,56,263753293.09000003,362314402.94,False,False,False,False,True,20241105
300221.SZ,False,True,60,-49657520.370000005,63792927.23000002,False,False,False,True,True,20241105
603367.SH,True,True,39,432326722.46000004,396488014.17999995,False,False,False,False,True,20241105
300222.SZ,False,True,60,277908607.35,-196783635.79,False,False,True,False,True,20241105
603368.SH,True,True,47,697873239.1,515604500.38,False,False,False,False,True,20241105
300223.SZ,False,True,60,361720094.7000001,119160641.18,False,False,False,False,True,20241105
603369.SH,True,True,49,3048955084.92,2561352051.91,False,False,False,False,True,20241105
300224.SZ,False,True,60,802854730.47,64296485.70000002,False,False,False,False,True,20241105
603377.SH,True,True,43,343071164.14000005,188363961.81999996,False,False,False,False,True,20241105
300225.SZ,False,True,60,167858965.16,-82985916.0,False,False,True,False,True,20241105
603378.SH,True,True,38,151543988.73999998,539600878.71,False,False,False,False,True,20241105
300226.SZ,False,True,60,2179171263.5600004,399616662.5300001,False,False,False,False,True,20241105
603379.SH,True,True,33,373693250.18000007,456510875.52,False,False,False,False,True,20241105
300227.SZ,False,True,59,,110125732.0,False,False,False,False,False,20241105
603380.SH,True,True,39,154858536.73,191960492.77,False,False,False,False,True,20241105
300228.SZ,False,True,60,42108457.400000036,490501772.43999994,False,False,False,False,True,20241105
603383.SH,True,True,40,191473923.14,216470121.92000002,False,False,False,False,True,20241105
300229.SZ,False,True,60,64036401.730000004,159905601.65,False,False,False,False,True,20241105
603385.SH,True,True,39,392278810.65999997,497030199.98,False,False,False,False,True,20241105
300230.SZ,False,True,60,293374979.72,311057197.39000005,False,False,False,False,True,20241105
603386.SH,True,True,36,149309616.21,264884824.32000005,False,False,False,False,True,20241105
300231.SZ,False,True,60,127973659.64999996,276748650.90999997,False,False,False,False,True,20241105
603387.SH,True,True,39,436620042.34999996,421584860.22,False,False,False,False,True,20241105
300232.SZ,False,True,60,737538836.07,867664025.4299998,False,False,False,False,True,20241105
603389.SH,True,True,41,-32231955.03,-34792674.14,False,False,True,True,True,20241105
300233.SZ,False,True,60,404592924.5699999,508319889.2800001,False,False,False,False,True,20241105
603390.SH,True,True,35,89380019.24999999,129198890.29,False,False,False,False,True,20241105
300234.SZ,False,True,60,84804626.42999999,137912173.75,False,False,False,False,True,20241105
603392.SH,True,True,30,844543104.9000001,1910805448.77,False,False,False,False,True,20241105
300235.SZ,False,True,60,52935034.49,17154916.36,False,False,False,False,True,20241105
603393.SH,True,True,40,2140668524.2499998,2018789110.3999996,False,False,False,False,True,20241105
300236.SZ,False,True,60,156952876.23,95408153.22,False,False,False,False,True,20241105
603396.SH,True,True,37,-61097996.71000001,8860116.199999988,False,False,False,True,True,20241105
300237.SZ,False,True,60,1670640.900000006,2202945.8599999994,False,False,False,False,True,20241105
603398.SH,True,True,43,,51610658.31999999,False,False,False,False,False,20241105
300238.SZ,False,True,60,26594289.910000004,77976368.73999998,False,False,False,False,True,20241105
603399.SH,True,True,55,288995488.8000001,559792814.78,False,False,False,False,True,20241105
300239.SZ,False,True,60,98378599.63999999,198874404.75,False,False,False,False,True,20241105
603408.SH,True,True,26,731456047.4100001,577359894.3100001,False,False,False,False,True,20241105
300240.SZ,False,True,60,213149315.07999998,203018363.68,False,False,False,False,True,20241105
603416.SH,True,True,40,135908850.10000002,181654628.01999998,False,False,False,False,True,20241105
300241.SZ,False,True,60,198762964.8,12499864.639999993,False,False,False,False,True,20241105
603421.SH,True,True,41,506591820.85,-54628271.620000005,False,False,True,False,True,20241105
300242.SZ,False,True,60,-106518399.05000001,163028866.21999997,False,False,False,True,True,20241105
603429.SH,True,True,38,-16400335.090000004,246609707.39,False,False,False,True,True,20241105
300243.SZ,False,True,60,-101868757.57000001,139925464.86,False,False,False,True,True,20241105
603439.SH,True,True,36,183720382.76,333880603.34,False,False,False,False,True,20241105
300244.SZ,False,True,60,1608744630.29,1953616870.2,False,False,False,False,True,20241105
603444.SH,True,True,41,1187962026.7400002,1284425553.1499999,False,False,False,False,True,20241105
300245.SZ,False,True,60,-65922081.900000006,11085613.289999992,False,False,False,True,True,20241105
603456.SH,True,True,49,869084252.76,1134650009.8300002,False,False,False,False,True,20241105
300246.SZ,False,True,59,38975933.129999995,120409801.26,False,False,False,False,True,20241105
603458.SH,True,True,39,98930211.22,524993441.42,False,False,False,False,True,20241105
300247.SZ,False,True,59,22238053.88000001,106867759.19999999,False,False,False,False,True,20241105
603466.SH,True,True,36,19708774.370000005,139431085.1,False,False,False,False,True,20241105
300248.SZ,False,True,59,226474735.57,89548878.55,False,False,False,False,True,20241105
603477.SH,True,True,35,563992822.6,382879250.15000004,False,False,False,False,True,20241105
300249.SZ,False,True,59,150930892.32999998,-214610992.10999998,False,False,True,False,True,20241105
603486.SH,True,True,35,809839857.4100002,1764605459.12,False,False,False,False,True,20241105
300250.SZ,False,True,59,6501094.59,45563997.68,False,False,False,False,True,20241105
603488.SH,True,True,38,68098151.16000001,12970206.100000001,False,False,False,False,True,20241105
300251.SZ,False,True,59,1129762847.7600002,72239648.69999999,False,False,False,False,True,20241105
603489.SH,True,True,29,30743036.439999938,658119340.42,False,False,False,False,True,20241105
300252.SZ,False,True,59,-121853772.9,76099479.8,False,False,False,True,True,20241105
603496.SH,True,True,38,-15397694.089999996,-14121459.790000003,False,False,True,True,True,20241105
300253.SZ,False,True,59,339051545.74,82058714.69000003,False,False,False,False,True,20241105
603499.SH,True,True,36,124631070.24,80112311.25000001,False,False,False,False,True,20241105
300254.SZ,False,True,59,90048502.1,23774403.830000006,False,False,False,False,True,20241105
603500.SH,True,True,36,49000704.44,108645970.15,False,False,False,False,True,20241105
300255.SZ,False,True,59,307433096.73,63488099.58999999,False,False,False,False,True,20241105
603501.SH,True,True,39,5327590305.77,6129679484.46,False,False,False,False,True,20241105
300256.SZ,False,True,59,59277608.75,-33313749.129999995,False,False,True,False,True,20241105
603505.SH,True,True,40,174485906.36999995,327857734.45000005,False,False,False,False,True,20241105
300257.SZ,False,True,59,393590290.8299999,575808283.96,False,False,False,False,True,20241105
603506.SH,True,True,35,128334150.39000002,83859182.35,False,False,False,False,True,20241105
300258.SZ,False,True,58,456623405.76,631453383.51,False,False,False,False,True,20241105
603507.SH,True,True,36,348600337.41999996,282633630.81,False,False,False,False,True,20241105
300259.SZ,False,True,59,263757426.47000003,173049621.70999998,False,False,False,False,True,20241105
603508.SH,True,True,43,335588587.87,311916613.3,False,False,False,False,True,20241105
300260.SZ,False,True,58,314033165.39,-24204208.879999995,False,False,True,False,True,20241105
603511.SH,True,True,22,499704065.09000003,870400196.4799999,False,False,False,False,True,20241105
300261.SZ,False,True,58,-27091174.16000001,255636146.45999998,False,False,False,True,True,20241105
603515.SH,True,True,41,924886353.04,1519150922.03,False,False,False,False,True,20241105
300263.SZ,False,True,58,-87629522.47999999,212057105.25,False,False,False,True,True,20241105
603516.SH,True,True,37,35979777.16,65605868.39,False,False,False,False,True,20241105
300264.SZ,False,True,58,7496588.600000009,-77571690.52,False,False,True,False,True,20241105
603517.SH,True,True,41,1099781568.89,588511311.7499999,False,False,False,False,True,20241105
300265.SZ,False,True,58,118123666.95,136490067.33,False,False,False,False,True,20241105
603518.SH,True,True,49,829815733.9699999,893359043.62,False,False,False,False,True,20241105
300266.SZ,False,True,58,201607767.57999998,-155560287.55999994,False,False,True,False,True,20241105
603519.SH,True,True,46,-43999964.95,84713063.59,False,False,False,True,True,20241105
300267.SZ,False,True,58,246868065.61999997,111783078.36000001,False,False,False,False,True,20241105
603520.SH,True,True,43,-12886300.689999998,112510327.63999999,False,False,False,True,True,20241105
300268.SZ,False,True,58,-234113860.38,347497858.3,False,False,False,True,True,20241105
603527.SH,True,True,39,-579704922.9200001,-342583783.27,False,False,True,True,True,20241105
300269.SZ,False,True,58,100970025.84,11827934.350000001,False,False,False,False,True,20241105
603528.SH,True,True,43,63545320.94,75401443.91,False,False,False,False,True,20241105
300270.SZ,False,True,58,14668703.46,-40712504.41,False,False,True,False,True,20241105
603529.SH,True,True,25,2350908282.07,2055863116.909999,False,False,False,False,True,20241105
300271.SZ,False,True,59,42713053.339999974,229120329.22000006,False,False,False,False,True,20241105
603530.SH,True,True,31,159251778.96999997,69549638.46,False,False,False,False,True,20241105
300272.SZ,False,True,58,300161942.83,383459589.65,False,False,False,False,True,20241105
603533.SH,True,True,37,83675676.18,273667239.11,False,False,False,False,True,20241105
300274.SZ,False,True,58,3233472523.83,8659474852.09,False,False,False,False,True,20241105
603535.SH,True,True,38,,196672653.90999997,False,False,False,False,False,20241105
300275.SZ,False,True,58,17396108.32,18120338.839999996,False,False,False,False,True,20241105
603536.SH,True,True,38,115169659.98,81151706.87,False,False,False,False,True,20241105
300276.SZ,False,True,58,-184850056.26,226970184.23,False,False,False,True,True,20241105
603538.SH,True,True,41,196870148.78,-103578655.32999995,False,False,True,False,True,20241105
300277.SZ,False,True,58,5771309.529999994,32042684.320000004,False,False,False,False,True,20241105
603551.SH,True,True,29,260794840.83999997,555631644.3299999,False,False,False,False,True,20241105
300278.SZ,False,True,58,-322130094.16999996,-127885865.55000004,False,False,True,True,True,20241105
603556.SH,True,True,41,1102654917.1799998,844466830.9,False,False,False,False,True,20241105
300279.SZ,False,True,58,224488457.87,6264141.269999996,False,False,False,False,True,20241105
603557.SH,True,True,37,39954500.980000004,-52430368.18,False,False,True,False,True,20241105
300281.SZ,False,True,58,55603723.27999999,18158331.03,False,False,False,False,True,20241105
603558.SH,True,True,47,180445597.73000002,515781121.5,False,False,False,False,True,20241105
300283.SZ,False,True,58,49300185.34,-78005463.21000001,False,False,True,False,True,20241105
603559.SH,True,True,41,-36478166.07,27109329.65,False,False,False,True,True,20241105
300284.SZ,False,True,58,251155527.65999997,62121499.80000007,False,False,False,False,True,20241105
603565.SH,True,True,29,2224000544.1,2428927199.8099995,False,False,False,False,True,20241105
300285.SZ,False,True,58,687490806.44,333795186.01,False,False,False,False,True,20241105
603566.SH,True,True,48,219854439.61999997,247812073.32,False,False,False,False,True,20241105
300286.SZ,False,True,58,358511036.37,222281087.49,False,False,False,False,True,20241105
603567.SH,True,True,46,-338189588.06,-612183385.9,False,False,True,True,True,20241105
300287.SZ,False,True,58,-132024.23000000417,90368441.33,False,False,False,True,True,20241105
603568.SH,True,True,46,2759495228.04,2294963914.92,False,False,False,False,True,20241105
300288.SZ,False,True,57,57566107.019999996,95187333.27000001,False,False,False,False,True,20241105
603569.SH,True,True,47,306630672.88,407473045.18,False,False,False,False,True,20241105
300289.SZ,False,True,57,62144282.93000001,145981979.67,False,False,False,False,True,20241105
603577.SH,True,True,42,433529864.34999996,-1549152.2799999714,False,False,True,False,True,20241105
300290.SZ,False,True,57,-12252667.819999993,66193161.9,False,False,False,True,True,20241105
603578.SH,True,True,41,51178366.349999994,79365645.91999999,False,False,False,False,True,20241105
300291.SZ,False,True,57,-151397290.75,-673362797.1600001,False,False,True,True,True,20241105
603579.SH,True,True,42,181224455.88,244280807.60000005,False,False,False,False,True,20241105
300292.SZ,False,True,57,86431099.8,209449520.32,False,False,False,False,True,20241105
603580.SH,True,True,44,22933796.020000003,31216004.869999997,False,False,False,False,True,20241105
300293.SZ,False,True,57,73965082.0,-73275171.35,False,False,True,False,True,20241105
603583.SH,True,True,40,741294195.01,450604452.47,False,False,False,False,True,20241105
300294.SZ,False,True,57,378430025.7699999,745136034.2,False,False,False,False,True,20241105
603585.SH,True,True,41,-35075206.400000006,349796167.72,False,False,False,True,True,20241105
300295.SZ,False,True,57,44249788.02999991,363964596.34000003,False,False,False,False,True,20241105
603586.SH,True,True,39,18871718.639999986,305361354.57,False,False,False,False,True,20241105
300296.SZ,False,True,57,575971419.3799999,1312170892.99,False,False,False,False,True,20241105
603587.SH,True,True,37,389960327.75000006,627694898.1500001,False,False,False,False,True,20241105
300298.SZ,False,True,57,728508301.3700001,531611781.27000004,False,False,False,False,True,20241105
603588.SH,True,True,47,464662968.8399999,-2298308876.39,False,False,True,False,True,20241105
300299.SZ,False,True,57,-28972550.71,16837230.160000004,False,False,False,True,True,20241105
603589.SH,True,True,45,852527995.77,1194861121.47,False,False,False,False,True,20241105
300300.SZ,False,True,57,4851831.950000003,24729973.99,False,False,False,False,True,20241105
603590.SH,True,True,34,164679368.41000003,134408430.57999998,False,False,False,False,True,20241105
300301.SZ,False,True,57,-9437648.5,-41942806.43000001,False,False,True,True,True,20241105
603595.SH,True,True,38,641587624.45,-246724753.10000005,False,False,True,False,True,20241105
300302.SZ,False,True,57,-6195451.150000002,-44824480.52,False,False,True,True,True,20241105
603596.SH,True,True,37,758053153.77,1087515410.02,False,False,False,False,True,20241105
300303.SZ,False,True,57,302254055.94000006,247154773.47000003,False,False,False,False,True,20241105
603598.SH,True,True,45,-34385553.07999998,-4533286.799999997,False,False,True,True,True,20241105
300304.SZ,False,True,57,503015776.39,-126476482.60999998,False,False,True,False,True,20241105
603599.SH,True,True,48,28546063.099999905,1972836865.7200003,False,False,False,False,True,20241105
300305.SZ,False,True,57,-244616241.92,-225293606.66,False,False,True,True,True,20241105
603600.SH,True,True,46,145781456.2,398248036.63,False,False,False,False,True,20241105
300306.SZ,False,True,57,171034505.56,137381332.09,False,False,False,False,True,20241105
603601.SH,True,True,47,102413564.38999999,129632336.27999997,False,False,False,False,True,20241105
300307.SZ,False,True,57,-5127272.99000001,237897748.13,False,False,False,True,True,20241105
603602.SH,True,True,39,-111635264.14999998,105501794.74000001,False,False,False,True,True,20241105
300308.SZ,False,True,57,1770272638.13,2423979612.79,False,False,False,False,True,20241105
603605.SH,True,True,36,1073775326.7399998,1138279312.4299998,False,False,False,False,True,20241105
300310.SZ,False,True,57,-76953457.12,-195080992.75,False,False,True,True,True,20241105
603606.SH,True,True,47,1404467142.1699998,1521190594.08,False,False,False,False,True,20241105
300311.SZ,False,True,57,11230382.009999996,75969725.72999999,False,False,False,False,True,20241105
603607.SH,True,True,37,52857924.69,124850877.77000003,False,False,False,False,True,20241105
300313.SZ,False,True,57,5968388.09,-20727701.65,False,False,True,False,True,20241105
603608.SH,True,True,43,78286847.0,60205339.0,False,False,False,False,True,20241105
300314.SZ,False,True,57,79294340.05999999,156366292.73000002,False,False,False,False,True,20241105
603609.SH,True,True,50,1243383484.75,551001148.06,False,False,False,False,True,20241105
300315.SZ,False,True,57,51587859.61,174836370.21999997,False,False,False,False,True,20241105
603610.SH,True,True,29,428148758.70000005,366298424.51000005,False,False,False,False,True,20241105
300316.SZ,False,True,57,2253427269.9700003,2262558824.98,False,False,False,False,True,20241105
603611.SH,True,True,47,95053282.59999998,535343289.91999996,False,False,False,False,True,20241105
300317.SZ,False,True,57,-331035456.39000005,-80530705.78999996,False,False,True,True,True,20241105
603612.SH,True,True,41,1077955540.47,877855607.36,False,False,False,False,True,20241105
300318.SZ,False,True,57,21310545.950000018,172664667.52,False,False,False,False,True,20241105
603613.SH,True,True,39,-148874754.10000002,1001277620.15,False,False,False,True,True,20241105
300319.SZ,False,True,57,353745416.83000004,590340721.86,False,False,False,False,True,20241105
603615.SH,True,True,39,111466163.94,62480286.62000002,False,False,False,False,True,20241105
300320.SZ,False,True,57,231682954.39,119596519.38000001,False,False,False,False,True,20241105
603616.SH,True,True,46,61322165.65,50185378.36,False,False,False,False,True,20241105
300321.SZ,False,True,57,6251814.1499999985,30601660.21,False,False,False,False,True,20241105
603617.SH,True,True,40,167189288.29999998,102706639.5,False,False,False,False,True,20241105
300322.SZ,False,True,57,46685817.70999999,-96784076.13,False,False,True,False,True,20241105
603618.SH,True,True,46,-246057056.52000004,502621356.20000005,False,False,False,True,True,20241105
300323.SZ,False,True,57,23173334.14,100718586.56999993,False,False,False,False,True,20241105
603619.SH,True,True,39,1761869517.62,717608462.9300001,False,False,False,False,True,20241105
300324.SZ,False,True,57,-320367519.38,357821618.96,False,False,False,True,True,20241105
603626.SH,True,True,42,344618923.46,661370478.54,False,False,False,False,True,20241105
300326.SZ,False,True,57,196765791.77,160323791.85999995,False,False,False,False,True,20241105
603628.SH,True,True,40,96755542.86000001,211736363.63,False,False,False,False,True,20241105
300327.SZ,False,True,57,139981241.78000003,-123402285.85,False,False,True,False,True,20241105
603629.SH,True,True,32,-312642707.12,500300623.0400001,False,False,False,True,True,20241105
300328.SZ,False,True,57,407178770.42,12318645.980000004,False,False,False,False,True,20241105
603630.SH,True,True,39,198009109.96,136175078.61,False,False,False,False,True,20241105
300329.SZ,False,True,58,-97990939.99,2465716.5,False,False,False,True,True,20241105
603633.SH,True,True,40,148411201.86,68842447.39,False,False,False,False,True,20241105
300331.SZ,False,True,58,150343968.27,105616665.78,False,False,False,False,True,20241105
603636.SH,True,True,46,243109381.99,-103676996.34,False,False,True,False,True,20241105
300332.SZ,False,True,57,543618244.05,428152357.01000005,False,False,False,False,True,20241105
603637.SH,True,True,42,23613244.429999996,103904853.19999999,False,False,False,False,True,20241105
300333.SZ,False,True,56,-3555672.9899999946,-46633796.55,False,False,True,True,True,20241105
603638.SH,True,True,41,124051900.15,43383343.86,False,False,False,False,True,20241105
300334.SZ,False,True,56,-9275080.289999992,-118651031.25999999,False,False,True,True,True,20241105
603639.SH,True,True,41,436304328.23,970589232.3300002,False,False,False,False,True,20241105
300335.SZ,False,True,57,219935613.43,-92514299.10000002,False,False,True,False,True,20241105
603648.SH,True,True,38,205700110.22999996,403052543.21,False,False,False,False,True,20241105
300337.SZ,False,True,56,18959129.50999999,-122880606.80999999,False,False,True,False,True,20241105
603650.SH,True,True,33,343991632.49,-52126046.74000001,False,False,True,False,True,20241105
300338.SZ,False,True,56,-53325321.30999999,-150450067.10000002,False,False,True,True,True,20241105
603655.SH,True,True,36,7127896.8999999985,20096399.330000002,False,False,False,False,True,20241105
300339.SZ,False,True,57,75064849.48000002,113029077.22999999,False,False,False,False,True,20241105
603656.SH,True,True,39,81080069.75999999,10326351.480000004,False,False,False,False,True,20241105
300340.SZ,False,True,57,-394694836.17999995,74379721.28999999,False,False,False,True,True,20241105
603657.SH,True,True,34,93466743.10000001,87448014.65999998,False,False,False,False,True,20241105
300341.SZ,False,True,56,322266741.90999997,299726383.31,False,False,False,False,True,20241105
603658.SH,True,True,42,1467708253.4700003,1500987937.0100002,False,False,False,False,True,20241105
300342.SZ,False,True,56,117071050.55000001,182944556.67,False,False,False,False,True,20241105
603659.SH,True,True,37,1552373698.1399999,1683297185.8899999,False,False,False,False,True,20241105
300343.SZ,False,True,55,-81948085.43,293556925.04999995,False,False,False,True,True,20241105
603660.SH,True,True,41,10225366.280000001,211549429.57999998,False,False,False,False,True,20241105
300345.SZ,False,True,57,-244450165.65999997,-447482590.84000003,False,False,True,True,True,20241105
603661.SH,True,True,37,832276104.3,551931261.2300001,False,False,False,False,True,20241105
300346.SZ,False,True,55,850541877.6500001,235640811.05999997,False,False,False,False,True,20241105
603662.SH,True,True,30,222962570.52000004,134495257.45999998,False,False,False,False,True,20241105
300347.SZ,False,True,56,1056563070.44,1204760143.1,False,False,False,False,True,20241105
603663.SH,True,True,43,66432741.5,64804896.390000015,False,False,False,False,True,20241105
300348.SZ,False,True,56,35835306.51000002,81578714.41999996,False,False,False,False,True,20241105
603665.SH,True,True,41,133285357.85,276738400.1,False,False,False,False,True,20241105
300349.SZ,False,True,56,33083154.49000004,475947791.26,False,False,False,False,True,20241105
603666.SH,True,True,34,94200763.66,-28251900.58,False,False,True,False,True,20241105
300350.SZ,False,True,56,13655850.019999996,-77486862.03,False,False,True,False,True,20241105
603667.SH,True,True,41,246217754.06000003,257471685.41000003,False,False,False,False,True,20241105
300351.SZ,False,True,55,190830210.07999998,97191920.76,False,False,False,False,True,20241105
603668.SH,True,True,42,76401122.19,115426681.07000001,False,False,False,False,True,20241105
300352.SZ,False,True,55,-32468976.009999994,-10150258.680000007,False,False,True,True,True,20241105
603669.SH,True,True,45,-80780478.03,-47743880.75,False,False,True,True,True,20241105
300353.SZ,False,True,57,-36026821.41999996,-274391399.25,False,False,True,True,True,20241105
603676.SH,True,True,37,370541028.85,225452077.01999998,False,False,False,False,True,20241105
300354.SZ,False,True,55,34392185.4,7938372.059999999,False,False,False,False,True,20241105
603677.SH,True,True,42,107919485.20999998,246157492.24999997,False,False,False,False,True,20241105
300355.SZ,False,True,55,383773830.6199999,1666191463.24,False,False,False,False,True,20241105
603678.SH,True,True,47,1033171447.51,787861430.5500001,False,False,False,False,True,20241105
300357.SZ,False,True,52,290904131.4200001,361580845.2099999,False,False,False,False,True,20241105
603679.SH,True,True,38,16646112.82,-34238717.85000001,False,False,True,False,True,20241105
300358.SZ,False,True,53,40517338.49000001,308943026.41999996,False,False,False,False,True,20241105
603680.SH,True,True,38,186461841.22000003,183821272.45,False,False,False,False,True,20241105
300359.SZ,False,True,52,5805969.75,556237.2600000054,False,False,False,False,True,20241105
603681.SH,True,True,37,307923385.0,324617978.34999996,False,False,False,False,True,20241105
300360.SZ,False,True,52,767044273.0999999,623184444.63,False,False,False,False,True,20241105
603682.SH,True,True,35,666534268.6399999,679284375.2299999,False,False,False,False,True,20241105
300363.SZ,False,True,51,-65991291.29000008,1199170471.1100001,False,False,False,True,True,20241105
603683.SH,True,True,38,266801364.18,131498003.66,False,False,False,False,True,20241105
300364.SZ,False,True,46,1532821.960000001,-106615797.78,False,False,True,False,True,20241105
603685.SH,True,True,37,242986859.69,79502283.88,False,False,False,False,True,20241105
300365.SZ,False,True,52,197953999.38000003,5898233.109999999,False,False,False,False,True,20241105
603686.SH,True,True,50,347746801.4499999,493203544.21000004,False,False,False,False,True,20241105
300366.SZ,False,True,52,292905981.95,-517124190.6500001,False,False,True,False,True,20241105
603687.SH,True,True,32,307415406.14,307505905.62,False,False,False,False,True,20241105
300368.SZ,False,True,52,-19930448.640000045,595280823.95,False,False,False,True,True,20241105
603688.SH,True,True,51,1953273552.12,2915346210.86,False,False,False,False,True,20241105
300369.SZ,False,True,52,122511798.15,-64585226.53,False,False,True,False,True,20241105
603689.SH,True,True,40,634040404.26,427848007.10999995,False,False,False,False,True,20241105
300370.SZ,False,True,55,-40354239.55,-129806503.69999999,False,False,True,True,True,20241105
603690.SH,True,True,41,-708512888.3799999,-736706376.14,False,False,True,True,True,20241105
300371.SZ,False,True,51,82121693.36999999,57597103.739999995,False,False,False,False,True,20241105
603693.SH,True,True,39,977566449.1100001,1410205386.18,False,False,False,False,True,20241105
300373.SZ,False,True,52,1369156481.77,582712513.76,False,False,False,False,True,20241105
603696.SH,True,True,44,-24071647.68,48500726.400000006,False,False,False,True,True,20241105
300374.SZ,False,True,46,100405416.48000002,54688300.339999996,False,False,False,False,True,20241105
603697.SH,True,True,37,116334540.64999999,15564604.460000008,False,False,False,False,True,20241105
300375.SZ,False,True,53,16835723.199999988,-65051807.67,False,False,True,False,True,20241105
603698.SH,True,True,46,-164617536.35000002,422979732.93999994,False,False,False,True,True,20241105
300376.SZ,False,True,52,-1047364427.2,2215045077.71,False,False,False,True,True,20241105
603699.SH,True,True,52,790173223.04,577390863.89,False,False,False,False,True,20241105
300377.SZ,False,True,52,138769035.36,37603591.47,False,False,False,False,True,20241105
603700.SH,True,True,37,109520696.52000001,173114298.39,False,False,False,False,True,20241105
300378.SZ,False,True,52,20530076.689999983,108920792.89000002,False,False,False,False,True,20241105
603701.SH,True,True,43,39049450.239999995,-58707604.4,False,False,True,False,True,20241105
300380.SZ,False,True,52,20316710.389999986,-51486067.95000005,False,False,True,False,True,20241105
603703.SH,True,True,45,-44255527.87,104048123.4,False,False,False,True,True,20241105
300381.SZ,False,True,53,200085811.5,51646957.75999996,False,False,False,False,True,20241105
603706.SH,True,True,33,357718851.29,224595925.12,False,False,False,False,True,20241105
300382.SZ,False,True,52,-81994012.29,120372369.89000002,False,False,False,True,True,20241105
603707.SH,True,True,37,1503050236.29,1135126730.6799998,False,False,False,False,True,20241105
300383.SZ,False,True,53,1413027532.0099998,1788102435.4499998,False,False,False,False,True,20241105
603708.SH,True,True,40,1506490027.6199996,1487749275.7699997,False,False,False,False,True,20241105
300384.SZ,False,True,49,300269628.5,134767001.26000005,False,False,False,False,True,20241105
603709.SH,True,True,35,-12049942.299999997,100814144.85999998,False,False,False,True,True,20241105
300385.SZ,False,True,50,79630923.91,47806662.28999999,False,False,False,False,True,20241105
603711.SH,True,True,37,430021192.85999995,475066262.25,False,False,False,False,True,20241105
300386.SZ,False,True,51,4342090.969999999,-7272317.780000001,False,False,True,False,True,20241105
603712.SH,True,True,37,33023162.95999998,309151360.01000005,False,False,False,False,True,20241105
300387.SZ,False,True,51,77628990.73999998,88738407.06,False,False,False,False,True,20241105
603713.SH,True,True,34,143133180.61999995,618144573.8700001,False,False,False,False,True,20241105
300388.SZ,False,True,56,533981360.5,587530523.3,False,False,False,False,True,20241105
603716.SH,True,True,41,27015011.090000004,33490075.159999996,False,False,False,False,True,20241105
300389.SZ,False,True,51,17469196.399999976,855012990.55,False,False,False,False,True,20241105
603717.SH,True,True,40,152976636.63,-164182745.8,False,False,True,False,True,20241105
300390.SZ,False,True,51,1623059655.0200005,3582288701.3600006,False,False,False,False,True,20241105
603718.SH,True,True,46,70757187.92,-36505518.30000001,False,False,True,False,True,20241105
300393.SZ,False,True,47,1460334796.16,-886516824.8000001,False,False,True,False,True,20241105
603719.SH,True,True,29,395331818.72,481788835.43000007,False,False,False,False,True,20241105
300394.SZ,False,True,47,1303491247.2400002,595116595.6700001,False,False,False,False,True,20241105
603721.SH,True,True,37,47384784.949999996,30418745.049999997,False,False,False,False,True,20241105
300395.SZ,False,True,47,108632144.91999996,473624095.64,False,False,False,False,True,20241105
603722.SH,True,True,44,27560105.82,60518039.889999986,False,False,False,False,True,20241105
300396.SZ,False,True,49,-130598928.35999997,107664953.15,False,False,False,True,True,20241105
603725.SH,True,True,51,163965062.98,349849380.01000005,False,False,False,False,True,20241105
300397.SZ,False,True,49,-53241307.859999985,-82929525.96000001,False,False,True,True,True,20241105
603726.SH,True,True,43,172672371.92,129763876.38,False,False,False,False,True,20241105
300398.SZ,False,True,47,573933089.51,249347257.8400001,False,False,False,False,True,20241105
603727.SH,True,True,40,251571720.48000002,725644254.13,False,False,False,False,True,20241105
300399.SZ,False,True,49,44515305.72,-30872786.840000004,False,False,True,False,True,20241105
603728.SH,True,True,39,222679004.84,187270613.40999997,False,False,False,False,True,20241105
300400.SZ,False,True,49,113397674.66999999,125216687.88999999,False,False,False,False,True,20241105
603729.SH,True,True,49,-78183595.15,93624592.70000002,False,False,False,True,True,20241105
300401.SZ,False,True,49,328316555.45,109426003.16000003,False,False,False,False,True,20241105
603730.SH,True,True,39,1020199217.8100002,366326856.81,False,False,False,False,True,20241105
300402.SZ,False,True,49,147994145.21,166214904.27,False,False,False,False,True,20241105
603733.SH,True,True,36,1232766070.73,-1181498804.39,False,False,True,False,True,20241105
300403.SZ,False,True,49,205471002.90999997,339642339.78,False,False,False,False,True,20241105
603737.SH,True,True,43,1726337131.9899998,1013663880.3,False,False,False,False,True,20241105
300404.SZ,False,True,46,22426252.130000003,17685661.71,False,False,False,False,True,20241105
603738.SH,True,True,41,109940548.21000004,300043946.83,False,False,False,False,True,20241105
300405.SZ,False,True,49,-2521844.789999999,51236573.519999996,False,False,False,True,True,20241105
603739.SH,True,True,31,171572564.12,106160302.66,False,False,False,False,True,20241105
300406.SZ,False,True,47,621431162.4300001,505667162.94000006,False,False,False,False,True,20241105
603755.SH,True,True,29,72060693.6,61827553.95000001,False,False,False,False,True,20241105
300407.SZ,False,True,47,354368522.34,193916473.81,False,False,False,False,True,20241105
603757.SH,True,True,40,165712732.28999996,328262091.24000007,False,False,False,False,True,20241105
300408.SZ,False,True,46,2095736010.52,1814959948.8999996,False,False,False,False,True,20241105
603758.SH,True,True,39,523611667.85999995,393266764.29,False,False,False,False,True,20241105
300409.SZ,False,True,46,307983214.85,1043938551.1699998,False,False,False,False,True,20241105
603759.SH,True,True,23,375355672.21000004,348020832.08000004,False,False,False,False,True,20241105
300410.SZ,False,True,47,-66436679.89999999,18583378.17,False,False,False,True,True,20241105
603766.SH,True,True,56,1604487511.3999999,2489208613.21,False,False,False,False,True,20241105
300411.SZ,False,True,47,52566352.94,40505641.559999995,False,False,False,False,True,20241105
603767.SH,True,True,49,174707680.50999996,181447298.10000002,False,False,False,False,True,20241105
300412.SZ,False,True,47,-5543749.100000009,6982376.900000004,False,False,False,True,True,20241105
603768.SH,True,True,39,-62156284.099999994,-118653913.28,False,False,True,True,True,20241105
300413.SZ,False,True,47,-316703631.8700001,1169278214.46,False,False,False,True,True,20241105
603773.SH,True,True,41,236809187.73000002,191182629.25000003,False,False,False,False,True,20241105
300414.SZ,False,True,45,73572924.95,61489410.67999999,False,False,False,False,True,20241105
603776.SH,True,True,38,157997409.60999998,234332557.34,False,False,False,False,True,20241105
300415.SZ,False,True,46,262699541.46000004,221528410.54999998,False,False,False,False,True,20241105
603777.SH,True,True,43,336786022.83000004,492154114.45000005,False,False,False,False,True,20241105
300416.SZ,False,True,46,461256579.37,421599629.65999997,False,False,False,False,True,20241105
603778.SH,True,True,44,309396326.65999997,-256272846.63,False,False,True,False,True,20241105
300417.SZ,False,True,47,8327482.780000001,12756572.129999995,False,False,False,False,True,20241105
603779.SH,True,True,43,-5115990.84,28951936.630000003,False,False,False,True,True,20241105
300418.SZ,False,True,47,447766905.7099999,1020153712.96,False,False,False,False,True,20241105
603786.SH,True,True,44,575202030.29,562364426.91,False,False,False,False,True,20241105
300419.SZ,False,True,48,67911425.4,-7810424.189999998,False,False,True,False,True,20241105
603787.SH,True,True,39,-23678447.76999998,185575849.63,False,False,False,True,True,20241105
300420.SZ,False,True,46,207522825.37,186377610.25000003,False,False,False,False,True,20241105
603788.SH,True,True,47,179165973.20999998,79155308.63999999,False,False,False,False,True,20241105
300421.SZ,False,True,46,144032726.92000002,121484667.61,False,False,False,False,True,20241105
603789.SH,True,True,44,,-159929334.73000002,False,False,True,False,False,20241105
300422.SZ,False,True,46,384407785.41,329568238.96000004,False,False,False,False,True,20241105
603790.SH,True,True,32,94899737.02000001,113049236.41000001,False,False,False,False,True,20241105
300423.SZ,False,True,46,-117452525.49999997,100495071.37999998,False,False,False,True,True,20241105
603797.SH,True,True,41,403668173.97999996,119915808.22000001,False,False,False,False,True,20241105
300424.SZ,False,True,46,137224559.71,90936315.76,False,False,False,False,True,20241105
603798.SH,True,True,43,205993123.06000003,-49390346.41,False,False,True,False,True,20241105
300425.SZ,False,True,46,135849210.8,53590784.32,False,False,False,False,True,20241105
603799.SH,True,True,56,4842773383.69,7236548926.35,False,False,False,False,True,20241105
300426.SZ,False,True,46,-3663165.8100000024,3646455.219999999,False,False,False,True,True,20241105
603800.SH,True,True,43,151276585.1,-153880160.28,False,False,True,False,True,20241105
300427.SZ,False,True,46,304363706.90999997,-218362274.75,False,False,True,False,True,20241105
603801.SH,True,True,38,145767827.0,806288983.9599998,False,False,False,False,True,20241105
300428.SZ,False,True,46,-281835533.16999996,534403203.52000004,False,False,False,True,True,20241105
603803.SH,True,True,39,143691916.46000004,361187918.47,False,False,False,False,True,20241105
300429.SZ,False,True,46,32037938.310000017,134178559.52000003,False,False,False,False,True,20241105
603806.SH,True,True,49,5052564700.18,-1087097335.06,False,False,True,False,True,20241105
300430.SZ,False,True,46,112501941.74000001,-61271149.22000001,False,False,True,False,True,20241105
603808.SH,True,True,46,363402008.32000005,452626305.5,False,False,False,False,True,20241105
300432.SZ,False,True,46,185131686.13999993,678308336.1500001,False,False,False,False,True,20241105
603809.SH,True,True,38,727581760.45,119328249.25,False,False,False,False,True,20241105
300433.SZ,False,True,46,11395172722.090002,8854847379.72,False,False,False,False,True,20241105
603810.SH,True,True,32,141920488.88,91621045.27,False,False,False,False,True,20241105
300434.SZ,False,True,46,142632292.92,280585467.58,False,False,False,False,True,20241105
603811.SH,True,True,41,175154368.53999996,183818477.55,False,False,False,False,True,20241105
300435.SZ,False,True,46,499404015.46999997,185295524.28,False,False,False,False,True,20241105
603813.SH,True,True,38,115357414.89,74862441.51000002,False,False,False,False,True,20241105
300436.SZ,False,True,46,-29023097.900000006,-204960101.53,False,False,True,True,True,20241105
603815.SH,True,True,29,-106007466.76000005,-246023336.60999995,False,False,True,True,True,20241105
300437.SZ,False,True,46,107590220.2,173489195.23,False,False,False,False,True,20241105
603816.SH,True,True,41,2582746056.9000006,2954453288.6399994,False,False,False,False,True,20241105
300438.SZ,False,True,46,-476042242.60999995,941908961.8100001,False,False,False,True,True,20241105
603817.SH,True,True,40,-139718257.39999998,212691792.04999998,False,False,False,True,True,20241105
300439.SZ,False,True,46,368795747.39,716841207.04,False,False,False,False,True,20241105
603818.SH,True,True,46,629510211.2900002,648222084.7299999,False,False,False,False,True,20241105
300440.SZ,False,True,46,129249177.22999997,157037247.38,False,False,False,False,True,20241105
603819.SH,True,True,41,119029770.62,161923090.13,False,False,False,False,True,20241105
300441.SZ,False,True,46,-38290698.79999998,312306649.45000005,False,False,False,True,True,20241105
603822.SH,True,True,43,29682537.01999998,452392391.07,False,False,False,False,True,20241105
300442.SZ,False,True,46,569893306.8,2293285608.25,False,False,False,False,True,20241105
603823.SH,True,True,41,377533304.03,320241696.92,False,False,False,False,True,20241105
300443.SZ,False,True,45,465545515.35,96434699.93000002,False,False,False,False,True,20241105
603825.SH,True,True,40,-164662837.45,1167787591.6,False,False,False,True,True,20241105
300444.SZ,False,True,51,-291238337.58,136006978.95999998,False,False,False,True,True,20241105
603826.SH,True,True,39,-69444.63999999315,-6154777.729999997,False,False,True,True,True,20241105
300445.SZ,False,True,52,183399860.35999998,96417185.49000001,False,False,False,False,True,20241105
603828.SH,True,True,46,466614633.87,78492852.44,False,False,False,False,True,20241105
300446.SZ,False,True,46,954656418.44,526352153.03000003,False,False,False,False,True,20241105
603829.SH,True,True,36,164016116.85,112406263.99,False,False,False,False,True,20241105
300447.SZ,False,True,45,84211504.86,112610992.18,False,False,False,False,True,20241105
603833.SH,True,True,41,3820371005.5399995,4204399332.49,False,False,False,False,True,20241105
300448.SZ,False,True,46,128550480.45,24400052.74000001,False,False,False,False,True,20241105
603836.SH,True,True,22,-216781227.17,381271059.13000005,False,False,False,True,True,20241105
300449.SZ,False,True,46,-95480642.02,-13957519.15,False,False,True,True,True,20241105
603838.SH,True,True,45,-25595233.820000004,-4459048.67,False,False,True,True,True,20241105
300450.SZ,False,True,46,-1987085001.2299995,106363058.83999988,False,False,False,True,True,20241105
603839.SH,True,True,42,-26170892.21000001,281452999.24,False,False,False,True,True,20241105
300451.SZ,False,True,46,130130645.99000001,149488612.93,False,False,False,False,True,20241105
603843.SH,True,True,42,,-23994639.239999965,False,False,True,False,False,20241105
300452.SZ,False,True,45,109772283.95,122938314.13999999,False,False,False,False,True,20241105
603848.SH,True,True,36,270665306.22,405783153.36,False,False,False,False,True,20241105
300453.SZ,False,True,45,453769046.62,482164825.56000006,False,False,False,False,True,20241105
603855.SH,True,True,39,562042519.25,574746796.69,False,False,False,False,True,20241105
300454.SZ,False,True,34,307163642.56999993,1087505286.99,False,False,False,False,True,20241105
603856.SH,True,True,37,23642913.430000007,335221669.82,False,False,False,False,True,20241105
300455.SZ,False,True,45,118320498.84,46695825.07999998,False,False,False,False,True,20241105
603858.SH,True,True,41,917659842.8199999,65630043.900000095,False,False,False,False,True,20241105
300456.SZ,False,True,45,383134335.65999997,-177486154.85000002,False,False,True,False,True,20241105
603859.SH,True,True,41,442823943.12,278222045.01,False,False,False,False,True,20241105
300457.SZ,False,True,45,-71815059.44000006,1191437986.24,False,False,False,True,True,20241105
603860.SH,True,True,41,38021748.900000006,49805652.56999999,False,False,False,False,True,20241105
300458.SZ,False,True,45,99255218.39000002,315820621.65,False,False,False,False,True,20241105
603861.SH,True,True,46,-91473218.85999998,464402489.2099999,False,False,False,True,True,20241105
300459.SZ,False,True,45,309881906.2999999,556297295.0999999,False,False,False,False,True,20241105
603863.SH,True,True,38,-16264891.189999998,-37332105.59,False,False,True,True,True,20241105
300460.SZ,False,True,44,,-56165181.199999996,False,False,True,False,False,20241105
603866.SH,True,True,44,839856631.47,894925330.8600001,False,False,False,False,True,20241105
300461.SZ,False,True,46,-52908603.94000001,-68838569.46000001,False,False,True,True,True,20241105
603867.SH,True,True,32,194842253.43,290071730.1400001,False,False,False,False,True,20241105
300462.SZ,False,True,45,36731057.86,79590318.85,False,False,False,False,True,20241105
603868.SH,True,True,43,397432377.00000024,1392325071.6399999,False,False,False,False,True,20241105
300463.SZ,False,True,46,777389374.9600002,856195391.4099998,False,False,False,False,True,20241105
603869.SH,True,True,46,-177649177.25,296670649.37,False,False,False,True,True,20241105
300464.SZ,False,True,46,24257953.980000004,101412590.43,False,False,False,False,True,20241105
603871.SH,True,True,37,794137004.2199998,1694846422.8899999,False,False,False,False,True,20241105
300465.SZ,False,True,46,132493693.72999999,-41948896.349999994,False,False,True,False,True,20241105
603876.SH,True,True,34,583409967.59,986726519.01,False,False,False,False,True,20241105
300466.SZ,False,True,45,220357.29999999702,-120983054.85000001,False,False,True,False,True,20241105
603877.SH,True,True,42,911245119.75,846622438.18,False,False,False,False,True,20241105
300467.SZ,False,True,46,-6035444.690000005,108014866.47,False,False,False,True,True,20241105
603878.SH,True,True,40,516608657.51,47679888.519999996,False,False,False,False,True,20241105
300468.SZ,False,True,45,45031567.43,200266607.77999997,False,False,False,False,True,20241105
603879.SH,True,True,39,-74408962.66,-40847856.69,False,False,True,True,True,20241105
300469.SZ,False,True,45,-38089311.69,-50016230.59,False,False,True,True,True,20241105
603880.SH,True,True,38,134213324.80000001,-93285572.42,False,False,True,False,True,20241105
300470.SZ,False,True,46,308103950.66,291143014.28999996,False,False,False,False,True,20241105
603881.SH,True,True,42,1119263748.9299998,1106777639.34,False,False,False,False,True,20241105
300471.SZ,False,True,46,47037017.760000005,160813262.91,False,False,False,False,True,20241105
603882.SH,True,True,38,1034924652.74,1125580565.0700002,False,False,False,False,True,20241105
300472.SZ,False,True,45,,-110140869.00999999,False,False,True,False,False,20241105
603883.SH,True,True,46,2556330212.0,1840712020.0,False,False,False,False,True,20241105
300473.SZ,False,True,45,543207463.79,388476859.4,False,False,False,False,True,20241105
603885.SH,True,True,45,5830552003.55,5734182067.63,False,False,False,False,True,20241105
300474.SZ,False,True,43,142638348.75,87190254.08999997,False,False,False,False,True,20241105
603886.SH,True,True,41,354868703.58000004,469694695.7099999,False,False,False,False,True,20241105
300475.SZ,False,True,46,382141316.2,-116399420.67999995,False,False,True,False,True,20241105
603887.SH,True,True,42,978635672.5400001,344583959.21999997,False,False,False,False,True,20241105
300476.SZ,False,True,45,1796054576.5400002,1600044961.74,False,False,False,False,True,20241105
603888.SH,True,True,41,461468943.68999994,324756537.7199999,False,False,False,False,True,20241105
300477.SZ,False,True,52,-1381975267.57,-735951295.3499999,False,False,True,True,True,20241105
603889.SH,True,True,47,729423627.8,203347559.20999998,False,False,False,False,True,20241105
300478.SZ,False,True,45,13316089.970000003,-49539988.06000002,False,False,True,False,True,20241105
603890.SH,True,True,36,374092584.19,557405916.82,False,False,False,False,True,20241105
300479.SZ,False,True,46,24549579.16000001,-24445311.35000001,False,False,True,False,True,20241105
603893.SH,True,True,31,1134941871.39,223596079.54999995,False,False,False,False,True,20241105
300480.SZ,False,True,45,-18122463.860000007,21426522.52,False,False,False,True,True,20241105
603895.SH,True,True,36,51257506.78,-187012140.57999998,False,False,True,False,True,20241105
300481.SZ,False,True,46,350946003.66,354757556.91999996,False,False,False,False,True,20241105
603896.SH,True,True,39,263206985.46,316329944.14,False,False,False,False,True,20241105
300482.SZ,False,True,45,538266272.61,568963035.8999999,False,False,False,False,True,20241105
603897.SH,True,True,34,-166141842.79000002,-524998429.15,False,False,True,True,True,20241105
300483.SZ,False,True,49,355084270.13999987,508578363.97,False,False,False,False,True,20241105
603898.SH,True,True,46,161427637.34999996,395702887.69000006,False,False,False,False,True,20241105
300484.SZ,False,True,43,-13856511.100000009,122871746.02,False,False,False,True,True,20241105
603899.SH,True,True,46,2690183893.3100004,1763184659.9599998,False,False,False,False,True,20241105
300485.SZ,False,True,45,90666344.42000002,56295538.57000001,False,False,False,False,True,20241105
603900.SH,True,True,41,-208389448.63,22740297.47,False,False,False,True,True,20241105
300486.SZ,False,True,46,-106838468.88,-3136176.3899999857,False,False,True,True,True,20241105
603901.SH,True,True,46,232347289.7,134622047.91000003,False,False,False,False,True,20241105
300487.SZ,False,True,45,683670333.9,674914459.4100001,False,False,False,False,True,20241105
603903.SH,True,True,39,159605963.99,-21311181.6,False,False,True,False,True,20241105
300488.SZ,False,True,45,186679446.79999995,141175817.44,False,False,False,False,True,20241105
603906.SH,True,True,39,1457987895.07,-1553601750.3899999,False,False,True,False,True,20241105
300489.SZ,False,True,46,-48914500.51,19051747.52,False,False,False,True,True,20241105
603908.SH,True,True,41,197532509.74,206004526.60999998,False,False,False,False,True,20241105
300490.SZ,False,True,45,-25142212.699999988,36946132.05000007,False,False,False,True,True,20241105
603909.SH,True,True,42,408608257.19,365960468.65,False,False,False,False,True,20241105
300491.SZ,False,True,44,54397333.53,-33983895.75,False,False,True,False,True,20241105
603912.SH,True,True,37,-21828390.129999995,10834409.600000009,False,False,False,True,True,20241105
300492.SZ,False,True,45,1096531779.11,-8612856.100000001,False,False,True,False,True,20241105
300493.SZ,False,True,44,70320103.40000002,146072372.46999997,False,False,False,False,True,20241105
300494.SZ,False,True,45,-74148681.16999999,326894277.25,False,False,False,True,True,20241105
300496.SZ,False,True,45,674523682.73,896297643.77,False,False,False,False,True,20241105
300497.SZ,False,True,45,102163662.86,-141322716.20999998,False,False,True,False,True,20241105
300498.SZ,False,True,60,14743056144.91,10499012041.54,False,False,False,False,True,20241105
300499.SZ,False,True,44,-6980935.859999999,-8687534.339999996,False,False,True,True,True,20241105
300500.SZ,False,True,43,218955105.57999998,193734316.02,False,False,False,False,True,20241105
300501.SZ,False,True,43,228241827.44,86815634.16,False,False,False,False,True,20241105
300502.SZ,False,True,43,653469125.18,1299127025.08,False,False,False,False,True,20241105
300503.SZ,False,True,45,82882399.98,200014854.57999998,False,False,False,False,True,20241105
300504.SZ,False,True,38,158745749.3,180762332.52999997,False,False,False,False,True,20241105
300505.SZ,False,True,46,71665488.19,250193319.04,False,False,False,False,True,20241105
300506.SZ,False,True,43,-15918023.510000002,48916900.7,False,False,False,True,True,20241105
300507.SZ,False,True,45,101936813.66999999,35339550.24000001,False,False,False,False,True,20241105
300508.SZ,False,True,43,75321160.87,99147223.25999999,False,False,False,False,True,20241105
300509.SZ,False,True,43,220797530.87,-35778173.03,False,False,True,False,True,20241105
300510.SZ,False,True,43,408893868.61,-449898767.84999996,False,False,True,False,True,20241105
300511.SZ,False,True,43,376589724.89,406518624.15,False,False,False,False,True,20241105
300512.SZ,False,True,43,47080883.12,-7111253.120000005,False,False,True,False,True,20241105
300513.SZ,False,True,42,149068873.21999997,14680822.840000033,False,False,False,False,True,20241105
300514.SZ,False,True,40,365269282.46,254976470.38,False,False,False,False,True,20241105
300515.SZ,False,True,43,141682251.8,124412366.02,False,False,False,False,True,20241105
300516.SZ,False,True,43,109453938.05000001,224438934.17000002,False,False,False,False,True,20241105
300517.SZ,False,True,43,92965796.74999999,-41940341.61,False,False,True,False,True,20241105
300518.SZ,False,True,43,-110230795.59,35641921.74000001,False,False,False,True,True,20241105
300519.SZ,False,True,43,46924531.99000001,74657622.72,False,False,False,False,True,20241105
300520.SZ,False,True,43,-388367102.16,-354336223.65,False,False,True,True,True,20241105
300521.SZ,False,True,43,-7552557.77,-5613177.579999998,False,False,True,True,True,20241105
300522.SZ,False,True,43,93520977.91000001,97262129.86,False,False,False,False,True,20241105
300523.SZ,False,True,41,-53198579.99000001,-462199050.36999995,False,False,True,True,True,20241105
300525.SZ,False,True,42,339764221.60999995,122914679.64000002,False,False,False,False,True,20241105
300527.SZ,False,True,42,174417.82000005245,152745430.14999998,False,False,False,False,True,20241105
300528.SZ,False,True,43,168928129.64000005,296121605.31,False,False,False,False,True,20241105
300529.SZ,False,True,43,1198306246.29,948756680.06,False,False,False,False,True,20241105
300530.SZ,False,True,42,-30923742.299999997,-67826669.53000003,False,False,True,True,True,20241105
300531.SZ,False,True,42,162278455.23000002,215339692.43,False,False,False,False,True,20241105
300532.SZ,False,True,45,192759319.74000007,506447567.80999994,False,False,False,False,True,20241105
300533.SZ,False,True,43,-8592366.479999997,75456672.53000003,False,False,False,True,True,20241105
300534.SZ,False,True,41,223126138.51,39964545.47,False,False,False,False,True,20241105
300535.SZ,False,True,43,45142746.21,40515579.68,False,False,False,False,True,20241105
300536.SZ,False,True,42,-41909459.39,5901589.020000011,False,False,False,True,True,20241105
300537.SZ,False,True,42,-16442467.510000002,12724152.660000004,False,False,False,True,True,20241105
300538.SZ,False,True,41,166680115.09000003,71899276.63000001,False,False,False,False,True,20241105
300539.SZ,False,True,42,102258702.35,76768877.43,False,False,False,False,True,20241105
300540.SZ,False,True,41,-24857965.809999995,-54321061.32,False,False,True,True,True,20241105
300541.SZ,False,True,41,143877194.23,188351960.5,False,False,False,False,True,20241105
300542.SZ,False,True,42,77954100.48000002,41957394.379999965,False,False,False,False,True,20241105
300543.SZ,False,True,42,201476530.33,170382244.93,False,False,False,False,True,20241105
300545.SZ,False,True,41,220572072.86999995,258325183.53000003,False,False,False,False,True,20241105
300546.SZ,False,True,43,-28053868.21000001,161896310.35000002,False,False,False,True,True,20241105
300547.SZ,False,True,42,176446216.38,87190326.71,False,False,False,False,True,20241105
300548.SZ,False,True,42,252078300.96000004,-22036509.760000005,False,False,True,False,True,20241105
300549.SZ,False,True,41,84148835.3,26018737.020000003,False,False,False,False,True,20241105
300550.SZ,False,True,41,63877880.07000001,-37631567.609999985,False,False,True,False,True,20241105
300551.SZ,False,True,41,47971014.099999994,-33851010.08,False,False,True,False,True,20241105
300552.SZ,False,True,42,-221388351.12999997,-102246386.57999998,False,False,True,True,True,20241105
300553.SZ,False,True,41,-3916696.51,59086393.339999996,False,False,False,True,True,20241105
300554.SZ,False,True,40,44424018.63,-129109701.00000001,False,False,True,False,True,20241105
300555.SZ,False,True,41,-9076050.330000002,-21398083.78,False,False,True,True,True,20241105
300556.SZ,False,True,41,-101950618.51,5683448.460000008,False,False,False,True,True,20241105
300557.SZ,False,True,41,41062794.809999995,50952706.6,False,False,False,False,True,20241105
300558.SZ,False,True,41,1185580616.75,657047352.0799999,False,False,False,False,True,20241105
300559.SZ,False,True,41,99055236.16,166085820.60000002,False,False,False,False,True,20241105
300560.SZ,False,True,41,176818672.66,125705974.13,False,False,False,False,True,20241105
300561.SZ,False,True,41,54525445.650000006,33272510.46,False,False,False,False,True,20241105
300562.SZ,False,True,42,101273014.77999997,123973164.34,False,False,False,False,True,20241105
300563.SZ,False,True,42,93185208.80000001,11466741.719999999,False,False,False,False,True,20241105
300564.SZ,False,True,32,116906237.47,42805102.0,False,False,False,False,True,20241105
300565.SZ,False,True,42,-117063005.01,-46161358.5,False,False,True,True,True,20241105
300566.SZ,False,True,42,444006096.85,-56587624.79,False,False,True,False,True,20241105
300567.SZ,False,True,56,283628514.59,-406065413.07,False,False,True,False,True,20241105
300568.SZ,False,True,40,554876633.6,1269245934.77,False,False,False,False,True,20241105
300569.SZ,False,True,41,14814603.689999938,-31691407.129999936,False,False,True,False,True,20241105
300570.SZ,False,True,40,92792418.45,113213591.88999999,False,False,False,False,True,20241105
300571.SZ,False,True,42,219002310.8,360731531.97,False,False,False,False,True,20241105
300572.SZ,False,True,41,68589504.19,5066067.4499999955,False,False,False,False,True,20241105
300573.SZ,False,True,41,447297371.70000005,253718963.32000002,False,False,False,False,True,20241105
300575.SZ,False,True,45,224618795.32999998,376095948.84999996,False,False,False,False,True,20241105
300576.SZ,False,True,42,53272490.57000001,81176923.54,False,False,False,False,True,20241105
300577.SZ,False,True,40,126585654.80999994,541223258.49,False,False,False,False,True,20241105
300578.SZ,False,True,41,47101372.61,91610319.25,False,False,False,False,True,20241105
300579.SZ,False,True,42,59679253.29000001,-24670741.79000002,False,False,True,False,True,20241105
300580.SZ,False,True,42,505123819.4499999,375976907.47,False,False,False,False,True,20241105
300581.SZ,False,True,42,-40105224.82999998,7802586.899999991,False,False,False,True,True,20241105
300582.SZ,False,True,42,204814704.27,41093585.67999995,False,False,False,False,True,20241105
300583.SZ,False,True,39,150028891.57999998,-150776806.30999997,False,False,True,False,True,20241105
300584.SZ,False,True,40,48403065.99,67262254.27000001,False,False,False,False,True,20241105
300585.SZ,False,True,40,14603317.96,-23085668.779999997,False,False,True,False,True,20241105
300586.SZ,False,True,41,262818861.07999998,423474452.16999996,False,False,False,False,True,20241105
300587.SZ,False,True,42,-168984617.30000007,-833833055.8,False,False,True,True,True,20241105
300588.SZ,False,True,39,1004605.0899999961,16165893.700000001,False,False,False,False,True,20241105
300589.SZ,False,True,39,-418746911.42999995,439697777.21,False,False,False,True,True,20241105
300590.SZ,False,True,41,304866379.88,387161767.71,False,False,False,False,True,20241105
300591.SZ,False,True,39,-32563979.54,-658358.2300000191,False,False,True,True,True,20241105
300592.SZ,False,True,40,-405866828.42,544100614.73,False,False,False,True,True,20241105
300593.SZ,False,True,45,215161949.03,-218419983.17,False,False,True,False,True,20241105
300594.SZ,False,True,34,-242904836.48,-64182428.870000005,False,False,True,True,True,20241105
300595.SZ,False,True,40,695054917.3200002,713454375.3299999,False,False,False,False,True,20241105
300596.SZ,False,True,41,348077843.65999997,291775428.89000005,False,False,False,False,True,20241105
300597.SZ,False,True,42,-108848210.04,-35789229.769999996,False,False,True,True,True,20241105
300598.SZ,False,True,42,-24804474.52000001,-14003556.530000001,False,False,True,True,True,20241105
300599.SZ,False,True,40,46210239.94000001,231815362.77000004,False,False,False,False,True,20241105
300600.SZ,False,True,42,4742529.469999999,63601842.010000005,False,False,False,False,True,20241105
300601.SZ,False,True,40,643535661.2500001,910639357.37,False,False,False,False,True,20241105
300602.SZ,False,True,40,329702237.77000004,24603544.069999993,False,False,False,False,True,20241105
300603.SZ,False,True,40,71838769.06,22265613.48999998,False,False,False,False,True,20241105
300604.SZ,False,True,40,393610314.31,-600405459.0500001,False,False,True,False,True,20241105
300605.SZ,False,True,40,-30945300.580000013,-59858763.019999996,False,False,True,True,True,20241105
300606.SZ,False,True,42,99133544.72999999,91371217.94,False,False,False,False,True,20241105
300607.SZ,False,True,42,154853245.50000003,81036454.57,False,False,False,False,True,20241105
300608.SZ,False,True,40,-18218741.68,15498274.379999995,False,False,False,True,True,20241105
300609.SZ,False,True,41,10706161.839999998,56387426.69,False,False,False,False,True,20241105
300610.SZ,False,True,40,140710747.07000002,71743013.71,False,False,False,False,True,20241105
300611.SZ,False,True,41,129982716.40000002,99739171.96,False,False,False,False,True,20241105
300612.SZ,False,True,39,12468019.610000003,832484.3299999991,False,False,False,False,True,20241105
300613.SZ,False,True,39,454351768.61,639594282.8199999,False,False,False,False,True,20241105
300614.SZ,False,True,33,57535055.45000001,139840633.03,False,False,False,False,True,20241105
300615.SZ,False,True,42,-2344969.9900000095,157908158.34,False,False,False,True,True,20241105
300616.SZ,False,True,39,447161821.83000004,412126484.51,False,False,False,False,True,20241105
300617.SZ,False,True,39,121479006.31,41951232.68,False,False,False,False,True,20241105
300618.SZ,False,True,39,-57677684.03000003,975941597.5300001,False,False,False,True,True,20241105
300619.SZ,False,True,41,-116404608.38999999,-124750048.84000003,False,False,True,True,True,20241105
300620.SZ,False,True,40,190888760.7,87162195.14999999,False,False,False,False,True,20241105
300621.SZ,False,True,40,109921059.60000002,-231989607.07000017,False,False,True,False,True,20241105
300622.SZ,False,True,40,256154447.69,305155157.68000007,False,False,False,False,True,20241105
300623.SZ,False,True,41,749482809.0699998,921639905.97,False,False,False,False,True,20241105
300624.SZ,False,True,38,115921361.53,182826763.8,False,False,False,False,True,20241105
300625.SZ,False,True,40,112170257.53,387851687.89000005,False,False,False,False,True,20241105
300626.SZ,False,True,40,26455408.470000006,77010687.26999998,False,False,False,False,True,20241105
300627.SZ,False,True,40,444057122.65,487483486.41,False,False,False,False,True,20241105
300628.SZ,False,True,40,2572604724.3300004,1721217638.2100003,False,False,False,False,True,20241105
300629.SZ,False,True,52,-30202912.91000001,-109410542.49,False,False,True,True,True,20241105
300631.SZ,False,True,40,145654548.07,-64150311.18999999,False,False,True,False,True,20241105
300632.SZ,False,True,43,74278618.95,71817599.0,False,False,False,False,True,20241105
300633.SZ,False,True,40,280222382.82,477564865.18999994,False,False,False,False,True,20241105
300634.SZ,False,True,36,74322020.66999999,263438770.16,False,False,False,False,True,20241105
300635.SZ,False,True,40,-64610500.38,24698691.790000003,False,False,False,True,True,20241105
300636.SZ,False,True,40,220183219.42000002,160344721.08,False,False,False,False,True,20241105
300637.SZ,False,True,40,-7665517.359999999,46339318.06,False,False,False,True,True,20241105
300638.SZ,False,True,39,449464224.46,639674329.8300002,False,False,False,False,True,20241105
300639.SZ,False,True,39,173835265.17999998,792261540.1999998,False,False,False,False,True,20241105
300640.SZ,False,True,38,-39446633.449999996,135856165.13,False,False,False,True,True,20241105
300641.SZ,False,True,40,483305593.55999994,98460520.15,False,False,False,False,True,20241105
300642.SZ,False,True,40,123342245.76999998,148464253.03000003,False,False,False,False,True,20241105
300643.SZ,False,True,40,235546911.37999997,103595858.76,False,False,False,False,True,20241105
300644.SZ,False,True,34,169234024.04,-23857512.779999997,False,False,True,False,True,20241105
300645.SZ,False,True,39,58395208.83000001,259194486.77999997,False,False,False,False,True,20241105
300647.SZ,False,True,39,-71006437.52,-110768776.94,False,False,True,True,True,20241105
300648.SZ,False,True,40,209319704.15,-202337998.27999997,False,False,True,False,True,20241105
300649.SZ,False,True,40,24616278.699999996,-18770999.209999993,False,False,True,False,True,20241105
300650.SZ,False,True,40,556891327.87,275032954.21999997,False,False,False,False,True,20241105
300651.SZ,False,True,40,60178426.93000001,160878528.07,False,False,False,False,True,20241105
300652.SZ,False,True,40,69748617.17999999,122563551.18,False,False,False,False,True,20241105
300653.SZ,False,True,40,175232982.12,166095606.05999997,False,False,False,False,True,20241105
300654.SZ,False,True,39,50560782.169999994,26688220.720000006,False,False,False,False,True,20241105
300655.SZ,False,True,39,250390245.81,203582359.62,False,False,False,False,True,20241105
300656.SZ,False,True,38,81605933.83,94812624.72999999,False,False,False,False,True,20241105
300657.SZ,False,True,41,63924053.32000002,-7479610.589999974,False,False,True,False,True,20241105
300658.SZ,False,True,40,141492725.36,265252768.89999998,False,False,False,False,True,20241105
300659.SZ,False,True,39,-10108444.530000001,-175192397.01,False,False,True,True,True,20241105
300660.SZ,False,True,40,555734468.1899999,519025249.1900001,False,False,False,False,True,20241105
300661.SZ,False,True,39,647109664.5,-49334284.98000002,False,False,True,False,True,20241105
300662.SZ,False,True,40,108783629.66000001,358396894.25,False,False,False,False,True,20241105
300663.SZ,False,True,40,151307168.06000003,-83438751.95000005,False,False,True,False,True,20241105
300664.SZ,False,True,44,65804196.95,332649681.25,False,False,False,False,True,20241105
300665.SZ,False,True,40,43346515.17,-77336691.39000002,False,False,True,False,True,20241105
300666.SZ,False,True,40,-114567115.30000001,290038885.04,False,False,False,True,True,20241105
300667.SZ,False,True,40,69501846.56,110977011.26,False,False,False,False,True,20241105
300668.SZ,False,True,38,-18400199.12,803002.2899999991,False,False,False,True,True,20241105
300669.SZ,False,True,38,89555940.0,95524895.27000001,False,False,False,False,True,20241105
300670.SZ,False,True,40,-6599860.239999995,50155851.169999994,False,False,False,True,True,20241105
300671.SZ,False,True,38,127033192.95,65302922.97,False,False,False,False,True,20241105
300672.SZ,False,True,38,762820569.2199999,64148834.07000005,False,False,False,False,True,20241105
300673.SZ,False,True,41,299085655.86,264247730.93,False,False,False,False,True,20241105
300674.SZ,False,True,35,1369682704.0300002,-33295513.22000003,False,False,True,False,True,20241105
300675.SZ,False,True,39,10404276.660000004,-4252343.589999996,False,False,True,False,True,20241105
300676.SZ,False,True,40,83830121.88,511266840.40999997,False,False,False,False,True,20241105
300677.SZ,False,True,37,775523136.0,-3282293.0,False,False,True,False,True,20241105
300678.SZ,False,True,41,50167383.35,112847727.24,False,False,False,False,True,20241105
300679.SZ,False,True,37,476548678.8400001,528109316.32000005,False,False,False,False,True,20241105
300680.SZ,False,True,40,144726294.92,5225076.9200000055,False,False,False,False,True,20241105
300681.SZ,False,True,38,529307066.41,210117329.62999994,False,False,False,False,True,20241105
300682.SZ,False,True,41,810103938.0500001,512345914.87,False,False,False,False,True,20241105
300683.SZ,False,True,37,76835201.69,3666718.1300000073,False,False,False,False,True,20241105
300684.SZ,False,True,38,94936330.85,404793955.4,False,False,False,False,True,20241105
300685.SZ,False,True,39,323748467.51000005,218563217.75,False,False,False,False,True,20241105
300686.SZ,False,True,41,63474286.870000005,-102806339.39000002,False,False,True,False,True,20241105
300687.SZ,False,True,38,8548977.199999992,155737291.7,False,False,False,False,True,20241105
300688.SZ,False,True,38,14899055.100000009,-30594283.21,False,False,True,False,True,20241105
300689.SZ,False,True,37,36738893.609999985,85408474.15,False,False,False,False,True,20241105
300690.SZ,False,True,39,95115575.37,213906905.11,False,False,False,False,True,20241105
300691.SZ,False,True,36,-129796281.88999999,258341612.17999998,False,False,False,True,True,20241105
300692.SZ,False,True,37,77565063.32,107459917.63000001,False,False,False,False,True,20241105
300693.SZ,False,True,40,155528356.62,364889760.46999997,False,False,False,False,True,20241105
300694.SZ,False,True,32,282179593.15000004,193599067.07,False,False,False,False,True,20241105
300695.SZ,False,True,39,136773041.03000003,153147390.88,False,False,False,False,True,20241105
300696.SZ,False,True,37,150130514.76000005,392361641.74,False,False,False,False,True,20241105
300697.SZ,False,True,36,-3420565.5099999905,261140591.73,False,False,False,True,True,20241105
300698.SZ,False,True,38,-45860652.11,-25338328.079999994,False,False,True,True,True,20241105
300699.SZ,False,True,38,405380824.96,518412155.65999997,False,False,False,False,True,20241105
300700.SZ,False,True,38,251289748.0,6123391.890000002,False,False,False,False,True,20241105
300701.SZ,False,True,38,78691467.49000001,51358150.739999995,False,False,False,False,True,20241105
300702.SZ,False,True,37,425141388.35,-231937426.46,False,False,True,False,True,20241105
300703.SZ,False,True,38,83311384.8,155621906.65,False,False,False,False,True,20241105
300705.SZ,False,True,40,645972049.0,489670519.73,False,False,False,False,True,20241105
300706.SZ,False,True,36,78558851.97,-85522330.36000001,False,False,True,False,True,20241105
300707.SZ,False,True,37,121738839.97999999,72585778.34,False,False,False,False,True,20241105
300708.SZ,False,True,38,388352065.02000004,194826378.34000003,False,False,False,False,True,20241105
300709.SZ,False,True,35,,422905125.23,False,False,False,False,False,20241105
300710.SZ,False,True,38,47015832.75000001,-29985960.590000004,False,False,True,False,True,20241105
300711.SZ,False,True,37,51958367.44,70552825.25,False,False,False,False,True,20241105
300712.SZ,False,True,36,-284915955.8500001,-234839965.2,False,False,True,True,True,20241105
300713.SZ,False,True,36,11614742.55,-12043455.180000003,False,False,True,False,True,20241105
300715.SZ,False,True,40,-47425659.05000001,178806130.59,False,False,False,True,True,20241105
300716.SZ,False,True,37,-29708139.019999996,133406854.23999996,False,False,False,True,True,20241105
300717.SZ,False,True,36,60754327.64,57304952.650000006,False,False,False,False,True,20241105
300718.SZ,False,True,37,259718348.48999998,276352734.11999995,False,False,False,False,True,20241105
300719.SZ,False,True,37,-28371434.97,-44773132.519999996,False,False,True,True,True,20241105
300720.SZ,False,True,36,44648303.47,34675636.730000004,False,False,False,False,True,20241105
300721.SZ,False,True,41,144627276.97,42601068.95,False,False,False,False,True,20241105
300722.SZ,False,True,36,105191133.73,42976132.010000005,False,False,False,False,True,20241105
300723.SZ,False,True,36,-11756699.789999992,416102824.01,False,False,False,True,True,20241105
300724.SZ,False,True,38,2184862651.45,3839750107.0699997,False,False,False,False,True,20241105
300725.SZ,False,True,38,287147547.36,208745176.41,False,False,False,False,True,20241105
300726.SZ,False,True,37,898346449.2,459132618.33000004,False,False,False,False,True,20241105
300727.SZ,False,True,37,71060121.09,119040642.44,False,False,False,False,True,20241105
300729.SZ,False,True,40,806196066.6399999,732215167.61,False,False,False,False,True,20241105
300730.SZ,False,True,36,-67943504.12999997,-157583725.39000002,False,False,True,True,True,20241105
300731.SZ,False,True,37,24397177.6,85430170.91,False,False,False,False,True,20241105
300732.SZ,False,True,37,-66434270.73999995,-118517311.24000002,False,False,True,True,True,20241105
300733.SZ,False,True,36,143227217.06,8187856.18,False,False,False,False,True,20241105
300735.SZ,False,True,36,1352036450.26,624644368.8500001,False,False,False,False,True,20241105
300736.SZ,False,True,42,-1565393.92,14097988.190000001,False,False,False,True,True,20241105
300737.SZ,False,True,39,-463621134.5200001,96522710.20000005,False,False,False,True,True,20241105
300738.SZ,False,True,38,608676788.71,792134896.67,False,False,False,False,True,20241105
300739.SZ,False,True,35,170043360.79000002,385301466.84000003,False,False,False,False,True,20241105
300740.SZ,False,True,34,237109440.71,116619973.64999998,False,False,False,False,True,20241105
300741.SZ,False,True,34,538051071.0,704585777.0,False,False,False,False,True,20241105
300743.SZ,False,True,35,84153742.83,119464753.38999999,False,False,False,False,True,20241105
300745.SZ,False,True,33,-327148361.58,-12730487.01999998,False,False,True,True,True,20241105
300746.SZ,False,True,39,22644995.340000004,53455655.29,False,False,False,False,True,20241105
300747.SZ,False,True,33,369162043.33000004,521988793.63,False,False,False,False,True,20241105
300748.SZ,False,True,38,907832739.6599998,1540242197.6100001,False,False,False,False,True,20241105
300749.SZ,False,True,36,-120415988.30000001,322635026.53,False,False,False,True,True,20241105
300750.SZ,False,True,34,107616033200.0,87894587000.0,False,False,False,False,True,20241105
300751.SZ,False,True,32,144981313.32,713686935.8399999,False,False,False,False,True,20241105
300752.SZ,False,True,32,316240137.98,-64190008.56,False,False,True,False,True,20241105
300753.SZ,False,True,32,11499966.810000002,-9645013.620000005,False,False,True,False,True,20241105
300755.SZ,False,True,35,-499096278.8,-63318099.270000026,False,False,True,True,True,20241105
300756.SZ,False,True,36,209825019.33999997,10011179.379999995,False,False,False,False,True,20241105
300757.SZ,False,True,32,-363424798.54999995,114461843.08999999,False,False,False,True,True,20241105
300758.SZ,False,True,35,129862406.66,42567530.31000002,False,False,False,False,True,20241105
300759.SZ,False,True,32,2494638488.05,2777149361.51,False,False,False,False,True,20241105
300760.SZ,False,True,32,14364240638.0,13170298965.0,False,False,False,False,True,20241105
300761.SZ,False,True,35,2355181473.3399997,1431935876.04,False,False,False,False,True,20241105
300762.SZ,False,True,32,-273468743.83,-156176867.63,False,False,True,True,True,20241105
300763.SZ,False,True,35,1798695028.29,358889283.41999984,False,False,False,False,True,20241105
300765.SZ,False,True,32,-705280305.2600001,928092590.4200001,False,False,False,True,True,20241105
300766.SZ,False,True,32,-46752871.29,9594430.100000001,False,False,False,True,True,20241105
300767.SZ,False,True,35,208429295.58,-25610653.259999998,False,False,True,False,True,20241105
300768.SZ,False,True,31,308476541.62,141879941.25,False,False,False,False,True,20241105
300769.SZ,False,True,35,3202260693.7500005,1173003826.7499995,False,False,False,False,True,20241105
300770.SZ,False,True,32,949143503.34,651591145.75,False,False,False,False,True,20241105
300771.SZ,False,True,32,36685945.64999999,242958651.56,False,False,False,False,True,20241105
300772.SZ,False,True,32,684615055.6699998,3720724516.29,False,False,False,False,True,20241105
300773.SZ,False,True,33,982898001.7600001,-727472247.3700001,False,False,True,False,True,20241105
300774.SZ,False,True,29,219647123.72,48374409.42,False,False,False,False,True,20241105
300775.SZ,False,True,35,-570173938.77,300135645.91,False,False,False,True,True,20241105
300776.SZ,False,True,35,154204098.31000006,707188272.8199999,False,False,False,False,True,20241105
300777.SZ,False,True,34,262032158.69000006,793761531.06,False,False,False,False,True,20241105
300778.SZ,False,True,32,27765619.15,19939194.8,False,False,False,False,True,20241105
300779.SZ,False,True,32,63217829.25000003,209767246.26999998,False,False,False,False,True,20241105
300780.SZ,False,True,35,59065529.35999999,116788251.53999999,False,False,False,False,True,20241105
300781.SZ,False,True,34,63332794.24,35632770.93000001,False,False,False,False,True,20241105
300782.SZ,False,True,32,197530430.56999993,1615986684.2999997,False,False,False,False,True,20241105
300783.SZ,False,True,32,124656043.45000005,60971107.28,False,False,False,False,True,20241105
300785.SZ,False,True,31,40304607.779999994,117899604.58000001,False,False,False,False,True,20241105
300786.SZ,False,True,38,-107157952.21000001,85513185.86000001,False,False,False,True,True,20241105
300787.SZ,False,True,34,222180703.33,500430215.40999997,False,False,False,False,True,20241105
300788.SZ,False,True,34,144600528.48000002,213138536.8,False,False,False,False,True,20241105
300789.SZ,False,True,30,164323897.64,-26275517.230000004,False,False,True,False,True,20241105
300790.SZ,False,True,29,407667823.98000014,441277510.7499999,False,False,False,False,True,20241105
300791.SZ,False,True,33,376044868.16999996,392937345.5,False,False,False,False,True,20241105
300792.SZ,False,True,32,233637185.51999998,61208988.42,False,False,False,False,True,20241105
300793.SZ,False,True,29,299553948.39,240664475.66000003,False,False,False,False,True,20241105
300795.SZ,False,True,38,118521699.69,308392650.68,False,False,False,False,True,20241105
300796.SZ,False,True,33,-30431671.650000006,223134438.40000004,False,False,False,True,True,20241105
300797.SZ,False,True,29,103369362.21000001,40769659.34,False,False,False,False,True,20241105
300798.SZ,False,True,30,55892877.889999986,-209929961.17,False,False,True,False,True,20241105
300800.SZ,False,True,33,-33060903.750000007,66221278.2,False,False,False,True,True,20241105
300801.SZ,False,True,34,490547672.0100001,291506162.09999996,False,False,False,False,True,20241105
300802.SZ,False,True,29,125671008.0,62618101.17,False,False,False,False,True,20241105
300803.SZ,False,True,43,3453907990.0,1581229129.0,False,False,False,False,True,20241105
300805.SZ,False,True,28,130974594.30000001,6450716.99000001,False,False,False,False,True,20241105
300806.SZ,False,True,33,362495894.28999996,33723403.43000001,False,False,False,False,True,20241105
300807.SZ,False,True,40,-12541455.449999996,-33876502.54,False,False,True,True,True,20241105
300808.SZ,False,True,27,138680482.42999998,64436054.81000002,False,False,False,False,True,20241105
300809.SZ,False,True,29,92958738.10000001,56629560.650000006,False,False,False,False,True,20241105
300810.SZ,False,True,31,-35490670.999999985,-110087949.39999999,False,False,True,True,True,20241105
300811.SZ,False,True,30,301884324.11,84074423.91,False,False,False,False,True,20241105
300812.SZ,False,True,28,-95478400.95000002,-109840080.5,False,False,True,True,True,20241105
300813.SZ,False,True,36,-6272427.649999997,46846936.42,False,False,False,True,True,20241105
300814.SZ,False,True,22,104006130.72999999,81133206.13000001,False,False,False,False,True,20241105
300815.SZ,False,True,32,609111400.03,244792041.05999997,False,False,False,False,True,20241105
300816.SZ,False,True,29,136243015.71,-116874529.01000002,False,False,True,False,True,20241105
300817.SZ,False,True,32,73053917.68999998,119502265.26000004,False,False,False,False,True,20241105
300818.SZ,False,True,32,90231490.96000001,164247615.81,False,False,False,False,True,20241105
300819.SZ,False,True,29,16885111.670000017,102762095.98999998,False,False,False,False,True,20241105
300820.SZ,False,True,31,530575030.58000004,-102239662.39,False,False,True,False,True,20241105
300821.SZ,False,True,28,59384882.830000006,-368176597.79,False,False,True,False,True,20241105
300822.SZ,False,True,26,130369876.83000004,231533590.94,False,False,False,False,True,20241105
300823.SZ,False,True,35,83024232.25999999,82606997.30999999,False,False,False,False,True,20241105
300824.SZ,False,True,37,93756605.34,184221902.24,False,False,False,False,True,20241105
300825.SZ,False,True,34,178860433.88,61480718.2,False,False,False,False,True,20241105
300826.SZ,False,True,28,70813595.22,300337.0199999958,False,False,False,False,True,20241105
300827.SZ,False,True,32,113326588.86000001,-302408075.8899999,False,False,True,False,True,20241105
300828.SZ,False,True,40,127759975.14,150566245.26999998,False,False,False,False,True,20241105
300829.SZ,False,True,38,111190277.28999999,129943416.50000006,False,False,False,False,True,20241105
300830.SZ,False,True,33,50478608.0,-56762777.82000001,False,False,True,False,True,20241105
300831.SZ,False,True,28,-34738609.22,38557297.730000004,False,False,False,True,True,20241105
300832.SZ,False,True,35,1449311554.0600002,1221910369.32,False,False,False,False,True,20241105
300833.SZ,False,True,28,288615333.45,443958239.05999994,False,False,False,False,True,20241105
300834.SZ,False,True,21,-21015624.8,91313673.72000003,False,False,False,True,True,20241105
300835.SZ,False,True,38,154093660.04000002,-32313931.810000002,False,False,True,False,True,20241105
300836.SZ,False,True,32,107358405.25,8695178.329999998,False,False,False,False,True,20241105
300837.SZ,False,True,30,-22848906.599999998,-9004371.740000002,False,False,True,True,True,20241105
300838.SZ,False,True,37,-43726483.720000006,62588836.65,False,False,False,True,True,20241105
300839.SZ,False,True,37,464803040.63000005,123732865.71000001,False,False,False,False,True,20241105
300840.SZ,False,True,27,148692787.42000002,159616178.20999998,False,False,False,False,True,20241105
300841.SZ,False,True,28,561898652.5799999,440371326.02000004,False,False,False,False,True,20241105
300842.SZ,False,True,28,482073672.61,-1137019714.98,False,False,True,False,True,20241105
300843.SZ,False,True,28,157307720.07,152597130.64999998,False,False,False,False,True,20241105
300844.SZ,False,True,21,-15983054.810000002,-12754046.420000002,False,False,True,True,True,20241105
300845.SZ,False,True,39,115876878.05999999,8970136.280000001,False,False,False,False,True,20241105
300846.SZ,False,True,47,152670926.72999996,196217741.59,False,False,False,False,True,20241105
300847.SZ,False,True,31,183742084.23999995,154343599.43,False,False,False,False,True,20241105
300848.SZ,False,True,33,-166108701.89999998,178383709.57,False,False,False,True,True,20241105
300849.SZ,False,True,28,21748008.990000002,14281169.020000003,False,False,False,False,True,20241105
300850.SZ,False,True,26,696576985.8199999,-836444796.82,False,False,True,False,True,20241105
300851.SZ,False,True,31,21308871.21,-6076721.0,False,False,True,False,True,20241105
300852.SZ,False,True,26,271821622.21,302687726.99,False,False,False,False,True,20241105
300853.SZ,False,True,32,88208250.44999999,1513088.5700000226,False,False,False,False,True,20241105
300854.SZ,False,True,28,21005502.47,87361996.5,False,False,False,False,True,20241105
300855.SZ,False,True,32,328153860.25,163192108.79000002,False,False,False,False,True,20241105
300856.SZ,False,True,28,953210892.0300001,731415541.55,False,False,False,False,True,20241105
300857.SZ,False,True,26,-191781007.75,286346729.34,False,False,False,True,True,20241105
300858.SZ,False,True,28,133639182.89999999,128044646.60000002,False,False,False,False,True,20241105
300859.SZ,False,True,36,120237719.53999999,150248226.58,False,False,False,False,True,20241105
300860.SZ,False,True,31,-70731646.57000001,48557899.949999996,False,False,False,True,True,20241105
300861.SZ,False,True,28,1470306764.8,180810586.41999996,False,False,False,False,True,20241105
300862.SZ,False,True,25,26237506.42,21851092.24999997,False,False,False,False,True,20241105
300863.SZ,False,True,25,138195696.54,128320327.7,False,False,False,False,True,20241105
300864.SZ,False,True,25,217577760.29000002,122961872.32000001,False,False,False,False,True,20241105
300865.SZ,False,True,28,34997051.650000006,117052812.16999999,False,False,False,False,True,20241105
300866.SZ,False,True,31,2153793314.38,1971899556.79,False,False,False,False,True,20241105
300867.SZ,False,True,28,441935752.56000006,720474882.47,False,False,False,False,True,20241105
300868.SZ,False,True,30,108076939.96000001,-94353985.36,False,False,True,False,True,20241105
300869.SZ,False,True,35,38485411.68000001,214309349.12,False,False,False,False,True,20241105
300870.SZ,False,True,25,324752786.78999996,370902221.76,False,False,False,False,True,20241105
300871.SZ,False,True,25,42969776.51,80407410.02,False,False,False,False,True,20241105
300872.SZ,False,True,30,160420994.96999997,314110565.95000005,False,False,False,False,True,20241105
300873.SZ,False,True,25,569220544.26,252137891.52999997,False,False,False,False,True,20241105
300875.SZ,False,True,33,61557974.919999994,-85311587.29999998,False,False,True,False,True,20241105
300876.SZ,False,True,24,-5879388.83,41573808.04,False,False,False,True,True,20241105
300877.SZ,False,True,30,46672808.06,8093130.620000005,False,False,False,False,True,20241105
300878.SZ,False,True,28,-3922105.9700000025,219793913.58,False,False,False,True,True,20241105
300879.SZ,False,True,25,268305409.0,259130786.97,False,False,False,False,True,20241105
300880.SZ,False,True,25,283688923.61,226374503.17000002,False,False,False,False,True,20241105
300881.SZ,False,True,42,-369236897.74,-25274149.379999995,False,False,True,True,True,20241105
300882.SZ,False,True,25,293803442.8000001,454143542.08,False,False,False,False,True,20241105
300883.SZ,False,True,33,72379838.44,48939199.34,False,False,False,False,True,20241105
300884.SZ,False,True,25,9947164.320000008,214812929.78000003,False,False,False,False,True,20241105
300885.SZ,False,True,25,78815489.38,33133059.939999998,False,False,False,False,True,20241105
300886.SZ,False,True,25,6440543.590000004,47460227.589999996,False,False,False,False,True,20241105
300887.SZ,False,True,28,114745830.21000001,414722353.2799999,False,False,False,False,True,20241105
300888.SZ,False,True,28,1328612844.18,1997618536.0699997,False,False,False,False,True,20241105
300889.SZ,False,True,26,68724071.53,-104061484.88999999,False,False,True,False,True,20241105
300890.SZ,False,True,29,281864286.88,64771770.489999995,False,False,False,False,True,20241105
300891.SZ,False,True,30,-5150454.5599999875,141755038.59,False,False,False,True,True,20241105
300892.SZ,False,True,27,81721113.72,-62455844.04999998,False,False,True,False,True,20241105
300893.SZ,False,True,25,203887163.64999998,148114088.21,False,False,False,False,True,20241105
300894.SZ,False,True,27,-36300410.19999999,585893263.14,False,False,False,True,True,20241105
300895.SZ,False,True,36,13043049.509999998,41543751.61,False,False,False,False,True,20241105
300896.SZ,False,True,27,2023267050.3300002,1710314234.1299996,False,False,False,False,True,20241105
300897.SZ,False,True,27,28570698.46,38990807.28,False,False,False,False,True,20241105
300898.SZ,False,True,39,226816711.86000004,119921716.16999999,False,False,False,False,True,20241105
300899.SZ,False,True,31,35077926.29,14552076.549999997,False,False,False,False,True,20241105
300900.SZ,False,True,28,29520128.62999998,31433232.990000002,False,False,False,False,True,20241105
300901.SZ,False,True,25,28683484.22,-2403963.4100000113,False,False,True,False,True,20241105
300902.SZ,False,True,32,47815399.370000005,13154448.23,False,False,False,False,True,20241105
300903.SZ,False,True,24,-18010321.459999993,-75131333.61999999,False,False,True,True,True,20241105
300904.SZ,False,True,28,8142220.369999997,-52969632.73,False,False,True,False,True,20241105
300905.SZ,False,True,24,111527794.78000002,33463943.910000004,False,False,False,False,True,20241105
300906.SZ,False,True,31,67619632.13,38253921.9,False,False,False,False,True,20241105
300907.SZ,False,True,23,117532967.12000002,127404733.35,False,False,False,False,True,20241105
300908.SZ,False,True,29,232767668.76,221588717.45999998,False,False,False,False,True,20241105
300909.SZ,False,True,32,321594167.97,75203443.51,False,False,False,False,True,20241105
300910.SZ,False,True,24,481572801.9,644792795.92,False,False,False,False,True,20241105
300911.SZ,False,True,25,-34894204.49000001,245905794.68,False,False,False,True,True,20241105
300912.SZ,False,True,28,-9276225.43,15477050.459999979,False,False,False,True,True,20241105
300913.SZ,False,True,25,153461515.07,82194876.02000001,False,False,False,False,True,20241105
300915.SZ,False,True,27,132151889.80000001,111286169.12,False,False,False,False,True,20241105
300916.SZ,False,True,25,256957830.78,87770546.22999999,False,False,False,False,True,20241105
300917.SZ,False,True,24,146883681.45999998,137953615.39999998,False,False,False,False,True,20241105
300918.SZ,False,True,24,269005596.94,188218844.73999998,False,False,False,False,True,20241105
300919.SZ,False,True,23,5070021155.88,3043642689.5599995,False,False,False,False,True,20241105
300920.SZ,False,True,31,16376192.780000001,30563147.47,False,False,False,False,True,20241105
300921.SZ,False,True,24,20409517.75,64926421.28,False,False,False,False,True,20241105
300922.SZ,False,True,39,55568158.84000002,79979728.51999998,False,False,False,False,True,20241105
300923.SZ,False,True,24,-71781251.96000001,-55288513.67,False,False,True,True,True,20241105
300925.SZ,False,True,32,103171860.24,129646214.14,False,False,False,False,True,20241105
300926.SZ,False,True,25,-114222434.69000003,149321743.15,False,False,False,True,True,20241105
300927.SZ,False,True,23,40972526.269999996,89623239.24,False,False,False,False,True,20241105
300928.SZ,False,True,27,-179886.98999999464,52878501.98999999,False,False,False,True,True,20241105
300929.SZ,False,True,28,-3206076.6799999997,97566974.87,False,False,False,True,True,20241105
300930.SZ,False,True,24,-177906520.99999997,-9724602.680000007,False,False,True,True,True,20241105
300931.SZ,False,True,30,63225626.459999986,182579943.91000003,False,False,False,False,True,20241105
300932.SZ,False,True,24,192354555.74,163334399.92000002,False,False,False,False,True,20241105
300933.SZ,False,True,24,-70045869.65,-52557537.610000014,False,False,True,True,True,20241105
300935.SZ,False,True,33,-34997253.72,-33088393.760000005,False,False,True,True,True,20241105
300936.SZ,False,True,28,48764501.86,49951499.17,False,False,False,False,True,20241105
300937.SZ,False,True,24,51699963.89,-5164297.21999998,False,False,True,False,True,20241105
300938.SZ,False,True,32,211666485.9,208754796.82,False,False,False,False,True,20241105
300939.SZ,False,True,25,123772192.08,72875720.02000001,False,False,False,False,True,20241105
300940.SZ,False,True,24,-3103968.289999999,27362272.35,False,False,False,True,True,20241105
300941.SZ,False,True,38,39005135.45999999,38412863.36,False,False,False,False,True,20241105
300942.SZ,False,True,25,37170425.980000004,62355914.16999999,False,False,False,False,True,20241105
300943.SZ,False,True,42,104849536.98,21637112.61,False,False,False,False,True,20241105
300945.SZ,False,True,28,122647490.99,7472251.840000002,False,False,False,False,True,20241105
300946.SZ,False,True,23,49048676.54,37126191.33,False,False,False,False,True,20241105
300947.SZ,False,True,24,796281909.1099999,649709770.77,False,False,False,False,True,20241105
300948.SZ,False,True,30,-52976942.730000004,-70793043.06,False,False,True,True,True,20241105
300949.SZ,False,True,26,-46821435.72,-112065506.92,False,False,True,True,True,20241105
300950.SZ,False,True,30,49460634.38999999,51434293.81000002,False,False,False,False,True,20241105
300951.SZ,False,True,22,568639130.1899999,-9316220.689999998,False,False,True,False,True,20241105
300952.SZ,False,True,24,35902960.17999999,144463248.79999998,False,False,False,False,True,20241105
300953.SZ,False,True,29,-642528443.08,-959333435.8299999,False,False,True,True,True,20241105
300955.SZ,False,True,22,94299983.44999999,199778296.78,False,False,False,False,True,20241105
300956.SZ,False,True,22,304597839.48,135024156.56,False,False,False,False,True,20241105
300957.SZ,False,True,22,492403252.99,808002156.4200001,False,False,False,False,True,20241105
300958.SZ,False,True,28,-182516398.41,163244713.45999998,False,False,False,True,True,20241105
300959.SZ,False,True,22,-39956639.22,194668960.84,False,False,False,True,True,20241105
300960.SZ,False,True,31,114363765.27999999,23669164.370000005,False,False,False,False,True,20241105
300961.SZ,False,True,24,49897476.61,-4955581.280000001,False,False,True,False,True,20241105
300962.SZ,False,True,28,184637690.35,187007153.57000002,False,False,False,False,True,20241105
300963.SZ,False,True,28,17413039.150000002,-72831921.66,False,False,True,False,True,20241105
300964.SZ,False,True,27,54312894.29,86778796.77000001,False,False,False,False,True,20241105
300965.SZ,False,True,24,-16067630.580000013,-20697964.630000003,False,False,True,True,True,20241105
300966.SZ,False,True,22,152005675.89,-14796262.84,False,False,True,False,True,20241105
300967.SZ,False,True,40,165001086.79000002,69657142.44999999,False,False,False,False,True,20241105
300968.SZ,False,True,29,104098011.95999998,367180300.19000006,False,False,False,False,True,20241105
300969.SZ,False,True,22,218029018.98999998,238541523.67999998,False,False,False,False,True,20241105
300970.SZ,False,True,31,98525831.00999999,187543721.94,False,False,False,False,True,20241105
300971.SZ,False,True,32,48514104.5,-20852072.700000003,False,False,True,False,True,20241105
300972.SZ,False,True,35,2056486796.3300002,-65053187.11000001,False,False,True,False,True,20241105
300973.SZ,False,True,22,423829792.74000007,270875410.05,False,False,False,False,True,20241105
300975.SZ,False,True,28,-253819762.97000003,-150242877.57,False,False,True,True,True,20241105
300976.SZ,False,True,27,134926270.28,142774883.62,False,False,False,False,True,20241105
300977.SZ,False,True,24,3748186.9099999946,70098887.25,False,False,False,False,True,20241105
300978.SZ,False,True,24,252618000.16999996,313745282.38000005,False,False,False,False,True,20241105
300979.SZ,False,True,22,4714111972.57,3561302045.31,False,False,False,False,True,20241105
300980.SZ,False,True,31,11235233.360000003,77475710.74999999,False,False,False,False,True,20241105
300981.SZ,False,True,31,-29940668.519999996,46401758.629999995,False,False,False,True,True,20241105
300982.SZ,False,True,23,249264081.12,-80903644.84999996,False,False,True,False,True,20241105
300983.SZ,False,True,31,65826353.760000005,140848020.65,False,False,False,False,True,20241105
300984.SZ,False,True,22,27503507.779999986,175264517.67999998,False,False,False,False,True,20241105
300985.SZ,False,True,22,-139092814.70999998,-192416434.77,False,False,True,True,True,20241105
300986.SZ,False,True,29,-248315947.60999998,-279176153.28,False,False,True,True,True,20241105
300987.SZ,False,True,30,40703657.44,40419190.26,False,False,False,False,True,20241105
300988.SZ,False,True,43,64552849.71,59570303.21,False,False,False,False,True,20241105
300989.SZ,False,True,29,-86811202.21999998,-1083343.1299999952,False,False,True,True,True,20241105
300990.SZ,False,True,22,252622666.24,-83221740.27,False,False,True,False,True,20241105
300991.SZ,False,True,29,72413262.03,-33200884.479999997,False,False,True,False,True,20241105
300992.SZ,False,True,22,15373316.789999992,184183779.6,False,False,False,False,True,20241105
300993.SZ,False,True,22,242433658.79000002,175339811.86,False,False,False,False,True,20241105
300994.SZ,False,True,22,161711468.3,123484123.76000002,False,False,False,False,True,20241105
300995.SZ,False,True,22,-17982613.189999998,-10267570.54,False,False,True,True,True,20241105
300996.SZ,False,True,27,80401862.65,-18166919.159999996,False,False,True,False,True,20241105
300997.SZ,False,True,22,170700764.78,343004386.74,False,False,False,False,True,20241105
300998.SZ,False,True,23,-13559199.610000007,-94582111.88,False,False,True,True,True,20241105
300999.SZ,False,True,26,7953647000.0,8239786000.0,False,False,False,False,True,20241105
301000.SZ,False,True,22,60203888.08,64876955.83000001,False,False,False,False,True,20241105
301001.SZ,False,True,29,100204423.78,99034822.78,False,False,False,False,True,20241105
301002.SZ,False,True,27,53437338.530000016,186352646.49,False,False,False,False,True,20241105
301003.SZ,False,True,22,93808891.74000002,137614637.49,False,False,False,False,True,20241105
301004.SZ,False,True,22,572956157.1699998,414605329.51,False,False,False,False,True,20241105
301005.SZ,False,True,22,-35013681.97,67639163.16,False,False,False,True,True,20241105
301006.SZ,False,True,23,30275911.719999995,45811386.03,False,False,False,False,True,20241105
301007.SZ,False,True,30,90358540.27,103280466.41999997,False,False,False,False,True,20241105
301008.SZ,False,True,22,56254360.229999974,125463797.77,False,False,False,False,True,20241105
301009.SZ,False,True,22,103755764.37,137884678.98,False,False,False,False,True,20241105
301010.SZ,False,True,23,50217587.849999994,-27449987.159999996,False,False,True,False,True,20241105
301011.SZ,False,True,29,239378105.23000002,168186882.08999997,False,False,False,False,True,20241105
301012.SZ,False,True,22,-53194666.879999995,15567239.439999998,False,False,False,True,True,20241105
301013.SZ,False,True,35,77766806.48,-79851403.22,False,False,True,False,True,20241105
301015.SZ,False,True,25,861533842.28,391504553.08000004,False,False,False,False,True,20241105
301016.SZ,False,True,22,21342822.79,134610931.3,False,False,False,False,True,20241105
301017.SZ,False,True,28,247735327.71999997,110097481.09,False,False,False,False,True,20241105
301018.SZ,False,True,25,115651874.53,-1122564.7700000014,False,False,True,False,True,20241105
301019.SZ,False,True,22,97207855.08000001,95948742.24000001,False,False,False,False,True,20241105
301020.SZ,False,True,30,88365418.83000001,32140262.549999997,False,False,False,False,True,20241105
301021.SZ,False,True,24,-36405006.45,29111801.570000008,False,False,False,True,True,20241105
301022.SZ,False,True,22,51785535.14,-44116435.63,False,False,True,False,True,20241105
301023.SZ,False,True,22,33093352.33,27206415.68,False,False,False,False,True,20241105
301024.SZ,False,True,32,-51836451.29000001,-40638626.00999999,False,False,True,True,True,20241105
301025.SZ,False,True,23,104790818.83,802730.7300000004,False,False,False,False,True,20241105
301026.SZ,False,True,25,173266173.87,117333365.02,False,False,False,False,True,20241105
301027.SZ,False,True,22,-23105283.630000003,-33786291.120000005,False,False,True,True,True,20241105
301028.SZ,False,True,26,229935163.32000005,298248726.36,False,False,False,False,True,20241105
301029.SZ,False,True,22,815087333.43,395544987.19000006,False,False,False,False,True,20241105
301030.SZ,False,True,33,-367865889.63,-558952027.33,False,False,True,True,True,20241105
301031.SZ,False,True,29,169824786.45999998,9030850.980000004,False,False,False,False,True,20241105
301032.SZ,False,True,22,-82120395.36000001,-43313761.02000001,False,False,True,True,True,20241105
301033.SZ,False,True,22,99716975.36999999,88585367.11999999,False,False,False,False,True,20241105
301035.SZ,False,True,29,-645215551.03,-991242028.94,False,False,True,True,True,20241105
301036.SZ,False,True,22,176486131.22,35110572.20000001,False,False,False,False,True,20241105
301037.SZ,False,True,22,-109465295.0,374653476.67,False,False,False,True,True,20241105
301038.SZ,False,True,22,61433969.94,158982172.26,False,False,False,False,True,20241105
301039.SZ,False,True,22,2041555916.66,1847887706.1299996,False,False,False,False,True,20241105
301040.SZ,False,True,31,83888660.73,-172125250.44,False,False,True,False,True,20241105
301041.SZ,False,True,40,69334429.54,70436833.41,False,False,False,False,True,20241105
301042.SZ,False,True,32,75429178.93,134767692.47,False,False,False,False,True,20241105
301043.SZ,False,True,22,86930409.63000001,137941426.43,False,False,False,False,True,20241105
301045.SZ,False,True,22,-14649400.98,18325050.959999993,False,False,False,True,True,20241105
301046.SZ,False,True,26,-200958344.74000004,-132690445.69000001,False,False,True,True,True,20241105
301047.SZ,False,True,22,220578657.60000002,256119747.37000003,False,False,False,False,True,20241105
301048.SZ,False,True,22,192856680.64000005,144560330.07999998,False,False,False,False,True,20241105
301049.SZ,False,True,21,24214285.770000003,-36256000.2,False,False,True,False,True,20241105
301050.SZ,False,True,22,278108507.65000004,28072005.02999997,False,False,False,False,True,20241105
301051.SZ,False,True,22,245353939.15,196317010.67999998,False,False,False,False,True,20241105
301052.SZ,False,True,21,5678009.1499999985,124276385.99000001,False,False,False,False,True,20241105
301053.SZ,False,True,21,21394838.910000008,61500957.52,False,False,False,False,True,20241105
301055.SZ,False,True,21,81167576.25,111717058.15,False,False,False,False,True,20241105
301056.SZ,False,True,21,89007749.96000001,228314493.91000003,False,False,False,False,True,20241105
301057.SZ,False,True,33,48823039.96000001,7870551.1000000015,False,False,False,False,True,20241105
301058.SZ,False,True,21,258879572.60999998,180971446.04000002,False,False,False,False,True,20241105
301059.SZ,False,True,21,83654562.86,84275848.75,False,False,False,False,True,20241105
301060.SZ,False,True,28,262816738.43,584992676.2,False,False,False,False,True,20241105
301061.SZ,False,True,21,541383054.52,595076366.9100001,False,False,False,False,True,20241105
301062.SZ,False,True,33,256309751.45000002,265949935.13,False,False,False,False,True,20241105
301063.SZ,False,True,22,57207985.78,41712415.83,False,False,False,False,True,20241105
301065.SZ,False,True,21,316366357.3,34909236.480000004,False,False,False,False,True,20241105
301066.SZ,False,True,21,67528393.27,102711352.99999999,False,False,False,False,True,20241105
301067.SZ,False,True,27,55512664.13999999,47085441.49,False,False,False,False,True,20241105
301068.SZ,False,True,22,34910817.53999999,-19710080.829999994,False,False,True,False,True,20241105
301069.SZ,False,True,29,87112495.83,-69453397.15,False,False,True,False,True,20241105
301070.SZ,False,True,30,-7152817.25,13240964.440000005,False,False,False,True,True,20241105
301071.SZ,False,True,25,462055105.94000006,278712152.56,False,False,False,False,True,20241105
301072.SZ,False,True,21,-16898013.67,104883567.22,False,False,False,True,True,20241105
301073.SZ,False,True,30,274652050.38,195033619.64,False,False,False,False,True,20241105
301075.SZ,False,True,22,-41105240.65,52451935.120000005,False,False,False,True,True,20241105
301076.SZ,False,True,28,119583433.78999999,71357675.11999999,False,False,False,False,True,20241105
301077.SZ,False,True,28,169948205.19,128820723.99,False,False,False,False,True,20241105
301078.SZ,False,True,27,1322176044.56,377718175.38,False,False,False,False,True,20241105
301079.SZ,False,True,32,-13663832.309999999,28313755.64,False,False,False,True,True,20241105
301080.SZ,False,True,21,133691739.07,147675768.66000003,False,False,False,False,True,20241105
301081.SZ,False,True,23,172713382.07,91788339.5,False,False,False,False,True,20241105
301082.SZ,False,True,29,-465982306.48000014,-137420946.26999998,False,False,True,True,True,20241105
301083.SZ,False,True,28,44154086.04,21053935.21,False,False,False,False,True,20241105
301085.SZ,False,True,21,-57811864.81000006,-448595674.78000003,False,False,True,True,True,20241105
301086.SZ,False,True,21,113244781.35999998,74681713.92,False,False,False,False,True,20241105
301087.SZ,False,True,21,459823980.08,418752643.72,False,False,False,False,True,20241105
301088.SZ,False,True,21,41438928.98,68799526.38,False,False,False,False,True,20241105
301089.SZ,False,True,31,83490650.42,256857376.83999997,False,False,False,False,True,20241105
301090.SZ,False,True,22,5642762.650000095,1032336870.1800001,False,False,False,False,True,20241105
301091.SZ,False,True,21,-89443846.82,26175222.890000045,False,False,False,True,True,20241105
301092.SZ,False,True,33,86735115.03,62842184.62,False,False,False,False,True,20241105
301093.SZ,False,True,21,215165970.79000002,160239690.79000002,False,False,False,False,True,20241105
301095.SZ,False,True,17,-30439507.340000004,-54726213.570000015,False,False,True,True,True,20241105
301096.SZ,False,True,29,-126137791.72,135300345.42000002,False,False,False,True,True,20241105
301097.SZ,False,True,19,94644064.92,46526319.32999999,False,False,False,False,True,20241105
301098.SZ,False,True,25,-135196181.09999996,-305394250.51,False,False,True,True,True,20241105
301099.SZ,False,True,21,277963375.08000004,-37728991.49000001,False,False,True,False,True,20241105
301100.SZ,False,True,21,-11026189.929999992,113185064.97999999,False,False,False,True,True,20241105
301101.SZ,False,True,21,203977977.7,200154619.66,False,False,False,False,True,20241105
301102.SZ,False,True,21,473838445.85,430293006.3499999,False,False,False,False,True,20241105
301103.SZ,False,True,20,115955075.29000002,175829935.82,False,False,False,False,True,20241105
301105.SZ,False,True,17,37496264.59,24846451.72,False,False,False,False,True,20241105
301106.SZ,False,True,29,106392369.93,53663759.540000014,False,False,False,False,True,20241105
301107.SZ,False,True,24,79698991.13,86493295.81,False,False,False,False,True,20241105
301108.SZ,False,True,21,78420050.00999998,139278430.84999996,False,False,False,False,True,20241105
301109.SZ,False,True,25,926641714.2199998,992106325.3700001,False,False,False,False,True,20241105
301110.SZ,False,True,20,116785996.03999999,71779754.35999998,False,False,False,False,True,20241105
301111.SZ,False,True,20,-7690161.210000001,39474162.480000004,False,False,False,True,True,20241105
301112.SZ,False,True,19,6930139.16,47686748.96,False,False,False,False,True,20241105
301113.SZ,False,True,30,-9589746.780000001,60757570.759999976,False,False,False,True,True,20241105
301115.SZ,False,True,26,32539521.700000003,-8650773.11,False,False,True,False,True,20241105
301116.SZ,False,True,44,1226767038.54,364502537.35,False,False,False,False,True,20241105
301117.SZ,False,True,29,-114938874.06000002,-51641144.370000005,False,False,True,True,True,20241105
301118.SZ,False,True,33,-39066478.43000001,70226043.99,False,False,False,True,True,20241105
301119.SZ,False,True,21,130881976.94999999,136626535.6,False,False,False,False,True,20241105
301120.SZ,False,True,30,38838933.84,9222399.21,False,False,False,False,True,20241105
301121.SZ,False,True,18,100213322.87999998,68226155.4,False,False,False,False,True,20241105
301122.SZ,False,True,21,79065077.32000001,129585334.36000003,False,False,False,False,True,20241105
301123.SZ,False,True,18,,103447286.35999998,False,False,False,False,False,20241105
301125.SZ,False,True,19,50606012.529999994,25514893.730000004,False,False,False,False,True,20241105
301126.SZ,False,True,30,-43798729.48000002,-487371500.58000004,False,False,True,True,True,20241105
301127.SZ,False,True,30,-351517110.66,77024060.53999999,False,False,False,True,True,20241105
301128.SZ,False,True,21,27764595.63,45377861.02,False,False,False,False,True,20241105
301129.SZ,False,True,21,16812532.74000001,-25348420.810000002,False,False,True,False,True,20241105
301130.SZ,False,True,26,69336266.24,48887780.43000001,False,False,False,False,True,20241105
301131.SZ,False,True,23,-53292373.06999999,5467764.530000001,False,False,False,True,True,20241105
301132.SZ,False,True,17,105174800.99,161613983.29999998,False,False,False,False,True,20241105
301133.SZ,False,True,21,125791883.74,83845552.74000001,False,False,False,False,True,20241105
